{
    "sent": "pick up bowl off floor deposit it in kitchen",
    "filename": "100",
    "arg_mapping": {
        "bowl": [
            "(Bowl_1)"
        ],
        "floor": [
            "(Bowl_1)"
        ]
    },
    "initial_states": [
        [
            "(state Tv_1 Channel3)",
            "(state Tv_1 Volume)",
            "(IsGraspable Tv_1Remote_1)",
            "(IsGraspable Pillow_1)",
            "(IsGraspable Pillow_2)",
            "(IsGraspable Pillow_3)",
            "(state BagOfChips_1 IsOpen)",
            "(state BagOfChips_1 HasChips)",
            "(IsGraspable BagOfChips_1)",
            "(state Bowl_1 HasChips)",
            "(IsGraspable Bowl_1)",
            "(IsGraspable GarbageBag_1)",
            "(IsGraspable GarbageBin_1)",
            "(IsGraspable Book_1)",
            "(IsGraspable Book_2)",
            "(IsGraspable Coke_1)",
            "(IsGraspable Beer_1)",
            "(IsGraspable XboxController_1)",
            "(IsGraspable Xbox_1)",
            "(state Cd_2 CD)",
            "(IsGraspable Cd_2)",
            "(state Cd_1 CD)",
            "(IsGraspable Cd_1)",
            "(IsGraspable Pillow_4)",
            "(On Tv_1Remote_1 Armchair_3)",
            "(On Pillow_1 Shelf_1)",
            "(On Bowl_1 Studytable_1)",
            "(In GarbageBag_1 GarbageBag_1)",
            "(On GarbageBin_1 GarbageBin_1)",
            "(On Book_1 Shelf_2)",
            "(On Xbox_1 Armchair_2)",
            "(On Cd_2 Shelf_2)",
            "(In Cd_1 GarbageBag_1)",
            "(On Pillow_4 Shelf_1)",
            "(Near Robot GarbageBin_1)",
            "(On Coke_1 GarbageBin_1)",
            "(On Beer_1 GarbageBin_1)",
            "(Near Robot Loveseat_1)",
            "(On BagOfChips_1 Loveseat_1)",
            "(On Book_2 Loveseat_1)",
            "(On XboxController_1 Loveseat_1)",
            "(On Pillow_3 Loveseat_1)",
            "(On Pillow_2 Loveseat_1)"
        ],
        [
            "(state Tv_1 Channel3)",
            "(state Tv_1 Volume)",
            "(IsGraspable Tv_1Remote_1)",
            "(IsGraspable Pillow_1)",
            "(IsGraspable Pillow_2)",
            "(IsGraspable Pillow_3)",
            "(state BagOfChips_1 IsOpen)",
            "(state BagOfChips_1 HasChips)",
            "(IsGraspable BagOfChips_1)",
            "(state Bowl_1 HasChips)",
            "(IsGraspable Bowl_1)",
            "(IsGraspable GarbageBag_1)",
            "(IsGraspable GarbageBin_1)",
            "(IsGraspable Book_1)",
            "(IsGraspable Book_2)",
            "(IsGraspable Coke_1)",
            "(IsGraspable Beer_1)",
            "(IsGraspable XboxController_1)",
            "(IsGraspable Xbox_1)",
            "(state Cd_2 CD)",
            "(IsGraspable Cd_2)",
            "(state Cd_1 CD)",
            "(IsGraspable Cd_1)",
            "(IsGraspable Pillow_4)",
            "(On Tv_1Remote_1 Armchair_3)",
            "(On Pillow_1 Shelf_1)",
            "(On Bowl_1 Studytable_1)",
            "(In GarbageBag_1 GarbageBag_1)",
            "(On GarbageBin_1 GarbageBin_1)",
            "(On Book_1 Shelf_2)",
            "(On Xbox_1 Armchair_2)",
            "(On Cd_2 Shelf_2)",
            "(In Cd_1 GarbageBag_1)",
            "(On Pillow_4 Shelf_1)",
            "(Near Robot GarbageBin_1)",
            "(On Coke_1 GarbageBin_1)",
            "(On Beer_1 GarbageBin_1)",
            "(Near Robot Loveseat_1)",
            "(On BagOfChips_1 Loveseat_1)",
            "(On Book_2 Loveseat_1)",
            "(On XboxController_1 Loveseat_1)",
            "(On Pillow_3 Loveseat_1)",
            "(On Pillow_2 Loveseat_1)",
            "(Near Robot Bowl_1)"
        ],
        [
            "(state Tv_1 Channel3)",
            "(state Tv_1 Volume)",
            "(IsGraspable Tv_1Remote_1)",
            "(IsGraspable Pillow_1)",
            "(IsGraspable Pillow_2)",
            "(IsGraspable Pillow_3)",
            "(state BagOfChips_1 IsOpen)",
            "(state BagOfChips_1 HasChips)",
            "(IsGraspable BagOfChips_1)",
            "(state Bowl_1 HasChips)",
            "(IsGraspable Bowl_1)",
            "(IsGraspable GarbageBag_1)",
            "(IsGraspable GarbageBin_1)",
            "(IsGraspable Book_1)",
            "(IsGraspable Book_2)",
            "(IsGraspable Coke_1)",
            "(IsGraspable Beer_1)",
            "(IsGraspable XboxController_1)",
            "(IsGraspable Xbox_1)",
            "(state Cd_2 CD)",
            "(IsGraspable Cd_2)",
            "(state Cd_1 CD)",
            "(IsGraspable Cd_1)",
            "(IsGraspable Pillow_4)",
            "(On Tv_1Remote_1 Armchair_3)",
            "(On Pillow_1 Shelf_1)",
            "(In GarbageBag_1 GarbageBag_1)",
            "(On GarbageBin_1 GarbageBin_1)",
            "(On Book_1 Shelf_2)",
            "(On Xbox_1 Armchair_2)",
            "(On Cd_2 Shelf_2)",
            "(In Cd_1 GarbageBag_1)",
            "(On Pillow_4 Shelf_1)",
            "(Near Robot GarbageBin_1)",
            "(On Coke_1 GarbageBin_1)",
            "(On Beer_1 GarbageBin_1)",
            "(Near Robot Loveseat_1)",
            "(On BagOfChips_1 Loveseat_1)",
            "(On Book_2 Loveseat_1)",
            "(On XboxController_1 Loveseat_1)",
            "(On Pillow_3 Loveseat_1)",
            "(On Pillow_2 Loveseat_1)",
            "(Grasping Robot Bowl_1)"
        ]
    ],
    "action_seq": [
        "moveto Bowl_1",
        "grasp Bowl_1",
        "noop"
    ],
    "delta_g": [
        [
            "(Near Robot Bowl_1)"
        ],
        [
            "(Grasping Robot Bowl_1)"
        ],
        []
    ],
    "delta_g_inv": [
        [],
        [
            "(On Bowl_1 Studytable_1)",
            "(Near Robot Bowl_1)"
        ],
        []
    ]
}