{
    "sent": "also placed beer coca cola dish on shelf",
    "filename": "147",
    "arg_mapping": {
        "bowl": [
            "(Bowl_1)"
        ],
        "coke": [
            "(Coke_1)"
        ],
        "shelf": [
            "(Shelf_1)",
            "(Shelf_2)"
        ],
        "beer": [
            "(Beer_1)"
        ]
    },
    "initial_states": [
        [
            "(state Tv_1 Channel3)",
            "(state Tv_1 Volume)",
            "(IsGraspable Tv_1Remote_1)",
            "(IsGraspable Pillow_1)",
            "(IsGraspable Pillow_2)",
            "(IsGraspable Pillow_3)",
            "(state BagOfChips_1 IsOpen)",
            "(state BagOfChips_1 HasChips)",
            "(IsGraspable BagOfChips_1)",
            "(state Bowl_1 HasChips)",
            "(IsGraspable Bowl_1)",
            "(IsGraspable GarbageBag_1)",
            "(IsGraspable GarbageBin_1)",
            "(IsGraspable Book_1)",
            "(IsGraspable Book_2)",
            "(IsGraspable Coke_1)",
            "(IsGraspable Beer_1)",
            "(IsGraspable XboxController_1)",
            "(IsGraspable Xbox_1)",
            "(state Cd_2 CD)",
            "(IsGraspable Cd_2)",
            "(state Cd_1 CD)",
            "(IsGraspable Cd_1)",
            "(On Tv_1Remote_1 SnackTable_1)",
            "(In Pillow_1 GarbageBag_1)",
            "(In Pillow_2 GarbageBag_1)",
            "(On Pillow_3 Armchair_1)",
            "(On Bowl_1 Loveseat_1)",
            "(In GarbageBag_1 GarbageBag_1)",
            "(On GarbageBin_1 GarbageBin_1)",
            "(In Book_1 GarbageBag_1)",
            "(On Book_2 Shelf_2)",
            "(On Coke_1 CoffeeTable_1)",
            "(On Beer_1 SnackTable_1)",
            "(On XboxController_1 CoffeeTable_1)",
            "(On Xbox_1 CoffeeTable_1)",
            "(On Cd_2 Loveseat_1)",
            "(On Cd_1 Shelf_2)",
            "(Near Robot Shelf_1)",
            "(On BagOfChips_1 Shelf_1)"
        ],
        [
            "(state Tv_1 Channel3)",
            "(state Tv_1 Volume)",
            "(IsGraspable Tv_1Remote_1)",
            "(IsGraspable Pillow_1)",
            "(IsGraspable Pillow_2)",
            "(IsGraspable Pillow_3)",
            "(state BagOfChips_1 IsOpen)",
            "(state BagOfChips_1 HasChips)",
            "(IsGraspable BagOfChips_1)",
            "(state Bowl_1 HasChips)",
            "(IsGraspable Bowl_1)",
            "(IsGraspable GarbageBag_1)",
            "(IsGraspable GarbageBin_1)",
            "(IsGraspable Book_1)",
            "(IsGraspable Book_2)",
            "(IsGraspable Coke_1)",
            "(IsGraspable Beer_1)",
            "(IsGraspable XboxController_1)",
            "(IsGraspable Xbox_1)",
            "(state Cd_2 CD)",
            "(IsGraspable Cd_2)",
            "(state Cd_1 CD)",
            "(IsGraspable Cd_1)",
            "(On Tv_1Remote_1 SnackTable_1)",
            "(In Pillow_1 GarbageBag_1)",
            "(In Pillow_2 GarbageBag_1)",
            "(On Pillow_3 Armchair_1)",
            "(On Bowl_1 Loveseat_1)",
            "(In GarbageBag_1 GarbageBag_1)",
            "(On GarbageBin_1 GarbageBin_1)",
            "(In Book_1 GarbageBag_1)",
            "(On Book_2 Shelf_2)",
            "(On Coke_1 CoffeeTable_1)",
            "(On Beer_1 SnackTable_1)",
            "(On XboxController_1 CoffeeTable_1)",
            "(On Xbox_1 CoffeeTable_1)",
            "(On Cd_2 Loveseat_1)",
            "(On Cd_1 Shelf_2)",
            "(Near Robot Shelf_1)",
            "(On BagOfChips_1 Shelf_1)",
            "(Near Robot Beer_1)"
        ],
        [
            "(state Tv_1 Channel3)",
            "(state Tv_1 Volume)",
            "(IsGraspable Tv_1Remote_1)",
            "(IsGraspable Pillow_1)",
            "(IsGraspable Pillow_2)",
            "(IsGraspable Pillow_3)",
            "(state BagOfChips_1 IsOpen)",
            "(state BagOfChips_1 HasChips)",
            "(IsGraspable BagOfChips_1)",
            "(state Bowl_1 HasChips)",
            "(IsGraspable Bowl_1)",
            "(IsGraspable GarbageBag_1)",
            "(IsGraspable GarbageBin_1)",
            "(IsGraspable Book_1)",
            "(IsGraspable Book_2)",
            "(IsGraspable Coke_1)",
            "(IsGraspable Beer_1)",
            "(IsGraspable XboxController_1)",
            "(IsGraspable Xbox_1)",
            "(state Cd_2 CD)",
            "(IsGraspable Cd_2)",
            "(state Cd_1 CD)",
            "(IsGraspable Cd_1)",
            "(On Tv_1Remote_1 SnackTable_1)",
            "(In Pillow_1 GarbageBag_1)",
            "(In Pillow_2 GarbageBag_1)",
            "(On Pillow_3 Armchair_1)",
            "(On Bowl_1 Loveseat_1)",
            "(In GarbageBag_1 GarbageBag_1)",
            "(On GarbageBin_1 GarbageBin_1)",
            "(In Book_1 GarbageBag_1)",
            "(On Book_2 Shelf_2)",
            "(On Coke_1 CoffeeTable_1)",
            "(On XboxController_1 CoffeeTable_1)",
            "(On Xbox_1 CoffeeTable_1)",
            "(On Cd_2 Loveseat_1)",
            "(On Cd_1 Shelf_2)",
            "(Near Robot Shelf_1)",
            "(On BagOfChips_1 Shelf_1)",
            "(Grasping Robot Beer_1)"
        ],
        [
            "(state Tv_1 Channel3)",
            "(state Tv_1 Volume)",
            "(IsGraspable Tv_1Remote_1)",
            "(IsGraspable Pillow_1)",
            "(IsGraspable Pillow_2)",
            "(IsGraspable Pillow_3)",
            "(state BagOfChips_1 IsOpen)",
            "(state BagOfChips_1 HasChips)",
            "(IsGraspable BagOfChips_1)",
            "(state Bowl_1 HasChips)",
            "(IsGraspable Bowl_1)",
            "(IsGraspable GarbageBag_1)",
            "(IsGraspable GarbageBin_1)",
            "(IsGraspable Book_1)",
            "(IsGraspable Book_2)",
            "(IsGraspable Coke_1)",
            "(IsGraspable Beer_1)",
            "(IsGraspable XboxController_1)",
            "(IsGraspable Xbox_1)",
            "(state Cd_2 CD)",
            "(IsGraspable Cd_2)",
            "(state Cd_1 CD)",
            "(IsGraspable Cd_1)",
            "(On Tv_1Remote_1 SnackTable_1)",
            "(In Pillow_1 GarbageBag_1)",
            "(In Pillow_2 GarbageBag_1)",
            "(On Pillow_3 Armchair_1)",
            "(On Bowl_1 Loveseat_1)",
            "(In GarbageBag_1 GarbageBag_1)",
            "(On GarbageBin_1 GarbageBin_1)",
            "(In Book_1 GarbageBag_1)",
            "(On Book_2 Shelf_2)",
            "(On Coke_1 CoffeeTable_1)",
            "(On XboxController_1 CoffeeTable_1)",
            "(On Xbox_1 CoffeeTable_1)",
            "(On Cd_2 Loveseat_1)",
            "(On Cd_1 Shelf_2)",
            "(Near Robot Shelf_1)",
            "(On BagOfChips_1 Shelf_1)",
            "(Grasping Robot Beer_1)",
            "(Near Robot Coke_1)"
        ],
        [
            "(state Tv_1 Channel3)",
            "(state Tv_1 Volume)",
            "(IsGraspable Tv_1Remote_1)",
            "(IsGraspable Pillow_1)",
            "(IsGraspable Pillow_2)",
            "(IsGraspable Pillow_3)",
            "(state BagOfChips_1 IsOpen)",
            "(state BagOfChips_1 HasChips)",
            "(IsGraspable BagOfChips_1)",
            "(state Bowl_1 HasChips)",
            "(IsGraspable Bowl_1)",
            "(IsGraspable GarbageBag_1)",
            "(IsGraspable GarbageBin_1)",
            "(IsGraspable Book_1)",
            "(IsGraspable Book_2)",
            "(IsGraspable Coke_1)",
            "(IsGraspable Beer_1)",
            "(IsGraspable XboxController_1)",
            "(IsGraspable Xbox_1)",
            "(state Cd_2 CD)",
            "(IsGraspable Cd_2)",
            "(state Cd_1 CD)",
            "(IsGraspable Cd_1)",
            "(On Tv_1Remote_1 SnackTable_1)",
            "(In Pillow_1 GarbageBag_1)",
            "(In Pillow_2 GarbageBag_1)",
            "(On Pillow_3 Armchair_1)",
            "(On Bowl_1 Loveseat_1)",
            "(In GarbageBag_1 GarbageBag_1)",
            "(On GarbageBin_1 GarbageBin_1)",
            "(In Book_1 GarbageBag_1)",
            "(On Book_2 Shelf_2)",
            "(On XboxController_1 CoffeeTable_1)",
            "(On Xbox_1 CoffeeTable_1)",
            "(On Cd_2 Loveseat_1)",
            "(On Cd_1 Shelf_2)",
            "(Near Robot Shelf_1)",
            "(On BagOfChips_1 Shelf_1)",
            "(Grasping Robot Beer_1)",
            "(Grasping Robot Coke_1)"
        ],
        [
            "(state Tv_1 Channel3)",
            "(state Tv_1 Volume)",
            "(IsGraspable Tv_1Remote_1)",
            "(IsGraspable Pillow_1)",
            "(IsGraspable Pillow_2)",
            "(IsGraspable Pillow_3)",
            "(state BagOfChips_1 IsOpen)",
            "(state BagOfChips_1 HasChips)",
            "(IsGraspable BagOfChips_1)",
            "(state Bowl_1 HasChips)",
            "(IsGraspable Bowl_1)",
            "(IsGraspable GarbageBag_1)",
            "(IsGraspable GarbageBin_1)",
            "(IsGraspable Book_1)",
            "(IsGraspable Book_2)",
            "(IsGraspable Coke_1)",
            "(IsGraspable Beer_1)",
            "(IsGraspable XboxController_1)",
            "(IsGraspable Xbox_1)",
            "(state Cd_2 CD)",
            "(IsGraspable Cd_2)",
            "(state Cd_1 CD)",
            "(IsGraspable Cd_1)",
            "(On Tv_1Remote_1 SnackTable_1)",
            "(In Pillow_1 GarbageBag_1)",
            "(In Pillow_2 GarbageBag_1)",
            "(On Pillow_3 Armchair_1)",
            "(On Bowl_1 Loveseat_1)",
            "(In GarbageBag_1 GarbageBag_1)",
            "(On GarbageBin_1 GarbageBin_1)",
            "(In Book_1 GarbageBag_1)",
            "(On Book_2 Shelf_2)",
            "(On XboxController_1 CoffeeTable_1)",
            "(On Xbox_1 CoffeeTable_1)",
            "(On Cd_2 Loveseat_1)",
            "(On Cd_1 Shelf_2)",
            "(Near Robot Shelf_1)",
            "(On BagOfChips_1 Shelf_1)",
            "(Grasping Robot Coke_1)",
            "(On Beer_1 Shelf_1)"
        ],
        [
            "(state Tv_1 Channel3)",
            "(state Tv_1 Volume)",
            "(IsGraspable Tv_1Remote_1)",
            "(IsGraspable Pillow_1)",
            "(IsGraspable Pillow_2)",
            "(IsGraspable Pillow_3)",
            "(state BagOfChips_1 IsOpen)",
            "(state BagOfChips_1 HasChips)",
            "(IsGraspable BagOfChips_1)",
            "(state Bowl_1 HasChips)",
            "(IsGraspable Bowl_1)",
            "(IsGraspable GarbageBag_1)",
            "(IsGraspable GarbageBin_1)",
            "(IsGraspable Book_1)",
            "(IsGraspable Book_2)",
            "(IsGraspable Coke_1)",
            "(IsGraspable Beer_1)",
            "(IsGraspable XboxController_1)",
            "(IsGraspable Xbox_1)",
            "(state Cd_2 CD)",
            "(IsGraspable Cd_2)",
            "(state Cd_1 CD)",
            "(IsGraspable Cd_1)",
            "(On Tv_1Remote_1 SnackTable_1)",
            "(In Pillow_1 GarbageBag_1)",
            "(In Pillow_2 GarbageBag_1)",
            "(On Pillow_3 Armchair_1)",
            "(On Bowl_1 Loveseat_1)",
            "(In GarbageBag_1 GarbageBag_1)",
            "(On GarbageBin_1 GarbageBin_1)",
            "(In Book_1 GarbageBag_1)",
            "(On Book_2 Shelf_2)",
            "(On XboxController_1 CoffeeTable_1)",
            "(On Xbox_1 CoffeeTable_1)",
            "(On Cd_2 Loveseat_1)",
            "(On Cd_1 Shelf_2)",
            "(Near Robot Shelf_1)",
            "(On BagOfChips_1 Shelf_1)",
            "(On Beer_1 Shelf_1)",
            "(On Coke_1 Shelf_1)"
        ]
    ],
    "action_seq": [
        "moveto Beer_1",
        "grasp Beer_1",
        "moveto Coke_1",
        "grasp Coke_1",
        "keep Beer_1 On Shelf_1",
        "keep Coke_1 On Shelf_1",
        "noop"
    ],
    "delta_g": [
        [
            "(Near Robot Beer_1)"
        ],
        [
            "(Grasping Robot Beer_1)"
        ],
        [
            "(Near Robot Coke_1)"
        ],
        [
            "(Grasping Robot Coke_1)"
        ],
        [
            "(On Beer_1 Shelf_1)"
        ],
        [
            "(On Coke_1 Shelf_1)"
        ],
        []
    ],
    "delta_g_inv": [
        [],
        [
            "(On Beer_1 SnackTable_1)",
            "(Near Robot Beer_1)"
        ],
        [],
        [
            "(On Coke_1 CoffeeTable_1)",
            "(Near Robot Coke_1)"
        ],
        [
            "(Grasping Robot Beer_1)"
        ],
        [
            "(Grasping Robot Coke_1)"
        ],
        []
    ]
}