{
    "sent": "remove pillow from shelf set it on sofa",
    "filename": "14",
    "arg_mapping": {
        "pillow": [
            "(Pillow_1)",
            "(Pillow_2)",
            "(Pillow_3)"
        ],
        "shelf": [
            "(Shelf_1)",
            "(Shelf_2)"
        ],
        "sofa": [
            "(Loveseat_1)",
            "(Loveseat_2)"
        ]
    },
    "initial_states": [
        [
            "(state Tv_1 Channel3)",
            "(state Tv_1 Volume)",
            "(IsGraspable Tv_1Remote_1)",
            "(IsGraspable Pillow_1)",
            "(IsGraspable Pillow_2)",
            "(IsGraspable Pillow_3)",
            "(state BagOfChips_1 IsOpen)",
            "(state BagOfChips_1 HasChips)",
            "(IsGraspable BagOfChips_1)",
            "(state Bowl_1 HasChips)",
            "(IsGraspable Bowl_1)",
            "(IsGraspable GarbageBag_1)",
            "(IsGraspable GarbageBin_1)",
            "(IsGraspable Book_1)",
            "(IsGraspable Book_2)",
            "(IsGraspable Coke_1)",
            "(IsGraspable Beer_1)",
            "(IsGraspable XboxController_1)",
            "(IsGraspable Xbox_1)",
            "(state Cd_2 CD)",
            "(IsGraspable Cd_2)",
            "(state Cd_1 CD)",
            "(IsGraspable Cd_1)",
            "(IsGraspable Plate_1)",
            "(On Tv_1Remote_1 Loveseat_1)",
            "(On Pillow_1 Shelf_1)",
            "(On Pillow_2 Shelf_1)",
            "(On Pillow_3 Shelf_1)",
            "(On Bowl_1 Shelf_1)",
            "(In GarbageBag_1 GarbageBag_1)",
            "(On GarbageBin_1 GarbageBin_1)",
            "(On Book_1 Loveseat_1)",
            "(On Book_2 Shelf_2)",
            "(On Coke_1 Loveseat_1)",
            "(On Beer_1 Loveseat_1)",
            "(On XboxController_1 Loveseat_1)",
            "(On Xbox_1 Armchair_1)",
            "(On Cd_2 Armchair_2)",
            "(On Cd_1 Loveseat_2)",
            "(On Plate_1 Loveseat_1)",
            "(Near Robot Tv_1)",
            "(state Tv_1 IsOn)",
            "(Near Robot CoffeeTable_1)",
            "(On BagOfChips_1 CoffeeTable_1)"
        ],
        [
            "(state Tv_1 Channel3)",
            "(state Tv_1 Volume)",
            "(IsGraspable Tv_1Remote_1)",
            "(IsGraspable Pillow_1)",
            "(IsGraspable Pillow_2)",
            "(IsGraspable Pillow_3)",
            "(state BagOfChips_1 IsOpen)",
            "(state BagOfChips_1 HasChips)",
            "(IsGraspable BagOfChips_1)",
            "(state Bowl_1 HasChips)",
            "(IsGraspable Bowl_1)",
            "(IsGraspable GarbageBag_1)",
            "(IsGraspable GarbageBin_1)",
            "(IsGraspable Book_1)",
            "(IsGraspable Book_2)",
            "(IsGraspable Coke_1)",
            "(IsGraspable Beer_1)",
            "(IsGraspable XboxController_1)",
            "(IsGraspable Xbox_1)",
            "(state Cd_2 CD)",
            "(IsGraspable Cd_2)",
            "(state Cd_1 CD)",
            "(IsGraspable Cd_1)",
            "(IsGraspable Plate_1)",
            "(On Tv_1Remote_1 Loveseat_1)",
            "(On Pillow_1 Shelf_1)",
            "(On Pillow_2 Shelf_1)",
            "(On Pillow_3 Shelf_1)",
            "(On Bowl_1 Shelf_1)",
            "(In GarbageBag_1 GarbageBag_1)",
            "(On GarbageBin_1 GarbageBin_1)",
            "(On Book_1 Loveseat_1)",
            "(On Book_2 Shelf_2)",
            "(On Coke_1 Loveseat_1)",
            "(On Beer_1 Loveseat_1)",
            "(On XboxController_1 Loveseat_1)",
            "(On Xbox_1 Armchair_1)",
            "(On Cd_2 Armchair_2)",
            "(On Cd_1 Loveseat_2)",
            "(On Plate_1 Loveseat_1)",
            "(Near Robot Tv_1)",
            "(state Tv_1 IsOn)",
            "(Near Robot CoffeeTable_1)",
            "(On BagOfChips_1 CoffeeTable_1)",
            "(Near Robot Pillow_1)"
        ],
        [
            "(state Tv_1 Channel3)",
            "(state Tv_1 Volume)",
            "(IsGraspable Tv_1Remote_1)",
            "(IsGraspable Pillow_1)",
            "(IsGraspable Pillow_2)",
            "(IsGraspable Pillow_3)",
            "(state BagOfChips_1 IsOpen)",
            "(state BagOfChips_1 HasChips)",
            "(IsGraspable BagOfChips_1)",
            "(state Bowl_1 HasChips)",
            "(IsGraspable Bowl_1)",
            "(IsGraspable GarbageBag_1)",
            "(IsGraspable GarbageBin_1)",
            "(IsGraspable Book_1)",
            "(IsGraspable Book_2)",
            "(IsGraspable Coke_1)",
            "(IsGraspable Beer_1)",
            "(IsGraspable XboxController_1)",
            "(IsGraspable Xbox_1)",
            "(state Cd_2 CD)",
            "(IsGraspable Cd_2)",
            "(state Cd_1 CD)",
            "(IsGraspable Cd_1)",
            "(IsGraspable Plate_1)",
            "(On Tv_1Remote_1 Loveseat_1)",
            "(On Pillow_2 Shelf_1)",
            "(On Pillow_3 Shelf_1)",
            "(On Bowl_1 Shelf_1)",
            "(In GarbageBag_1 GarbageBag_1)",
            "(On GarbageBin_1 GarbageBin_1)",
            "(On Book_1 Loveseat_1)",
            "(On Book_2 Shelf_2)",
            "(On Coke_1 Loveseat_1)",
            "(On Beer_1 Loveseat_1)",
            "(On XboxController_1 Loveseat_1)",
            "(On Xbox_1 Armchair_1)",
            "(On Cd_2 Armchair_2)",
            "(On Cd_1 Loveseat_2)",
            "(On Plate_1 Loveseat_1)",
            "(Near Robot Tv_1)",
            "(state Tv_1 IsOn)",
            "(Near Robot CoffeeTable_1)",
            "(On BagOfChips_1 CoffeeTable_1)",
            "(Grasping Robot Pillow_1)"
        ],
        [
            "(state Tv_1 Channel3)",
            "(state Tv_1 Volume)",
            "(IsGraspable Tv_1Remote_1)",
            "(IsGraspable Pillow_1)",
            "(IsGraspable Pillow_2)",
            "(IsGraspable Pillow_3)",
            "(state BagOfChips_1 IsOpen)",
            "(state BagOfChips_1 HasChips)",
            "(IsGraspable BagOfChips_1)",
            "(state Bowl_1 HasChips)",
            "(IsGraspable Bowl_1)",
            "(IsGraspable GarbageBag_1)",
            "(IsGraspable GarbageBin_1)",
            "(IsGraspable Book_1)",
            "(IsGraspable Book_2)",
            "(IsGraspable Coke_1)",
            "(IsGraspable Beer_1)",
            "(IsGraspable XboxController_1)",
            "(IsGraspable Xbox_1)",
            "(state Cd_2 CD)",
            "(IsGraspable Cd_2)",
            "(state Cd_1 CD)",
            "(IsGraspable Cd_1)",
            "(IsGraspable Plate_1)",
            "(On Tv_1Remote_1 Loveseat_1)",
            "(On Pillow_2 Shelf_1)",
            "(On Pillow_3 Shelf_1)",
            "(On Bowl_1 Shelf_1)",
            "(In GarbageBag_1 GarbageBag_1)",
            "(On GarbageBin_1 GarbageBin_1)",
            "(On Book_1 Loveseat_1)",
            "(On Book_2 Shelf_2)",
            "(On Coke_1 Loveseat_1)",
            "(On Beer_1 Loveseat_1)",
            "(On XboxController_1 Loveseat_1)",
            "(On Xbox_1 Armchair_1)",
            "(On Cd_2 Armchair_2)",
            "(On Cd_1 Loveseat_2)",
            "(On Plate_1 Loveseat_1)",
            "(Near Robot Tv_1)",
            "(state Tv_1 IsOn)",
            "(Near Robot CoffeeTable_1)",
            "(On BagOfChips_1 CoffeeTable_1)",
            "(Grasping Robot Pillow_1)",
            "(Near Robot Loveseat_1)"
        ],
        [
            "(state Tv_1 Channel3)",
            "(state Tv_1 Volume)",
            "(IsGraspable Tv_1Remote_1)",
            "(IsGraspable Pillow_1)",
            "(IsGraspable Pillow_2)",
            "(IsGraspable Pillow_3)",
            "(state BagOfChips_1 IsOpen)",
            "(state BagOfChips_1 HasChips)",
            "(IsGraspable BagOfChips_1)",
            "(state Bowl_1 HasChips)",
            "(IsGraspable Bowl_1)",
            "(IsGraspable GarbageBag_1)",
            "(IsGraspable GarbageBin_1)",
            "(IsGraspable Book_1)",
            "(IsGraspable Book_2)",
            "(IsGraspable Coke_1)",
            "(IsGraspable Beer_1)",
            "(IsGraspable XboxController_1)",
            "(IsGraspable Xbox_1)",
            "(state Cd_2 CD)",
            "(IsGraspable Cd_2)",
            "(state Cd_1 CD)",
            "(IsGraspable Cd_1)",
            "(IsGraspable Plate_1)",
            "(On Tv_1Remote_1 Loveseat_1)",
            "(On Pillow_2 Shelf_1)",
            "(On Pillow_3 Shelf_1)",
            "(On Bowl_1 Shelf_1)",
            "(In GarbageBag_1 GarbageBag_1)",
            "(On GarbageBin_1 GarbageBin_1)",
            "(On Book_1 Loveseat_1)",
            "(On Book_2 Shelf_2)",
            "(On Coke_1 Loveseat_1)",
            "(On Beer_1 Loveseat_1)",
            "(On XboxController_1 Loveseat_1)",
            "(On Xbox_1 Armchair_1)",
            "(On Cd_2 Armchair_2)",
            "(On Cd_1 Loveseat_2)",
            "(On Plate_1 Loveseat_1)",
            "(Near Robot Tv_1)",
            "(state Tv_1 IsOn)",
            "(Near Robot CoffeeTable_1)",
            "(On BagOfChips_1 CoffeeTable_1)",
            "(Near Robot Loveseat_1)",
            "(On Pillow_1 Loveseat_1)"
        ]
    ],
    "action_seq": [
        "moveto Pillow_1",
        "grasp Pillow_1",
        "moveto Loveseat_1",
        "keep Pillow_1 On Loveseat_1",
        "noop"
    ],
    "delta_g": [
        [
            "(Near Robot Pillow_1)"
        ],
        [
            "(Grasping Robot Pillow_1)"
        ],
        [
            "(Near Robot Loveseat_1)"
        ],
        [
            "(On Pillow_1 Loveseat_1)"
        ],
        []
    ],
    "delta_g_inv": [
        [],
        [
            "(On Pillow_1 Shelf_1)",
            "(Near Robot Pillow_1)"
        ],
        [],
        [
            "(Grasping Robot Pillow_1)"
        ],
        []
    ]
}