{
    "sent": "take pot place it on rear right of stove",
    "filename": "188",
    "arg_mapping": {
        "rightstove": [
            "(Stove)",
            "(fridgerightdoor)",
            "(stoveknob_1)",
            "(stoveknob_2)",
            "(stoveknob_3)",
            "(stoveknob_4)",
            "(StoveFire_1)",
            "(StoveFire_2)",
            "(StoveFire_3)",
            "(StoveFire_4)"
        ],
        "pot": [
            "(Kettle)"
        ]
    },
    "initial_states": [
        [
            "(state Mug_1 Coffee)",
            "(IsGraspable Mug_1)",
            "(IsGraspable Spoon_1)",
            "(state IceCream_1 ScoopsLeft)",
            "(IsGraspable IceCream_1)",
            "(IsGraspable Kettle)",
            "(IsGraspable Ramen_1)",
            "(state Syrup_1 Vanilla)",
            "(IsGraspable Syrup_1)",
            "(IsSqueezeable Syrup_1)",
            "(IsGraspable Glass_1)",
            "(IsGraspable LongCup_1)",
            "(IsGraspable LongCup_2)",
            "(IsGraspable Fork_1)",
            "(IsGraspable EnergyDrink_1)",
            "(IsGraspable Coke_1)",
            "(IsGraspable CanadaDry_1)",
            "(IsGraspable Plate_1)",
            "(IsGraspable Plate_2)",
            "(state Syrup_2 Chocolate)",
            "(IsGraspable Syrup_2)",
            "(IsSqueezeable Syrup_2)",
            "(IsGraspable InstantRamen_1)",
            "(IsGraspable BoiledEgg_1)",
            "(IsGraspable Salt_1)",
            "(In IceCream_1 Fridge)",
            "(In Syrup_1 Fridge)",
            "(On Glass_1 StoveFire_2)",
            "(On LongCup_2 StoveFire_4)",
            "(In EnergyDrink_1 Fridge)",
            "(In Coke_1 Fridge)",
            "(On Plate_2 StoveFire_4)",
            "(In BoiledEgg_1 Fridge)",
            "(Grasping Robot InstantRamen_1)"
        ],
        [
            "(state Mug_1 Coffee)",
            "(IsGraspable Mug_1)",
            "(IsGraspable Spoon_1)",
            "(state IceCream_1 ScoopsLeft)",
            "(IsGraspable IceCream_1)",
            "(IsGraspable Kettle)",
            "(IsGraspable Ramen_1)",
            "(state Syrup_1 Vanilla)",
            "(IsGraspable Syrup_1)",
            "(IsSqueezeable Syrup_1)",
            "(IsGraspable Glass_1)",
            "(IsGraspable LongCup_1)",
            "(IsGraspable LongCup_2)",
            "(IsGraspable Fork_1)",
            "(IsGraspable EnergyDrink_1)",
            "(IsGraspable Coke_1)",
            "(IsGraspable CanadaDry_1)",
            "(IsGraspable Plate_1)",
            "(IsGraspable Plate_2)",
            "(state Syrup_2 Chocolate)",
            "(IsGraspable Syrup_2)",
            "(IsSqueezeable Syrup_2)",
            "(IsGraspable InstantRamen_1)",
            "(IsGraspable BoiledEgg_1)",
            "(IsGraspable Salt_1)",
            "(In IceCream_1 Fridge)",
            "(In Syrup_1 Fridge)",
            "(On Glass_1 StoveFire_2)",
            "(On LongCup_2 StoveFire_4)",
            "(In EnergyDrink_1 Fridge)",
            "(In Coke_1 Fridge)",
            "(On Plate_2 StoveFire_4)",
            "(In BoiledEgg_1 Fridge)",
            "(Grasping Robot InstantRamen_1)",
            "(Near Robot Kettle)"
        ],
        [
            "(state Mug_1 Coffee)",
            "(IsGraspable Mug_1)",
            "(IsGraspable Spoon_1)",
            "(state IceCream_1 ScoopsLeft)",
            "(IsGraspable IceCream_1)",
            "(IsGraspable Kettle)",
            "(IsGraspable Ramen_1)",
            "(state Syrup_1 Vanilla)",
            "(IsGraspable Syrup_1)",
            "(IsSqueezeable Syrup_1)",
            "(IsGraspable Glass_1)",
            "(IsGraspable LongCup_1)",
            "(IsGraspable LongCup_2)",
            "(IsGraspable Fork_1)",
            "(IsGraspable EnergyDrink_1)",
            "(IsGraspable Coke_1)",
            "(IsGraspable CanadaDry_1)",
            "(IsGraspable Plate_1)",
            "(IsGraspable Plate_2)",
            "(state Syrup_2 Chocolate)",
            "(IsGraspable Syrup_2)",
            "(IsSqueezeable Syrup_2)",
            "(IsGraspable InstantRamen_1)",
            "(IsGraspable BoiledEgg_1)",
            "(IsGraspable Salt_1)",
            "(In IceCream_1 Fridge)",
            "(In Syrup_1 Fridge)",
            "(On Glass_1 StoveFire_2)",
            "(On LongCup_2 StoveFire_4)",
            "(In EnergyDrink_1 Fridge)",
            "(In Coke_1 Fridge)",
            "(On Plate_2 StoveFire_4)",
            "(In BoiledEgg_1 Fridge)",
            "(Grasping Robot InstantRamen_1)",
            "(Grasping Robot Kettle)"
        ],
        [
            "(state Mug_1 Coffee)",
            "(IsGraspable Mug_1)",
            "(IsGraspable Spoon_1)",
            "(state IceCream_1 ScoopsLeft)",
            "(IsGraspable IceCream_1)",
            "(IsGraspable Kettle)",
            "(IsGraspable Ramen_1)",
            "(state Syrup_1 Vanilla)",
            "(IsGraspable Syrup_1)",
            "(IsSqueezeable Syrup_1)",
            "(IsGraspable Glass_1)",
            "(IsGraspable LongCup_1)",
            "(IsGraspable LongCup_2)",
            "(IsGraspable Fork_1)",
            "(IsGraspable EnergyDrink_1)",
            "(IsGraspable Coke_1)",
            "(IsGraspable CanadaDry_1)",
            "(IsGraspable Plate_1)",
            "(IsGraspable Plate_2)",
            "(state Syrup_2 Chocolate)",
            "(IsGraspable Syrup_2)",
            "(IsSqueezeable Syrup_2)",
            "(IsGraspable InstantRamen_1)",
            "(IsGraspable BoiledEgg_1)",
            "(IsGraspable Salt_1)",
            "(In IceCream_1 Fridge)",
            "(In Syrup_1 Fridge)",
            "(On Glass_1 StoveFire_2)",
            "(On LongCup_2 StoveFire_4)",
            "(In EnergyDrink_1 Fridge)",
            "(In Coke_1 Fridge)",
            "(On Plate_2 StoveFire_4)",
            "(In BoiledEgg_1 Fridge)",
            "(Grasping Robot InstantRamen_1)",
            "(Grasping Robot Kettle)",
            "(Near Robot StoveFire_2)"
        ],
        [
            "(state Mug_1 Coffee)",
            "(IsGraspable Mug_1)",
            "(IsGraspable Spoon_1)",
            "(state IceCream_1 ScoopsLeft)",
            "(IsGraspable IceCream_1)",
            "(IsGraspable Kettle)",
            "(IsGraspable Ramen_1)",
            "(state Syrup_1 Vanilla)",
            "(IsGraspable Syrup_1)",
            "(IsSqueezeable Syrup_1)",
            "(IsGraspable Glass_1)",
            "(IsGraspable LongCup_1)",
            "(IsGraspable LongCup_2)",
            "(IsGraspable Fork_1)",
            "(IsGraspable EnergyDrink_1)",
            "(IsGraspable Coke_1)",
            "(IsGraspable CanadaDry_1)",
            "(IsGraspable Plate_1)",
            "(IsGraspable Plate_2)",
            "(state Syrup_2 Chocolate)",
            "(IsGraspable Syrup_2)",
            "(IsSqueezeable Syrup_2)",
            "(IsGraspable InstantRamen_1)",
            "(IsGraspable BoiledEgg_1)",
            "(IsGraspable Salt_1)",
            "(In IceCream_1 Fridge)",
            "(In Syrup_1 Fridge)",
            "(On Glass_1 StoveFire_2)",
            "(On LongCup_2 StoveFire_4)",
            "(In EnergyDrink_1 Fridge)",
            "(In Coke_1 Fridge)",
            "(On Plate_2 StoveFire_4)",
            "(In BoiledEgg_1 Fridge)",
            "(Grasping Robot InstantRamen_1)",
            "(Near Robot StoveFire_2)",
            "(On Kettle StoveFire_2)"
        ]
    ],
    "action_seq": [
        "moveto Kettle",
        "grasp Kettle",
        "moveto StoveFire_2",
        "keep Kettle On StoveFire_2",
        "noop"
    ],
    "delta_g": [
        [
            "(Near Robot Kettle)"
        ],
        [
            "(Grasping Robot Kettle)"
        ],
        [
            "(Near Robot StoveFire_2)"
        ],
        [
            "(On Kettle StoveFire_2)"
        ],
        []
    ],
    "delta_g_inv": [
        [],
        [
            "(Near Robot Kettle)"
        ],
        [],
        [
            "(Grasping Robot Kettle)"
        ],
        []
    ]
}