{
    "sent": "gather all of plates cups mugs pots cutlery",
    "filename": "283",
    "arg_mapping": {
        "cups": [
            "(LongCup_1)",
            "(LongCup_2)"
        ],
        "plates": [
            "(Plate_1)",
            "(Plate_2)"
        ],
        "mugs": [
            "(Mug_1)"
        ],
        "pot": [
            "(Kettle)"
        ]
    },
    "initial_states": [
        [
            "(state Mug_1 Coffee)",
            "(IsGraspable Mug_1)",
            "(IsGraspable Spoon_1)",
            "(state IceCream_1 ScoopsLeft)",
            "(IsGraspable IceCream_1)",
            "(IsGraspable Kettle)",
            "(IsGraspable Ramen_1)",
            "(state Syrup_1 Vanilla)",
            "(IsGraspable Syrup_1)",
            "(IsSqueezeable Syrup_1)",
            "(IsGraspable Glass_1)",
            "(IsGraspable LongCup_1)",
            "(IsGraspable LongCup_2)",
            "(IsGraspable Fork_1)",
            "(IsGraspable EnergyDrink_1)",
            "(IsGraspable Coke_1)",
            "(IsGraspable CanadaDry_1)",
            "(IsGraspable Plate_1)",
            "(IsGraspable Plate_2)",
            "(state Syrup_2 Chocolate)",
            "(IsGraspable Syrup_2)",
            "(IsSqueezeable Syrup_2)",
            "(IsGraspable InstantRamen_1)",
            "(IsGraspable BoiledEgg_1)",
            "(IsGraspable Salt_1)",
            "(On Mug_1 StoveFire_2)",
            "(In Spoon_1 Fridge)",
            "(In IceCream_1 Fridge)",
            "(On LongCup_1 StoveFire_3)",
            "(In LongCup_2 Fridge)",
            "(In EnergyDrink_1 Fridge)",
            "(In Coke_1 Fridge)",
            "(In CanadaDry_1 Fridge)",
            "(On Plate_2 StoveFire_4)",
            "(On Salt_1 StoveFire_3)"
        ],
        [
            "(state Mug_1 Coffee)",
            "(IsGraspable Mug_1)",
            "(IsGraspable Spoon_1)",
            "(state IceCream_1 ScoopsLeft)",
            "(IsGraspable IceCream_1)",
            "(IsGraspable Kettle)",
            "(IsGraspable Ramen_1)",
            "(state Syrup_1 Vanilla)",
            "(IsGraspable Syrup_1)",
            "(IsSqueezeable Syrup_1)",
            "(IsGraspable Glass_1)",
            "(IsGraspable LongCup_1)",
            "(IsGraspable LongCup_2)",
            "(IsGraspable Fork_1)",
            "(IsGraspable EnergyDrink_1)",
            "(IsGraspable Coke_1)",
            "(IsGraspable CanadaDry_1)",
            "(IsGraspable Plate_1)",
            "(IsGraspable Plate_2)",
            "(state Syrup_2 Chocolate)",
            "(IsGraspable Syrup_2)",
            "(IsSqueezeable Syrup_2)",
            "(IsGraspable InstantRamen_1)",
            "(IsGraspable BoiledEgg_1)",
            "(IsGraspable Salt_1)",
            "(On Mug_1 StoveFire_2)",
            "(In Spoon_1 Fridge)",
            "(In IceCream_1 Fridge)",
            "(On LongCup_1 StoveFire_3)",
            "(In LongCup_2 Fridge)",
            "(In EnergyDrink_1 Fridge)",
            "(In Coke_1 Fridge)",
            "(In CanadaDry_1 Fridge)",
            "(On Plate_2 StoveFire_4)",
            "(On Salt_1 StoveFire_3)",
            "(Near Robot Plate_2)"
        ],
        [
            "(state Mug_1 Coffee)",
            "(IsGraspable Mug_1)",
            "(IsGraspable Spoon_1)",
            "(state IceCream_1 ScoopsLeft)",
            "(IsGraspable IceCream_1)",
            "(IsGraspable Kettle)",
            "(IsGraspable Ramen_1)",
            "(state Syrup_1 Vanilla)",
            "(IsGraspable Syrup_1)",
            "(IsSqueezeable Syrup_1)",
            "(IsGraspable Glass_1)",
            "(IsGraspable LongCup_1)",
            "(IsGraspable LongCup_2)",
            "(IsGraspable Fork_1)",
            "(IsGraspable EnergyDrink_1)",
            "(IsGraspable Coke_1)",
            "(IsGraspable CanadaDry_1)",
            "(IsGraspable Plate_1)",
            "(IsGraspable Plate_2)",
            "(state Syrup_2 Chocolate)",
            "(IsGraspable Syrup_2)",
            "(IsSqueezeable Syrup_2)",
            "(IsGraspable InstantRamen_1)",
            "(IsGraspable BoiledEgg_1)",
            "(IsGraspable Salt_1)",
            "(On Mug_1 StoveFire_2)",
            "(In Spoon_1 Fridge)",
            "(In IceCream_1 Fridge)",
            "(On LongCup_1 StoveFire_3)",
            "(In LongCup_2 Fridge)",
            "(In EnergyDrink_1 Fridge)",
            "(In Coke_1 Fridge)",
            "(In CanadaDry_1 Fridge)",
            "(On Salt_1 StoveFire_3)",
            "(Grasping Robot Plate_2)"
        ],
        [
            "(state Mug_1 Coffee)",
            "(IsGraspable Mug_1)",
            "(IsGraspable Spoon_1)",
            "(state IceCream_1 ScoopsLeft)",
            "(IsGraspable IceCream_1)",
            "(IsGraspable Kettle)",
            "(IsGraspable Ramen_1)",
            "(state Syrup_1 Vanilla)",
            "(IsGraspable Syrup_1)",
            "(IsSqueezeable Syrup_1)",
            "(IsGraspable Glass_1)",
            "(IsGraspable LongCup_1)",
            "(IsGraspable LongCup_2)",
            "(IsGraspable Fork_1)",
            "(IsGraspable EnergyDrink_1)",
            "(IsGraspable Coke_1)",
            "(IsGraspable CanadaDry_1)",
            "(IsGraspable Plate_1)",
            "(IsGraspable Plate_2)",
            "(state Syrup_2 Chocolate)",
            "(IsGraspable Syrup_2)",
            "(IsSqueezeable Syrup_2)",
            "(IsGraspable InstantRamen_1)",
            "(IsGraspable BoiledEgg_1)",
            "(IsGraspable Salt_1)",
            "(On Mug_1 StoveFire_2)",
            "(In Spoon_1 Fridge)",
            "(In IceCream_1 Fridge)",
            "(On LongCup_1 StoveFire_3)",
            "(In LongCup_2 Fridge)",
            "(In EnergyDrink_1 Fridge)",
            "(In Coke_1 Fridge)",
            "(In CanadaDry_1 Fridge)",
            "(On Salt_1 StoveFire_3)",
            "(Grasping Robot Plate_2)",
            "(Near Robot LongCup_1)"
        ],
        [
            "(state Mug_1 Coffee)",
            "(IsGraspable Mug_1)",
            "(IsGraspable Spoon_1)",
            "(state IceCream_1 ScoopsLeft)",
            "(IsGraspable IceCream_1)",
            "(IsGraspable Kettle)",
            "(IsGraspable Ramen_1)",
            "(state Syrup_1 Vanilla)",
            "(IsGraspable Syrup_1)",
            "(IsSqueezeable Syrup_1)",
            "(IsGraspable Glass_1)",
            "(IsGraspable LongCup_1)",
            "(IsGraspable LongCup_2)",
            "(IsGraspable Fork_1)",
            "(IsGraspable EnergyDrink_1)",
            "(IsGraspable Coke_1)",
            "(IsGraspable CanadaDry_1)",
            "(IsGraspable Plate_1)",
            "(IsGraspable Plate_2)",
            "(state Syrup_2 Chocolate)",
            "(IsGraspable Syrup_2)",
            "(IsSqueezeable Syrup_2)",
            "(IsGraspable InstantRamen_1)",
            "(IsGraspable BoiledEgg_1)",
            "(IsGraspable Salt_1)",
            "(On Mug_1 StoveFire_2)",
            "(In Spoon_1 Fridge)",
            "(In IceCream_1 Fridge)",
            "(In LongCup_2 Fridge)",
            "(In EnergyDrink_1 Fridge)",
            "(In Coke_1 Fridge)",
            "(In CanadaDry_1 Fridge)",
            "(On Salt_1 StoveFire_3)",
            "(Grasping Robot Plate_2)",
            "(Grasping Robot LongCup_1)"
        ],
        [
            "(state Mug_1 Coffee)",
            "(IsGraspable Mug_1)",
            "(IsGraspable Spoon_1)",
            "(state IceCream_1 ScoopsLeft)",
            "(IsGraspable IceCream_1)",
            "(IsGraspable Kettle)",
            "(IsGraspable Ramen_1)",
            "(state Syrup_1 Vanilla)",
            "(IsGraspable Syrup_1)",
            "(IsSqueezeable Syrup_1)",
            "(IsGraspable Glass_1)",
            "(IsGraspable LongCup_1)",
            "(IsGraspable LongCup_2)",
            "(IsGraspable Fork_1)",
            "(IsGraspable EnergyDrink_1)",
            "(IsGraspable Coke_1)",
            "(IsGraspable CanadaDry_1)",
            "(IsGraspable Plate_1)",
            "(IsGraspable Plate_2)",
            "(state Syrup_2 Chocolate)",
            "(IsGraspable Syrup_2)",
            "(IsSqueezeable Syrup_2)",
            "(IsGraspable InstantRamen_1)",
            "(IsGraspable BoiledEgg_1)",
            "(IsGraspable Salt_1)",
            "(On Mug_1 StoveFire_2)",
            "(In Spoon_1 Fridge)",
            "(In IceCream_1 Fridge)",
            "(In LongCup_2 Fridge)",
            "(In EnergyDrink_1 Fridge)",
            "(In Coke_1 Fridge)",
            "(In CanadaDry_1 Fridge)",
            "(On Salt_1 StoveFire_3)",
            "(Grasping Robot Plate_2)",
            "(Grasping Robot LongCup_1)",
            "(Near Robot Sink)"
        ],
        [
            "(state Mug_1 Coffee)",
            "(IsGraspable Mug_1)",
            "(IsGraspable Spoon_1)",
            "(state IceCream_1 ScoopsLeft)",
            "(IsGraspable IceCream_1)",
            "(IsGraspable Kettle)",
            "(IsGraspable Ramen_1)",
            "(state Syrup_1 Vanilla)",
            "(IsGraspable Syrup_1)",
            "(IsSqueezeable Syrup_1)",
            "(IsGraspable Glass_1)",
            "(IsGraspable LongCup_1)",
            "(IsGraspable LongCup_2)",
            "(IsGraspable Fork_1)",
            "(IsGraspable EnergyDrink_1)",
            "(IsGraspable Coke_1)",
            "(IsGraspable CanadaDry_1)",
            "(IsGraspable Plate_1)",
            "(IsGraspable Plate_2)",
            "(state Syrup_2 Chocolate)",
            "(IsGraspable Syrup_2)",
            "(IsSqueezeable Syrup_2)",
            "(IsGraspable InstantRamen_1)",
            "(IsGraspable BoiledEgg_1)",
            "(IsGraspable Salt_1)",
            "(On Mug_1 StoveFire_2)",
            "(In Spoon_1 Fridge)",
            "(In IceCream_1 Fridge)",
            "(In LongCup_2 Fridge)",
            "(In EnergyDrink_1 Fridge)",
            "(In Coke_1 Fridge)",
            "(In CanadaDry_1 Fridge)",
            "(On Salt_1 StoveFire_3)",
            "(Grasping Robot Plate_2)",
            "(Near Robot Sink)",
            "(On LongCup_1 Sink)"
        ],
        [
            "(state Mug_1 Coffee)",
            "(IsGraspable Mug_1)",
            "(IsGraspable Spoon_1)",
            "(state IceCream_1 ScoopsLeft)",
            "(IsGraspable IceCream_1)",
            "(IsGraspable Kettle)",
            "(IsGraspable Ramen_1)",
            "(state Syrup_1 Vanilla)",
            "(IsGraspable Syrup_1)",
            "(IsSqueezeable Syrup_1)",
            "(IsGraspable Glass_1)",
            "(IsGraspable LongCup_1)",
            "(IsGraspable LongCup_2)",
            "(IsGraspable Fork_1)",
            "(IsGraspable EnergyDrink_1)",
            "(IsGraspable Coke_1)",
            "(IsGraspable CanadaDry_1)",
            "(IsGraspable Plate_1)",
            "(IsGraspable Plate_2)",
            "(state Syrup_2 Chocolate)",
            "(IsGraspable Syrup_2)",
            "(IsSqueezeable Syrup_2)",
            "(IsGraspable InstantRamen_1)",
            "(IsGraspable BoiledEgg_1)",
            "(IsGraspable Salt_1)",
            "(On Mug_1 StoveFire_2)",
            "(In Spoon_1 Fridge)",
            "(In IceCream_1 Fridge)",
            "(In LongCup_2 Fridge)",
            "(In EnergyDrink_1 Fridge)",
            "(In Coke_1 Fridge)",
            "(In CanadaDry_1 Fridge)",
            "(On Salt_1 StoveFire_3)",
            "(Near Robot Sink)",
            "(On LongCup_1 Sink)",
            "(On Plate_2 Sink)"
        ],
        [
            "(state Mug_1 Coffee)",
            "(IsGraspable Mug_1)",
            "(IsGraspable Spoon_1)",
            "(state IceCream_1 ScoopsLeft)",
            "(IsGraspable IceCream_1)",
            "(IsGraspable Kettle)",
            "(IsGraspable Ramen_1)",
            "(state Syrup_1 Vanilla)",
            "(IsGraspable Syrup_1)",
            "(IsSqueezeable Syrup_1)",
            "(IsGraspable Glass_1)",
            "(IsGraspable LongCup_1)",
            "(IsGraspable LongCup_2)",
            "(IsGraspable Fork_1)",
            "(IsGraspable EnergyDrink_1)",
            "(IsGraspable Coke_1)",
            "(IsGraspable CanadaDry_1)",
            "(IsGraspable Plate_1)",
            "(IsGraspable Plate_2)",
            "(state Syrup_2 Chocolate)",
            "(IsGraspable Syrup_2)",
            "(IsSqueezeable Syrup_2)",
            "(IsGraspable InstantRamen_1)",
            "(IsGraspable BoiledEgg_1)",
            "(IsGraspable Salt_1)",
            "(On Mug_1 StoveFire_2)",
            "(In Spoon_1 Fridge)",
            "(In IceCream_1 Fridge)",
            "(In LongCup_2 Fridge)",
            "(In EnergyDrink_1 Fridge)",
            "(In Coke_1 Fridge)",
            "(In CanadaDry_1 Fridge)",
            "(On Salt_1 StoveFire_3)",
            "(Near Robot Sink)",
            "(On LongCup_1 Sink)",
            "(On Plate_2 Sink)",
            "(Near Robot Syrup_1)"
        ],
        [
            "(state Mug_1 Coffee)",
            "(IsGraspable Mug_1)",
            "(IsGraspable Spoon_1)",
            "(state IceCream_1 ScoopsLeft)",
            "(IsGraspable IceCream_1)",
            "(IsGraspable Kettle)",
            "(IsGraspable Ramen_1)",
            "(state Syrup_1 Vanilla)",
            "(IsGraspable Syrup_1)",
            "(IsSqueezeable Syrup_1)",
            "(IsGraspable Glass_1)",
            "(IsGraspable LongCup_1)",
            "(IsGraspable LongCup_2)",
            "(IsGraspable Fork_1)",
            "(IsGraspable EnergyDrink_1)",
            "(IsGraspable Coke_1)",
            "(IsGraspable CanadaDry_1)",
            "(IsGraspable Plate_1)",
            "(IsGraspable Plate_2)",
            "(state Syrup_2 Chocolate)",
            "(IsGraspable Syrup_2)",
            "(IsSqueezeable Syrup_2)",
            "(IsGraspable InstantRamen_1)",
            "(IsGraspable BoiledEgg_1)",
            "(IsGraspable Salt_1)",
            "(On Mug_1 StoveFire_2)",
            "(In Spoon_1 Fridge)",
            "(In IceCream_1 Fridge)",
            "(In LongCup_2 Fridge)",
            "(In EnergyDrink_1 Fridge)",
            "(In Coke_1 Fridge)",
            "(In CanadaDry_1 Fridge)",
            "(On Salt_1 StoveFire_3)",
            "(Near Robot Sink)",
            "(On LongCup_1 Sink)",
            "(On Plate_2 Sink)",
            "(Grasping Robot Syrup_1)"
        ],
        [
            "(state Mug_1 Coffee)",
            "(IsGraspable Mug_1)",
            "(IsGraspable Spoon_1)",
            "(state IceCream_1 ScoopsLeft)",
            "(IsGraspable IceCream_1)",
            "(IsGraspable Kettle)",
            "(IsGraspable Ramen_1)",
            "(state Syrup_1 Vanilla)",
            "(IsGraspable Syrup_1)",
            "(IsSqueezeable Syrup_1)",
            "(IsGraspable Glass_1)",
            "(IsGraspable LongCup_1)",
            "(IsGraspable LongCup_2)",
            "(IsGraspable Fork_1)",
            "(IsGraspable EnergyDrink_1)",
            "(IsGraspable Coke_1)",
            "(IsGraspable CanadaDry_1)",
            "(IsGraspable Plate_1)",
            "(IsGraspable Plate_2)",
            "(state Syrup_2 Chocolate)",
            "(IsGraspable Syrup_2)",
            "(IsSqueezeable Syrup_2)",
            "(IsGraspable InstantRamen_1)",
            "(IsGraspable BoiledEgg_1)",
            "(IsGraspable Salt_1)",
            "(On Mug_1 StoveFire_2)",
            "(In Spoon_1 Fridge)",
            "(In IceCream_1 Fridge)",
            "(In LongCup_2 Fridge)",
            "(In EnergyDrink_1 Fridge)",
            "(In Coke_1 Fridge)",
            "(In CanadaDry_1 Fridge)",
            "(On Salt_1 StoveFire_3)",
            "(Near Robot Sink)",
            "(On LongCup_1 Sink)",
            "(On Plate_2 Sink)",
            "(Grasping Robot Syrup_1)",
            "(Near Robot LongCup_2)"
        ],
        [
            "(state Mug_1 Coffee)",
            "(IsGraspable Mug_1)",
            "(IsGraspable Spoon_1)",
            "(state IceCream_1 ScoopsLeft)",
            "(IsGraspable IceCream_1)",
            "(IsGraspable Kettle)",
            "(IsGraspable Ramen_1)",
            "(state Syrup_1 Vanilla)",
            "(IsGraspable Syrup_1)",
            "(IsSqueezeable Syrup_1)",
            "(IsGraspable Glass_1)",
            "(IsGraspable LongCup_1)",
            "(IsGraspable LongCup_2)",
            "(IsGraspable Fork_1)",
            "(IsGraspable EnergyDrink_1)",
            "(IsGraspable Coke_1)",
            "(IsGraspable CanadaDry_1)",
            "(IsGraspable Plate_1)",
            "(IsGraspable Plate_2)",
            "(state Syrup_2 Chocolate)",
            "(IsGraspable Syrup_2)",
            "(IsSqueezeable Syrup_2)",
            "(IsGraspable InstantRamen_1)",
            "(IsGraspable BoiledEgg_1)",
            "(IsGraspable Salt_1)",
            "(On Mug_1 StoveFire_2)",
            "(In Spoon_1 Fridge)",
            "(In IceCream_1 Fridge)",
            "(In EnergyDrink_1 Fridge)",
            "(In Coke_1 Fridge)",
            "(In CanadaDry_1 Fridge)",
            "(On Salt_1 StoveFire_3)",
            "(Near Robot Sink)",
            "(On LongCup_1 Sink)",
            "(On Plate_2 Sink)",
            "(Grasping Robot Syrup_1)",
            "(Grasping Robot LongCup_2)"
        ],
        [
            "(state Mug_1 Coffee)",
            "(IsGraspable Mug_1)",
            "(IsGraspable Spoon_1)",
            "(state IceCream_1 ScoopsLeft)",
            "(IsGraspable IceCream_1)",
            "(IsGraspable Kettle)",
            "(IsGraspable Ramen_1)",
            "(state Syrup_1 Vanilla)",
            "(IsGraspable Syrup_1)",
            "(IsSqueezeable Syrup_1)",
            "(IsGraspable Glass_1)",
            "(IsGraspable LongCup_1)",
            "(IsGraspable LongCup_2)",
            "(IsGraspable Fork_1)",
            "(IsGraspable EnergyDrink_1)",
            "(IsGraspable Coke_1)",
            "(IsGraspable CanadaDry_1)",
            "(IsGraspable Plate_1)",
            "(IsGraspable Plate_2)",
            "(state Syrup_2 Chocolate)",
            "(IsGraspable Syrup_2)",
            "(IsSqueezeable Syrup_2)",
            "(IsGraspable InstantRamen_1)",
            "(IsGraspable BoiledEgg_1)",
            "(IsGraspable Salt_1)",
            "(On Mug_1 StoveFire_2)",
            "(In Spoon_1 Fridge)",
            "(In IceCream_1 Fridge)",
            "(In EnergyDrink_1 Fridge)",
            "(In Coke_1 Fridge)",
            "(In CanadaDry_1 Fridge)",
            "(On Salt_1 StoveFire_3)",
            "(Near Robot Sink)",
            "(On LongCup_1 Sink)",
            "(On Plate_2 Sink)",
            "(Grasping Robot Syrup_1)",
            "(On LongCup_2 Sink)"
        ],
        [
            "(state Mug_1 Coffee)",
            "(IsGraspable Mug_1)",
            "(IsGraspable Spoon_1)",
            "(state IceCream_1 ScoopsLeft)",
            "(IsGraspable IceCream_1)",
            "(IsGraspable Kettle)",
            "(IsGraspable Ramen_1)",
            "(state Syrup_1 Vanilla)",
            "(IsGraspable Syrup_1)",
            "(IsSqueezeable Syrup_1)",
            "(IsGraspable Glass_1)",
            "(IsGraspable LongCup_1)",
            "(IsGraspable LongCup_2)",
            "(IsGraspable Fork_1)",
            "(IsGraspable EnergyDrink_1)",
            "(IsGraspable Coke_1)",
            "(IsGraspable CanadaDry_1)",
            "(IsGraspable Plate_1)",
            "(IsGraspable Plate_2)",
            "(state Syrup_2 Chocolate)",
            "(IsGraspable Syrup_2)",
            "(IsSqueezeable Syrup_2)",
            "(IsGraspable InstantRamen_1)",
            "(IsGraspable BoiledEgg_1)",
            "(IsGraspable Salt_1)",
            "(On Mug_1 StoveFire_2)",
            "(In Spoon_1 Fridge)",
            "(In IceCream_1 Fridge)",
            "(In EnergyDrink_1 Fridge)",
            "(In Coke_1 Fridge)",
            "(In CanadaDry_1 Fridge)",
            "(On Salt_1 StoveFire_3)",
            "(Near Robot Sink)",
            "(On LongCup_1 Sink)",
            "(On Plate_2 Sink)",
            "(On LongCup_2 Sink)",
            "(On Syrup_1 Sink)"
        ],
        [
            "(state Mug_1 Coffee)",
            "(IsGraspable Mug_1)",
            "(IsGraspable Spoon_1)",
            "(state IceCream_1 ScoopsLeft)",
            "(IsGraspable IceCream_1)",
            "(IsGraspable Kettle)",
            "(IsGraspable Ramen_1)",
            "(state Syrup_1 Vanilla)",
            "(IsGraspable Syrup_1)",
            "(IsSqueezeable Syrup_1)",
            "(IsGraspable Glass_1)",
            "(IsGraspable LongCup_1)",
            "(IsGraspable LongCup_2)",
            "(IsGraspable Fork_1)",
            "(IsGraspable EnergyDrink_1)",
            "(IsGraspable Coke_1)",
            "(IsGraspable CanadaDry_1)",
            "(IsGraspable Plate_1)",
            "(IsGraspable Plate_2)",
            "(state Syrup_2 Chocolate)",
            "(IsGraspable Syrup_2)",
            "(IsSqueezeable Syrup_2)",
            "(IsGraspable InstantRamen_1)",
            "(IsGraspable BoiledEgg_1)",
            "(IsGraspable Salt_1)",
            "(On Mug_1 StoveFire_2)",
            "(In Spoon_1 Fridge)",
            "(In IceCream_1 Fridge)",
            "(In EnergyDrink_1 Fridge)",
            "(In Coke_1 Fridge)",
            "(In CanadaDry_1 Fridge)",
            "(On Salt_1 StoveFire_3)",
            "(Near Robot Sink)",
            "(On LongCup_1 Sink)",
            "(On Plate_2 Sink)",
            "(On LongCup_2 Sink)",
            "(On Syrup_1 Sink)",
            "(Near Robot Spoon_1)"
        ],
        [
            "(state Mug_1 Coffee)",
            "(IsGraspable Mug_1)",
            "(IsGraspable Spoon_1)",
            "(state IceCream_1 ScoopsLeft)",
            "(IsGraspable IceCream_1)",
            "(IsGraspable Kettle)",
            "(IsGraspable Ramen_1)",
            "(state Syrup_1 Vanilla)",
            "(IsGraspable Syrup_1)",
            "(IsSqueezeable Syrup_1)",
            "(IsGraspable Glass_1)",
            "(IsGraspable LongCup_1)",
            "(IsGraspable LongCup_2)",
            "(IsGraspable Fork_1)",
            "(IsGraspable EnergyDrink_1)",
            "(IsGraspable Coke_1)",
            "(IsGraspable CanadaDry_1)",
            "(IsGraspable Plate_1)",
            "(IsGraspable Plate_2)",
            "(state Syrup_2 Chocolate)",
            "(IsGraspable Syrup_2)",
            "(IsSqueezeable Syrup_2)",
            "(IsGraspable InstantRamen_1)",
            "(IsGraspable BoiledEgg_1)",
            "(IsGraspable Salt_1)",
            "(On Mug_1 StoveFire_2)",
            "(In IceCream_1 Fridge)",
            "(In EnergyDrink_1 Fridge)",
            "(In Coke_1 Fridge)",
            "(In CanadaDry_1 Fridge)",
            "(On Salt_1 StoveFire_3)",
            "(Near Robot Sink)",
            "(On LongCup_1 Sink)",
            "(On Plate_2 Sink)",
            "(On LongCup_2 Sink)",
            "(On Syrup_1 Sink)",
            "(Grasping Robot Spoon_1)"
        ],
        [
            "(state Mug_1 Coffee)",
            "(IsGraspable Mug_1)",
            "(IsGraspable Spoon_1)",
            "(state IceCream_1 ScoopsLeft)",
            "(IsGraspable IceCream_1)",
            "(IsGraspable Kettle)",
            "(IsGraspable Ramen_1)",
            "(state Syrup_1 Vanilla)",
            "(IsGraspable Syrup_1)",
            "(IsSqueezeable Syrup_1)",
            "(IsGraspable Glass_1)",
            "(IsGraspable LongCup_1)",
            "(IsGraspable LongCup_2)",
            "(IsGraspable Fork_1)",
            "(IsGraspable EnergyDrink_1)",
            "(IsGraspable Coke_1)",
            "(IsGraspable CanadaDry_1)",
            "(IsGraspable Plate_1)",
            "(IsGraspable Plate_2)",
            "(state Syrup_2 Chocolate)",
            "(IsGraspable Syrup_2)",
            "(IsSqueezeable Syrup_2)",
            "(IsGraspable InstantRamen_1)",
            "(IsGraspable BoiledEgg_1)",
            "(IsGraspable Salt_1)",
            "(On Mug_1 StoveFire_2)",
            "(In IceCream_1 Fridge)",
            "(In EnergyDrink_1 Fridge)",
            "(In Coke_1 Fridge)",
            "(In CanadaDry_1 Fridge)",
            "(On Salt_1 StoveFire_3)",
            "(Near Robot Sink)",
            "(On LongCup_1 Sink)",
            "(On Plate_2 Sink)",
            "(On LongCup_2 Sink)",
            "(On Syrup_1 Sink)",
            "(Grasping Robot Spoon_1)",
            "(Near Robot Glass_1)"
        ],
        [
            "(state Mug_1 Coffee)",
            "(IsGraspable Mug_1)",
            "(IsGraspable Spoon_1)",
            "(state IceCream_1 ScoopsLeft)",
            "(IsGraspable IceCream_1)",
            "(IsGraspable Kettle)",
            "(IsGraspable Ramen_1)",
            "(state Syrup_1 Vanilla)",
            "(IsGraspable Syrup_1)",
            "(IsSqueezeable Syrup_1)",
            "(IsGraspable Glass_1)",
            "(IsGraspable LongCup_1)",
            "(IsGraspable LongCup_2)",
            "(IsGraspable Fork_1)",
            "(IsGraspable EnergyDrink_1)",
            "(IsGraspable Coke_1)",
            "(IsGraspable CanadaDry_1)",
            "(IsGraspable Plate_1)",
            "(IsGraspable Plate_2)",
            "(state Syrup_2 Chocolate)",
            "(IsGraspable Syrup_2)",
            "(IsSqueezeable Syrup_2)",
            "(IsGraspable InstantRamen_1)",
            "(IsGraspable BoiledEgg_1)",
            "(IsGraspable Salt_1)",
            "(On Mug_1 StoveFire_2)",
            "(In IceCream_1 Fridge)",
            "(In EnergyDrink_1 Fridge)",
            "(In Coke_1 Fridge)",
            "(In CanadaDry_1 Fridge)",
            "(On Salt_1 StoveFire_3)",
            "(Near Robot Sink)",
            "(On LongCup_1 Sink)",
            "(On Plate_2 Sink)",
            "(On LongCup_2 Sink)",
            "(On Syrup_1 Sink)",
            "(Grasping Robot Spoon_1)",
            "(Grasping Robot Glass_1)"
        ],
        [
            "(state Mug_1 Coffee)",
            "(IsGraspable Mug_1)",
            "(IsGraspable Spoon_1)",
            "(state IceCream_1 ScoopsLeft)",
            "(IsGraspable IceCream_1)",
            "(IsGraspable Kettle)",
            "(IsGraspable Ramen_1)",
            "(state Syrup_1 Vanilla)",
            "(IsGraspable Syrup_1)",
            "(IsSqueezeable Syrup_1)",
            "(IsGraspable Glass_1)",
            "(IsGraspable LongCup_1)",
            "(IsGraspable LongCup_2)",
            "(IsGraspable Fork_1)",
            "(IsGraspable EnergyDrink_1)",
            "(IsGraspable Coke_1)",
            "(IsGraspable CanadaDry_1)",
            "(IsGraspable Plate_1)",
            "(IsGraspable Plate_2)",
            "(state Syrup_2 Chocolate)",
            "(IsGraspable Syrup_2)",
            "(IsSqueezeable Syrup_2)",
            "(IsGraspable InstantRamen_1)",
            "(IsGraspable BoiledEgg_1)",
            "(IsGraspable Salt_1)",
            "(On Mug_1 StoveFire_2)",
            "(In IceCream_1 Fridge)",
            "(In EnergyDrink_1 Fridge)",
            "(In Coke_1 Fridge)",
            "(In CanadaDry_1 Fridge)",
            "(On Salt_1 StoveFire_3)",
            "(Near Robot Sink)",
            "(On LongCup_1 Sink)",
            "(On Plate_2 Sink)",
            "(On LongCup_2 Sink)",
            "(On Syrup_1 Sink)",
            "(Grasping Robot Spoon_1)",
            "(On Glass_1 Sink)"
        ],
        [
            "(state Mug_1 Coffee)",
            "(IsGraspable Mug_1)",
            "(IsGraspable Spoon_1)",
            "(state IceCream_1 ScoopsLeft)",
            "(IsGraspable IceCream_1)",
            "(IsGraspable Kettle)",
            "(IsGraspable Ramen_1)",
            "(state Syrup_1 Vanilla)",
            "(IsGraspable Syrup_1)",
            "(IsSqueezeable Syrup_1)",
            "(IsGraspable Glass_1)",
            "(IsGraspable LongCup_1)",
            "(IsGraspable LongCup_2)",
            "(IsGraspable Fork_1)",
            "(IsGraspable EnergyDrink_1)",
            "(IsGraspable Coke_1)",
            "(IsGraspable CanadaDry_1)",
            "(IsGraspable Plate_1)",
            "(IsGraspable Plate_2)",
            "(state Syrup_2 Chocolate)",
            "(IsGraspable Syrup_2)",
            "(IsSqueezeable Syrup_2)",
            "(IsGraspable InstantRamen_1)",
            "(IsGraspable BoiledEgg_1)",
            "(IsGraspable Salt_1)",
            "(On Mug_1 StoveFire_2)",
            "(In IceCream_1 Fridge)",
            "(In EnergyDrink_1 Fridge)",
            "(In Coke_1 Fridge)",
            "(In CanadaDry_1 Fridge)",
            "(On Salt_1 StoveFire_3)",
            "(Near Robot Sink)",
            "(On LongCup_1 Sink)",
            "(On Plate_2 Sink)",
            "(On LongCup_2 Sink)",
            "(On Syrup_1 Sink)",
            "(On Glass_1 Sink)",
            "(On Spoon_1 Sink)"
        ],
        [
            "(state Mug_1 Coffee)",
            "(IsGraspable Mug_1)",
            "(IsGraspable Spoon_1)",
            "(state IceCream_1 ScoopsLeft)",
            "(IsGraspable IceCream_1)",
            "(IsGraspable Kettle)",
            "(IsGraspable Ramen_1)",
            "(state Syrup_1 Vanilla)",
            "(IsGraspable Syrup_1)",
            "(IsSqueezeable Syrup_1)",
            "(IsGraspable Glass_1)",
            "(IsGraspable LongCup_1)",
            "(IsGraspable LongCup_2)",
            "(IsGraspable Fork_1)",
            "(IsGraspable EnergyDrink_1)",
            "(IsGraspable Coke_1)",
            "(IsGraspable CanadaDry_1)",
            "(IsGraspable Plate_1)",
            "(IsGraspable Plate_2)",
            "(state Syrup_2 Chocolate)",
            "(IsGraspable Syrup_2)",
            "(IsSqueezeable Syrup_2)",
            "(IsGraspable InstantRamen_1)",
            "(IsGraspable BoiledEgg_1)",
            "(IsGraspable Salt_1)",
            "(On Mug_1 StoveFire_2)",
            "(In IceCream_1 Fridge)",
            "(In EnergyDrink_1 Fridge)",
            "(In Coke_1 Fridge)",
            "(In CanadaDry_1 Fridge)",
            "(On Salt_1 StoveFire_3)",
            "(Near Robot Sink)",
            "(On LongCup_1 Sink)",
            "(On Plate_2 Sink)",
            "(On LongCup_2 Sink)",
            "(On Syrup_1 Sink)",
            "(On Glass_1 Sink)",
            "(On Spoon_1 Sink)",
            "(Near Robot Syrup_1)"
        ],
        [
            "(state Mug_1 Coffee)",
            "(IsGraspable Mug_1)",
            "(IsGraspable Spoon_1)",
            "(state IceCream_1 ScoopsLeft)",
            "(IsGraspable IceCream_1)",
            "(IsGraspable Kettle)",
            "(IsGraspable Ramen_1)",
            "(state Syrup_1 Vanilla)",
            "(IsGraspable Syrup_1)",
            "(IsSqueezeable Syrup_1)",
            "(IsGraspable Glass_1)",
            "(IsGraspable LongCup_1)",
            "(IsGraspable LongCup_2)",
            "(IsGraspable Fork_1)",
            "(IsGraspable EnergyDrink_1)",
            "(IsGraspable Coke_1)",
            "(IsGraspable CanadaDry_1)",
            "(IsGraspable Plate_1)",
            "(IsGraspable Plate_2)",
            "(state Syrup_2 Chocolate)",
            "(IsGraspable Syrup_2)",
            "(IsSqueezeable Syrup_2)",
            "(IsGraspable InstantRamen_1)",
            "(IsGraspable BoiledEgg_1)",
            "(IsGraspable Salt_1)",
            "(On Mug_1 StoveFire_2)",
            "(In IceCream_1 Fridge)",
            "(In EnergyDrink_1 Fridge)",
            "(In Coke_1 Fridge)",
            "(In CanadaDry_1 Fridge)",
            "(On Salt_1 StoveFire_3)",
            "(Near Robot Sink)",
            "(On LongCup_1 Sink)",
            "(On Plate_2 Sink)",
            "(On LongCup_2 Sink)",
            "(On Glass_1 Sink)",
            "(On Spoon_1 Sink)",
            "(Grasping Robot Syrup_1)"
        ],
        [
            "(state Mug_1 Coffee)",
            "(IsGraspable Mug_1)",
            "(IsGraspable Spoon_1)",
            "(state IceCream_1 ScoopsLeft)",
            "(IsGraspable IceCream_1)",
            "(IsGraspable Kettle)",
            "(IsGraspable Ramen_1)",
            "(state Syrup_1 Vanilla)",
            "(IsGraspable Syrup_1)",
            "(IsSqueezeable Syrup_1)",
            "(IsGraspable Glass_1)",
            "(IsGraspable LongCup_1)",
            "(IsGraspable LongCup_2)",
            "(IsGraspable Fork_1)",
            "(IsGraspable EnergyDrink_1)",
            "(IsGraspable Coke_1)",
            "(IsGraspable CanadaDry_1)",
            "(IsGraspable Plate_1)",
            "(IsGraspable Plate_2)",
            "(state Syrup_2 Chocolate)",
            "(IsGraspable Syrup_2)",
            "(IsSqueezeable Syrup_2)",
            "(IsGraspable InstantRamen_1)",
            "(IsGraspable BoiledEgg_1)",
            "(IsGraspable Salt_1)",
            "(On Mug_1 StoveFire_2)",
            "(In IceCream_1 Fridge)",
            "(In EnergyDrink_1 Fridge)",
            "(In Coke_1 Fridge)",
            "(In CanadaDry_1 Fridge)",
            "(On Salt_1 StoveFire_3)",
            "(Near Robot Sink)",
            "(On LongCup_1 Sink)",
            "(On Plate_2 Sink)",
            "(On LongCup_2 Sink)",
            "(On Glass_1 Sink)",
            "(On Spoon_1 Sink)"
        ],
        [
            "(state Mug_1 Coffee)",
            "(IsGraspable Mug_1)",
            "(IsGraspable Spoon_1)",
            "(state IceCream_1 ScoopsLeft)",
            "(IsGraspable IceCream_1)",
            "(IsGraspable Kettle)",
            "(IsGraspable Ramen_1)",
            "(state Syrup_1 Vanilla)",
            "(IsGraspable Syrup_1)",
            "(IsSqueezeable Syrup_1)",
            "(IsGraspable Glass_1)",
            "(IsGraspable LongCup_1)",
            "(IsGraspable LongCup_2)",
            "(IsGraspable Fork_1)",
            "(IsGraspable EnergyDrink_1)",
            "(IsGraspable Coke_1)",
            "(IsGraspable CanadaDry_1)",
            "(IsGraspable Plate_1)",
            "(IsGraspable Plate_2)",
            "(state Syrup_2 Chocolate)",
            "(IsGraspable Syrup_2)",
            "(IsSqueezeable Syrup_2)",
            "(IsGraspable InstantRamen_1)",
            "(IsGraspable BoiledEgg_1)",
            "(IsGraspable Salt_1)",
            "(On Mug_1 StoveFire_2)",
            "(In IceCream_1 Fridge)",
            "(In EnergyDrink_1 Fridge)",
            "(In Coke_1 Fridge)",
            "(In CanadaDry_1 Fridge)",
            "(On Salt_1 StoveFire_3)",
            "(Near Robot Sink)",
            "(On LongCup_1 Sink)",
            "(On Plate_2 Sink)",
            "(On LongCup_2 Sink)",
            "(On Glass_1 Sink)",
            "(On Spoon_1 Sink)",
            "(Near Robot Kettle)"
        ],
        [
            "(state Mug_1 Coffee)",
            "(IsGraspable Mug_1)",
            "(IsGraspable Spoon_1)",
            "(state IceCream_1 ScoopsLeft)",
            "(IsGraspable IceCream_1)",
            "(IsGraspable Kettle)",
            "(IsGraspable Ramen_1)",
            "(state Syrup_1 Vanilla)",
            "(IsGraspable Syrup_1)",
            "(IsSqueezeable Syrup_1)",
            "(IsGraspable Glass_1)",
            "(IsGraspable LongCup_1)",
            "(IsGraspable LongCup_2)",
            "(IsGraspable Fork_1)",
            "(IsGraspable EnergyDrink_1)",
            "(IsGraspable Coke_1)",
            "(IsGraspable CanadaDry_1)",
            "(IsGraspable Plate_1)",
            "(IsGraspable Plate_2)",
            "(state Syrup_2 Chocolate)",
            "(IsGraspable Syrup_2)",
            "(IsSqueezeable Syrup_2)",
            "(IsGraspable InstantRamen_1)",
            "(IsGraspable BoiledEgg_1)",
            "(IsGraspable Salt_1)",
            "(On Mug_1 StoveFire_2)",
            "(In IceCream_1 Fridge)",
            "(In EnergyDrink_1 Fridge)",
            "(In Coke_1 Fridge)",
            "(In CanadaDry_1 Fridge)",
            "(On Salt_1 StoveFire_3)",
            "(Near Robot Sink)",
            "(On LongCup_1 Sink)",
            "(On Plate_2 Sink)",
            "(On LongCup_2 Sink)",
            "(On Glass_1 Sink)",
            "(On Spoon_1 Sink)",
            "(Grasping Robot Kettle)"
        ],
        [
            "(state Mug_1 Coffee)",
            "(IsGraspable Mug_1)",
            "(IsGraspable Spoon_1)",
            "(state IceCream_1 ScoopsLeft)",
            "(IsGraspable IceCream_1)",
            "(IsGraspable Kettle)",
            "(IsGraspable Ramen_1)",
            "(state Syrup_1 Vanilla)",
            "(IsGraspable Syrup_1)",
            "(IsSqueezeable Syrup_1)",
            "(IsGraspable Glass_1)",
            "(IsGraspable LongCup_1)",
            "(IsGraspable LongCup_2)",
            "(IsGraspable Fork_1)",
            "(IsGraspable EnergyDrink_1)",
            "(IsGraspable Coke_1)",
            "(IsGraspable CanadaDry_1)",
            "(IsGraspable Plate_1)",
            "(IsGraspable Plate_2)",
            "(state Syrup_2 Chocolate)",
            "(IsGraspable Syrup_2)",
            "(IsSqueezeable Syrup_2)",
            "(IsGraspable InstantRamen_1)",
            "(IsGraspable BoiledEgg_1)",
            "(IsGraspable Salt_1)",
            "(On Mug_1 StoveFire_2)",
            "(In IceCream_1 Fridge)",
            "(In EnergyDrink_1 Fridge)",
            "(In Coke_1 Fridge)",
            "(In CanadaDry_1 Fridge)",
            "(On Salt_1 StoveFire_3)",
            "(Near Robot Sink)",
            "(On LongCup_1 Sink)",
            "(On Plate_2 Sink)",
            "(On LongCup_2 Sink)",
            "(On Glass_1 Sink)",
            "(On Spoon_1 Sink)",
            "(Grasping Robot Kettle)",
            "(Near Robot Fork_1)"
        ],
        [
            "(state Mug_1 Coffee)",
            "(IsGraspable Mug_1)",
            "(IsGraspable Spoon_1)",
            "(state IceCream_1 ScoopsLeft)",
            "(IsGraspable IceCream_1)",
            "(IsGraspable Kettle)",
            "(IsGraspable Ramen_1)",
            "(state Syrup_1 Vanilla)",
            "(IsGraspable Syrup_1)",
            "(IsSqueezeable Syrup_1)",
            "(IsGraspable Glass_1)",
            "(IsGraspable LongCup_1)",
            "(IsGraspable LongCup_2)",
            "(IsGraspable Fork_1)",
            "(IsGraspable EnergyDrink_1)",
            "(IsGraspable Coke_1)",
            "(IsGraspable CanadaDry_1)",
            "(IsGraspable Plate_1)",
            "(IsGraspable Plate_2)",
            "(state Syrup_2 Chocolate)",
            "(IsGraspable Syrup_2)",
            "(IsSqueezeable Syrup_2)",
            "(IsGraspable InstantRamen_1)",
            "(IsGraspable BoiledEgg_1)",
            "(IsGraspable Salt_1)",
            "(On Mug_1 StoveFire_2)",
            "(In IceCream_1 Fridge)",
            "(In EnergyDrink_1 Fridge)",
            "(In Coke_1 Fridge)",
            "(In CanadaDry_1 Fridge)",
            "(On Salt_1 StoveFire_3)",
            "(Near Robot Sink)",
            "(On LongCup_1 Sink)",
            "(On Plate_2 Sink)",
            "(On LongCup_2 Sink)",
            "(On Glass_1 Sink)",
            "(On Spoon_1 Sink)",
            "(Grasping Robot Kettle)",
            "(Grasping Robot Fork_1)"
        ],
        [
            "(state Mug_1 Coffee)",
            "(IsGraspable Mug_1)",
            "(IsGraspable Spoon_1)",
            "(state IceCream_1 ScoopsLeft)",
            "(IsGraspable IceCream_1)",
            "(IsGraspable Kettle)",
            "(IsGraspable Ramen_1)",
            "(state Syrup_1 Vanilla)",
            "(IsGraspable Syrup_1)",
            "(IsSqueezeable Syrup_1)",
            "(IsGraspable Glass_1)",
            "(IsGraspable LongCup_1)",
            "(IsGraspable LongCup_2)",
            "(IsGraspable Fork_1)",
            "(IsGraspable EnergyDrink_1)",
            "(IsGraspable Coke_1)",
            "(IsGraspable CanadaDry_1)",
            "(IsGraspable Plate_1)",
            "(IsGraspable Plate_2)",
            "(state Syrup_2 Chocolate)",
            "(IsGraspable Syrup_2)",
            "(IsSqueezeable Syrup_2)",
            "(IsGraspable InstantRamen_1)",
            "(IsGraspable BoiledEgg_1)",
            "(IsGraspable Salt_1)",
            "(On Mug_1 StoveFire_2)",
            "(In IceCream_1 Fridge)",
            "(In EnergyDrink_1 Fridge)",
            "(In Coke_1 Fridge)",
            "(In CanadaDry_1 Fridge)",
            "(On Salt_1 StoveFire_3)",
            "(Near Robot Sink)",
            "(On LongCup_1 Sink)",
            "(On Plate_2 Sink)",
            "(On LongCup_2 Sink)",
            "(On Glass_1 Sink)",
            "(On Spoon_1 Sink)",
            "(Grasping Robot Kettle)",
            "(On Fork_1 Sink)"
        ],
        [
            "(state Mug_1 Coffee)",
            "(IsGraspable Mug_1)",
            "(IsGraspable Spoon_1)",
            "(state IceCream_1 ScoopsLeft)",
            "(IsGraspable IceCream_1)",
            "(IsGraspable Kettle)",
            "(IsGraspable Ramen_1)",
            "(state Syrup_1 Vanilla)",
            "(IsGraspable Syrup_1)",
            "(IsSqueezeable Syrup_1)",
            "(IsGraspable Glass_1)",
            "(IsGraspable LongCup_1)",
            "(IsGraspable LongCup_2)",
            "(IsGraspable Fork_1)",
            "(IsGraspable EnergyDrink_1)",
            "(IsGraspable Coke_1)",
            "(IsGraspable CanadaDry_1)",
            "(IsGraspable Plate_1)",
            "(IsGraspable Plate_2)",
            "(state Syrup_2 Chocolate)",
            "(IsGraspable Syrup_2)",
            "(IsSqueezeable Syrup_2)",
            "(IsGraspable InstantRamen_1)",
            "(IsGraspable BoiledEgg_1)",
            "(IsGraspable Salt_1)",
            "(On Mug_1 StoveFire_2)",
            "(In IceCream_1 Fridge)",
            "(In EnergyDrink_1 Fridge)",
            "(In Coke_1 Fridge)",
            "(In CanadaDry_1 Fridge)",
            "(On Salt_1 StoveFire_3)",
            "(Near Robot Sink)",
            "(On LongCup_1 Sink)",
            "(On Plate_2 Sink)",
            "(On LongCup_2 Sink)",
            "(On Glass_1 Sink)",
            "(On Spoon_1 Sink)",
            "(On Fork_1 Sink)",
            "(On Kettle Sink)"
        ]
    ],
    "action_seq": [
        "moveto Plate_2",
        "grasp Plate_2",
        "moveto LongCup_1",
        "grasp LongCup_1",
        "moveto Sink",
        "keep LOngCup_1 On Sink",
        "keep Plate_2 On Sink",
        "moveto Syrup_1",
        "grasp Syrup_1",
        "moveto LongCup_2",
        "grasp LongCup_2",
        "keep LOngCup_2 On Sink",
        "keep Syrup_1 On Sink",
        "moveto Spoon_1",
        "grasp Spoon_1",
        "moveto Glass_1",
        "grasp Glass_1",
        "keep Glass_1 On Sink",
        "keep SpoOn_1 On Sink",
        "moveto Syrup_1",
        "grasp Syrup_1",
        "release Syrup_1",
        "moveto Kettle",
        "grasp Kettle",
        "moveto Fork_1",
        "grasp Fork_1",
        "keep Fork_1 On Sink",
        "keep Kettle On Sink",
        "noop"
    ],
    "delta_g": [
        [
            "(Near Robot Plate_2)"
        ],
        [
            "(Grasping Robot Plate_2)"
        ],
        [
            "(Near Robot LongCup_1)"
        ],
        [
            "(Grasping Robot LongCup_1)"
        ],
        [
            "(Near Robot Sink)"
        ],
        [
            "(On LongCup_1 Sink)"
        ],
        [
            "(On Plate_2 Sink)"
        ],
        [
            "(Near Robot Syrup_1)"
        ],
        [
            "(Grasping Robot Syrup_1)"
        ],
        [
            "(Near Robot LongCup_2)"
        ],
        [
            "(Grasping Robot LongCup_2)"
        ],
        [
            "(On LongCup_2 Sink)"
        ],
        [
            "(On Syrup_1 Sink)"
        ],
        [
            "(Near Robot Spoon_1)"
        ],
        [
            "(Grasping Robot Spoon_1)"
        ],
        [
            "(Near Robot Glass_1)"
        ],
        [
            "(Grasping Robot Glass_1)"
        ],
        [
            "(On Glass_1 Sink)"
        ],
        [
            "(On Spoon_1 Sink)"
        ],
        [
            "(Near Robot Syrup_1)"
        ],
        [
            "(Grasping Robot Syrup_1)"
        ],
        [],
        [
            "(Near Robot Kettle)"
        ],
        [
            "(Grasping Robot Kettle)"
        ],
        [
            "(Near Robot Fork_1)"
        ],
        [
            "(Grasping Robot Fork_1)"
        ],
        [
            "(On Fork_1 Sink)"
        ],
        [
            "(On Kettle Sink)"
        ],
        []
    ],
    "delta_g_inv": [
        [],
        [
            "(On Plate_2 StoveFire_4)",
            "(Near Robot Plate_2)"
        ],
        [],
        [
            "(On LongCup_1 StoveFire_3)",
            "(Near Robot LongCup_1)"
        ],
        [],
        [
            "(Grasping Robot LongCup_1)"
        ],
        [
            "(Grasping Robot Plate_2)"
        ],
        [],
        [
            "(Near Robot Syrup_1)"
        ],
        [],
        [
            "(In LongCup_2 Fridge)",
            "(Near Robot LongCup_2)"
        ],
        [
            "(Grasping Robot LongCup_2)"
        ],
        [
            "(Grasping Robot Syrup_1)"
        ],
        [],
        [
            "(In Spoon_1 Fridge)",
            "(Near Robot Spoon_1)"
        ],
        [],
        [
            "(Near Robot Glass_1)"
        ],
        [
            "(Grasping Robot Glass_1)"
        ],
        [
            "(Grasping Robot Spoon_1)"
        ],
        [],
        [
            "(On Syrup_1 Sink)",
            "(Near Robot Syrup_1)"
        ],
        [
            "(Grasping Robot Syrup_1)"
        ],
        [],
        [
            "(Near Robot Kettle)"
        ],
        [],
        [
            "(Near Robot Fork_1)"
        ],
        [
            "(Grasping Robot Fork_1)"
        ],
        [
            "(Grasping Robot Kettle)"
        ],
        []
    ]
}