{
    "sent": "after that put syrup on counter",
    "filename": "297",
    "arg_mapping": {
        "counter": [
            "(counter_1)",
            "(counter1_1)"
        ],
        "syrup": [
            "(Syrup_1)",
            "(Syrup_2)"
        ]
    },
    "initial_states": [
        [
            "(state Mug_1 Coffee)",
            "(IsGraspable Mug_1)",
            "(IsGraspable Spoon_1)",
            "(state IceCream_1 ScoopsLeft)",
            "(IsGraspable IceCream_1)",
            "(IsGraspable Kettle)",
            "(IsGraspable Ramen_1)",
            "(state Syrup_1 Vanilla)",
            "(IsGraspable Syrup_1)",
            "(IsSqueezeable Syrup_1)",
            "(IsGraspable Glass_1)",
            "(IsGraspable LongCup_1)",
            "(IsGraspable LongCup_2)",
            "(IsGraspable Fork_1)",
            "(IsGraspable EnergyDrink_1)",
            "(IsGraspable Coke_1)",
            "(IsGraspable CanadaDry_1)",
            "(IsGraspable Plate_1)",
            "(IsGraspable Plate_2)",
            "(state Syrup_2 Chocolate)",
            "(IsGraspable Syrup_2)",
            "(IsSqueezeable Syrup_2)",
            "(IsGraspable InstantRamen_1)",
            "(IsGraspable BoiledEgg_1)",
            "(IsGraspable Salt_1)",
            "(In Spoon_1 Fridge)",
            "(On LongCup_1 StoveFire_3)",
            "(In LongCup_2 Fridge)",
            "(In EnergyDrink_1 Fridge)",
            "(In Coke_1 Fridge)",
            "(In CanadaDry_1 Fridge)",
            "(On Plate_2 StoveFire_4)",
            "(Near Robot Sink)",
            "(state SinkKnob TapIsOn)",
            "(state Kettle Water)",
            "(Near Robot StoveFire_4)",
            "(Near Robot StoveFire_3)",
            "(Near Robot Stove)",
            "(state Stove StoveFire3)",
            "(Near Robot Microwave)",
            "(state Microwave DoorIsOpen)",
            "(Near Robot Fridge)",
            "(state Fridge LeftDoorIsOpen)"
        ],
        [
            "(state Mug_1 Coffee)",
            "(IsGraspable Mug_1)",
            "(IsGraspable Spoon_1)",
            "(state IceCream_1 ScoopsLeft)",
            "(IsGraspable IceCream_1)",
            "(IsGraspable Kettle)",
            "(IsGraspable Ramen_1)",
            "(state Syrup_1 Vanilla)",
            "(IsGraspable Syrup_1)",
            "(IsSqueezeable Syrup_1)",
            "(IsGraspable Glass_1)",
            "(IsGraspable LongCup_1)",
            "(IsGraspable LongCup_2)",
            "(IsGraspable Fork_1)",
            "(IsGraspable EnergyDrink_1)",
            "(IsGraspable Coke_1)",
            "(IsGraspable CanadaDry_1)",
            "(IsGraspable Plate_1)",
            "(IsGraspable Plate_2)",
            "(state Syrup_2 Chocolate)",
            "(IsGraspable Syrup_2)",
            "(IsSqueezeable Syrup_2)",
            "(IsGraspable InstantRamen_1)",
            "(IsGraspable BoiledEgg_1)",
            "(IsGraspable Salt_1)",
            "(In Spoon_1 Fridge)",
            "(On LongCup_1 StoveFire_3)",
            "(In LongCup_2 Fridge)",
            "(In EnergyDrink_1 Fridge)",
            "(In Coke_1 Fridge)",
            "(In CanadaDry_1 Fridge)",
            "(On Plate_2 StoveFire_4)",
            "(Near Robot Sink)",
            "(state SinkKnob TapIsOn)",
            "(state Kettle Water)",
            "(Near Robot StoveFire_4)",
            "(Near Robot StoveFire_3)",
            "(Near Robot Stove)",
            "(state Stove StoveFire3)",
            "(Near Robot Microwave)",
            "(state Microwave DoorIsOpen)",
            "(Near Robot Fridge)",
            "(state Fridge LeftDoorIsOpen)",
            "(Near Robot Syrup_2)"
        ],
        [
            "(state Mug_1 Coffee)",
            "(IsGraspable Mug_1)",
            "(IsGraspable Spoon_1)",
            "(state IceCream_1 ScoopsLeft)",
            "(IsGraspable IceCream_1)",
            "(IsGraspable Kettle)",
            "(IsGraspable Ramen_1)",
            "(state Syrup_1 Vanilla)",
            "(IsGraspable Syrup_1)",
            "(IsSqueezeable Syrup_1)",
            "(IsGraspable Glass_1)",
            "(IsGraspable LongCup_1)",
            "(IsGraspable LongCup_2)",
            "(IsGraspable Fork_1)",
            "(IsGraspable EnergyDrink_1)",
            "(IsGraspable Coke_1)",
            "(IsGraspable CanadaDry_1)",
            "(IsGraspable Plate_1)",
            "(IsGraspable Plate_2)",
            "(state Syrup_2 Chocolate)",
            "(IsGraspable Syrup_2)",
            "(IsSqueezeable Syrup_2)",
            "(IsGraspable InstantRamen_1)",
            "(IsGraspable BoiledEgg_1)",
            "(IsGraspable Salt_1)",
            "(In Spoon_1 Fridge)",
            "(On LongCup_1 StoveFire_3)",
            "(In LongCup_2 Fridge)",
            "(In EnergyDrink_1 Fridge)",
            "(In Coke_1 Fridge)",
            "(In CanadaDry_1 Fridge)",
            "(On Plate_2 StoveFire_4)",
            "(Near Robot Sink)",
            "(state SinkKnob TapIsOn)",
            "(state Kettle Water)",
            "(Near Robot StoveFire_4)",
            "(Near Robot StoveFire_3)",
            "(Near Robot Stove)",
            "(state Stove StoveFire3)",
            "(Near Robot Microwave)",
            "(state Microwave DoorIsOpen)",
            "(Near Robot Fridge)",
            "(state Fridge LeftDoorIsOpen)",
            "(Grasping Robot Syrup_2)"
        ]
    ],
    "action_seq": [
        "moveto Syrup_2",
        "grasp Syrup_2",
        "noop"
    ],
    "delta_g": [
        [
            "(Near Robot Syrup_2)"
        ],
        [
            "(Grasping Robot Syrup_2)"
        ],
        []
    ],
    "delta_g_inv": [
        [],
        [
            "(Near Robot Syrup_2)"
        ],
        []
    ]
}