{
    "sent": "using spoon scoop some ice cream into cup",
    "filename": "305",
    "arg_mapping": {
        "cup": [
            "(LongCup_1)",
            "(LongCup_2)"
        ],
        "icecream": [
            "(IceCream_1)"
        ]
    },
    "initial_states": [
        [
            "(IsGraspable Mug_1)",
            "(IsGraspable Spoon_1)",
            "(state IceCream_1 ScoopsLeft)",
            "(IsGraspable IceCream_1)",
            "(IsGraspable Kettle)",
            "(IsGraspable Ramen_1)",
            "(state Syrup_1 Vanilla)",
            "(IsGraspable Syrup_1)",
            "(IsSqueezeable Syrup_1)",
            "(IsGraspable Glass_1)",
            "(IsGraspable LongCup_1)",
            "(IsGraspable LongCup_2)",
            "(IsGraspable Fork_1)",
            "(IsGraspable EnergyDrink_1)",
            "(IsGraspable Coke_1)",
            "(IsGraspable CanadaDry_1)",
            "(IsGraspable Plate_1)",
            "(IsGraspable Plate_2)",
            "(state Syrup_2 Chocolate)",
            "(IsGraspable Syrup_2)",
            "(IsSqueezeable Syrup_2)",
            "(IsGraspable InstantRamen_1)",
            "(IsGraspable BoiledEgg_1)",
            "(IsGraspable Salt_1)",
            "(IsGraspable Bowl_1)",
            "(In IceCream_1 Fridge)",
            "(On Kettle StoveFire_3)",
            "(On Ramen_1 StoveFire_2)",
            "(On Fork_1 StoveFire_2)",
            "(In EnergyDrink_1 Fridge)",
            "(In Coke_1 Fridge)",
            "(In Plate_1 Fridge)",
            "(On Plate_2 StoveFire_1)",
            "(On InstantRamen_1 StoveFire_3)",
            "(In BoiledEgg_1 Fridge)",
            "(On Salt_1 StoveFire_4)",
            "(On Bowl_1 StoveFire_4)",
            "(Near Robot Fridge)",
            "(Grasping Robot Mug_1)",
            "(Grasping Robot Glass_1)"
        ],
        [
            "(IsGraspable Mug_1)",
            "(IsGraspable Spoon_1)",
            "(state IceCream_1 ScoopsLeft)",
            "(IsGraspable IceCream_1)",
            "(IsGraspable Kettle)",
            "(IsGraspable Ramen_1)",
            "(state Syrup_1 Vanilla)",
            "(IsGraspable Syrup_1)",
            "(IsSqueezeable Syrup_1)",
            "(IsGraspable Glass_1)",
            "(IsGraspable LongCup_1)",
            "(IsGraspable LongCup_2)",
            "(IsGraspable Fork_1)",
            "(IsGraspable EnergyDrink_1)",
            "(IsGraspable Coke_1)",
            "(IsGraspable CanadaDry_1)",
            "(IsGraspable Plate_1)",
            "(IsGraspable Plate_2)",
            "(state Syrup_2 Chocolate)",
            "(IsGraspable Syrup_2)",
            "(IsSqueezeable Syrup_2)",
            "(IsGraspable InstantRamen_1)",
            "(IsGraspable BoiledEgg_1)",
            "(IsGraspable Salt_1)",
            "(IsGraspable Bowl_1)",
            "(In IceCream_1 Fridge)",
            "(On Kettle StoveFire_3)",
            "(On Ramen_1 StoveFire_2)",
            "(On Fork_1 StoveFire_2)",
            "(In EnergyDrink_1 Fridge)",
            "(In Coke_1 Fridge)",
            "(In Plate_1 Fridge)",
            "(On Plate_2 StoveFire_1)",
            "(On InstantRamen_1 StoveFire_3)",
            "(In BoiledEgg_1 Fridge)",
            "(On Salt_1 StoveFire_4)",
            "(On Bowl_1 StoveFire_4)",
            "(Near Robot Fridge)",
            "(Grasping Robot Glass_1)"
        ],
        [
            "(IsGraspable Mug_1)",
            "(IsGraspable Spoon_1)",
            "(state IceCream_1 ScoopsLeft)",
            "(IsGraspable IceCream_1)",
            "(IsGraspable Kettle)",
            "(IsGraspable Ramen_1)",
            "(state Syrup_1 Vanilla)",
            "(IsGraspable Syrup_1)",
            "(IsSqueezeable Syrup_1)",
            "(IsGraspable Glass_1)",
            "(IsGraspable LongCup_1)",
            "(IsGraspable LongCup_2)",
            "(IsGraspable Fork_1)",
            "(IsGraspable EnergyDrink_1)",
            "(IsGraspable Coke_1)",
            "(IsGraspable CanadaDry_1)",
            "(IsGraspable Plate_1)",
            "(IsGraspable Plate_2)",
            "(state Syrup_2 Chocolate)",
            "(IsGraspable Syrup_2)",
            "(IsSqueezeable Syrup_2)",
            "(IsGraspable InstantRamen_1)",
            "(IsGraspable BoiledEgg_1)",
            "(IsGraspable Salt_1)",
            "(IsGraspable Bowl_1)",
            "(In IceCream_1 Fridge)",
            "(On Kettle StoveFire_3)",
            "(On Ramen_1 StoveFire_2)",
            "(On Fork_1 StoveFire_2)",
            "(In EnergyDrink_1 Fridge)",
            "(In Coke_1 Fridge)",
            "(In Plate_1 Fridge)",
            "(On Plate_2 StoveFire_1)",
            "(On InstantRamen_1 StoveFire_3)",
            "(In BoiledEgg_1 Fridge)",
            "(On Salt_1 StoveFire_4)",
            "(On Bowl_1 StoveFire_4)",
            "(Near Robot Fridge)"
        ],
        [
            "(IsGraspable Mug_1)",
            "(IsGraspable Spoon_1)",
            "(state IceCream_1 ScoopsLeft)",
            "(IsGraspable IceCream_1)",
            "(IsGraspable Kettle)",
            "(IsGraspable Ramen_1)",
            "(state Syrup_1 Vanilla)",
            "(IsGraspable Syrup_1)",
            "(IsSqueezeable Syrup_1)",
            "(IsGraspable Glass_1)",
            "(IsGraspable LongCup_1)",
            "(IsGraspable LongCup_2)",
            "(IsGraspable Fork_1)",
            "(IsGraspable EnergyDrink_1)",
            "(IsGraspable Coke_1)",
            "(IsGraspable CanadaDry_1)",
            "(IsGraspable Plate_1)",
            "(IsGraspable Plate_2)",
            "(state Syrup_2 Chocolate)",
            "(IsGraspable Syrup_2)",
            "(IsSqueezeable Syrup_2)",
            "(IsGraspable InstantRamen_1)",
            "(IsGraspable BoiledEgg_1)",
            "(IsGraspable Salt_1)",
            "(IsGraspable Bowl_1)",
            "(In IceCream_1 Fridge)",
            "(On Kettle StoveFire_3)",
            "(On Ramen_1 StoveFire_2)",
            "(On Fork_1 StoveFire_2)",
            "(In EnergyDrink_1 Fridge)",
            "(In Coke_1 Fridge)",
            "(In Plate_1 Fridge)",
            "(On Plate_2 StoveFire_1)",
            "(On InstantRamen_1 StoveFire_3)",
            "(In BoiledEgg_1 Fridge)",
            "(On Salt_1 StoveFire_4)",
            "(On Bowl_1 StoveFire_4)",
            "(Near Robot Fridge)",
            "(Near Robot Glass_1)"
        ],
        [
            "(IsGraspable Mug_1)",
            "(IsGraspable Spoon_1)",
            "(state IceCream_1 ScoopsLeft)",
            "(IsGraspable IceCream_1)",
            "(IsGraspable Kettle)",
            "(IsGraspable Ramen_1)",
            "(state Syrup_1 Vanilla)",
            "(IsGraspable Syrup_1)",
            "(IsSqueezeable Syrup_1)",
            "(IsGraspable Glass_1)",
            "(IsGraspable LongCup_1)",
            "(IsGraspable LongCup_2)",
            "(IsGraspable Fork_1)",
            "(IsGraspable EnergyDrink_1)",
            "(IsGraspable Coke_1)",
            "(IsGraspable CanadaDry_1)",
            "(IsGraspable Plate_1)",
            "(IsGraspable Plate_2)",
            "(state Syrup_2 Chocolate)",
            "(IsGraspable Syrup_2)",
            "(IsSqueezeable Syrup_2)",
            "(IsGraspable InstantRamen_1)",
            "(IsGraspable BoiledEgg_1)",
            "(IsGraspable Salt_1)",
            "(IsGraspable Bowl_1)",
            "(In IceCream_1 Fridge)",
            "(On Kettle StoveFire_3)",
            "(On Ramen_1 StoveFire_2)",
            "(On Fork_1 StoveFire_2)",
            "(In EnergyDrink_1 Fridge)",
            "(In Coke_1 Fridge)",
            "(In Plate_1 Fridge)",
            "(On Plate_2 StoveFire_1)",
            "(On InstantRamen_1 StoveFire_3)",
            "(In BoiledEgg_1 Fridge)",
            "(On Salt_1 StoveFire_4)",
            "(On Bowl_1 StoveFire_4)",
            "(Near Robot Fridge)",
            "(Grasping Robot Glass_1)"
        ],
        [
            "(IsGraspable Mug_1)",
            "(IsGraspable Spoon_1)",
            "(state IceCream_1 ScoopsLeft)",
            "(IsGraspable IceCream_1)",
            "(IsGraspable Kettle)",
            "(IsGraspable Ramen_1)",
            "(state Syrup_1 Vanilla)",
            "(IsGraspable Syrup_1)",
            "(IsSqueezeable Syrup_1)",
            "(IsGraspable Glass_1)",
            "(IsGraspable LongCup_1)",
            "(IsGraspable LongCup_2)",
            "(IsGraspable Fork_1)",
            "(IsGraspable EnergyDrink_1)",
            "(IsGraspable Coke_1)",
            "(IsGraspable CanadaDry_1)",
            "(IsGraspable Plate_1)",
            "(IsGraspable Plate_2)",
            "(state Syrup_2 Chocolate)",
            "(IsGraspable Syrup_2)",
            "(IsSqueezeable Syrup_2)",
            "(IsGraspable InstantRamen_1)",
            "(IsGraspable BoiledEgg_1)",
            "(IsGraspable Salt_1)",
            "(IsGraspable Bowl_1)",
            "(In IceCream_1 Fridge)",
            "(On Kettle StoveFire_3)",
            "(On Ramen_1 StoveFire_2)",
            "(On Fork_1 StoveFire_2)",
            "(In EnergyDrink_1 Fridge)",
            "(In Coke_1 Fridge)",
            "(In Plate_1 Fridge)",
            "(On Plate_2 StoveFire_1)",
            "(On InstantRamen_1 StoveFire_3)",
            "(In BoiledEgg_1 Fridge)",
            "(On Salt_1 StoveFire_4)",
            "(On Bowl_1 StoveFire_4)",
            "(Near Robot Fridge)"
        ],
        [
            "(IsGraspable Mug_1)",
            "(IsGraspable Spoon_1)",
            "(state IceCream_1 ScoopsLeft)",
            "(IsGraspable IceCream_1)",
            "(IsGraspable Kettle)",
            "(IsGraspable Ramen_1)",
            "(state Syrup_1 Vanilla)",
            "(IsGraspable Syrup_1)",
            "(IsSqueezeable Syrup_1)",
            "(IsGraspable Glass_1)",
            "(IsGraspable LongCup_1)",
            "(IsGraspable LongCup_2)",
            "(IsGraspable Fork_1)",
            "(IsGraspable EnergyDrink_1)",
            "(IsGraspable Coke_1)",
            "(IsGraspable CanadaDry_1)",
            "(IsGraspable Plate_1)",
            "(IsGraspable Plate_2)",
            "(state Syrup_2 Chocolate)",
            "(IsGraspable Syrup_2)",
            "(IsSqueezeable Syrup_2)",
            "(IsGraspable InstantRamen_1)",
            "(IsGraspable BoiledEgg_1)",
            "(IsGraspable Salt_1)",
            "(IsGraspable Bowl_1)",
            "(In IceCream_1 Fridge)",
            "(On Kettle StoveFire_3)",
            "(On Ramen_1 StoveFire_2)",
            "(On Fork_1 StoveFire_2)",
            "(In EnergyDrink_1 Fridge)",
            "(In Coke_1 Fridge)",
            "(In Plate_1 Fridge)",
            "(On Plate_2 StoveFire_1)",
            "(On InstantRamen_1 StoveFire_3)",
            "(In BoiledEgg_1 Fridge)",
            "(On Salt_1 StoveFire_4)",
            "(On Bowl_1 StoveFire_4)",
            "(Near Robot Fridge)",
            "(state Fridge LeftDoorIsOpen)"
        ],
        [
            "(IsGraspable Mug_1)",
            "(IsGraspable Spoon_1)",
            "(state IceCream_1 ScoopsLeft)",
            "(IsGraspable IceCream_1)",
            "(IsGraspable Kettle)",
            "(IsGraspable Ramen_1)",
            "(state Syrup_1 Vanilla)",
            "(IsGraspable Syrup_1)",
            "(IsSqueezeable Syrup_1)",
            "(IsGraspable Glass_1)",
            "(IsGraspable LongCup_1)",
            "(IsGraspable LongCup_2)",
            "(IsGraspable Fork_1)",
            "(IsGraspable EnergyDrink_1)",
            "(IsGraspable Coke_1)",
            "(IsGraspable CanadaDry_1)",
            "(IsGraspable Plate_1)",
            "(IsGraspable Plate_2)",
            "(state Syrup_2 Chocolate)",
            "(IsGraspable Syrup_2)",
            "(IsSqueezeable Syrup_2)",
            "(IsGraspable InstantRamen_1)",
            "(IsGraspable BoiledEgg_1)",
            "(IsGraspable Salt_1)",
            "(IsGraspable Bowl_1)",
            "(In IceCream_1 Fridge)",
            "(On Kettle StoveFire_3)",
            "(On Ramen_1 StoveFire_2)",
            "(On Fork_1 StoveFire_2)",
            "(In EnergyDrink_1 Fridge)",
            "(In Coke_1 Fridge)",
            "(In Plate_1 Fridge)",
            "(On Plate_2 StoveFire_1)",
            "(On InstantRamen_1 StoveFire_3)",
            "(In BoiledEgg_1 Fridge)",
            "(On Salt_1 StoveFire_4)",
            "(On Bowl_1 StoveFire_4)",
            "(Near Robot Fridge)",
            "(state Fridge LeftDoorIsOpen)",
            "(Near Robot IceCream_1)"
        ],
        [
            "(IsGraspable Mug_1)",
            "(IsGraspable Spoon_1)",
            "(state IceCream_1 ScoopsLeft)",
            "(IsGraspable IceCream_1)",
            "(IsGraspable Kettle)",
            "(IsGraspable Ramen_1)",
            "(state Syrup_1 Vanilla)",
            "(IsGraspable Syrup_1)",
            "(IsSqueezeable Syrup_1)",
            "(IsGraspable Glass_1)",
            "(IsGraspable LongCup_1)",
            "(IsGraspable LongCup_2)",
            "(IsGraspable Fork_1)",
            "(IsGraspable EnergyDrink_1)",
            "(IsGraspable Coke_1)",
            "(IsGraspable CanadaDry_1)",
            "(IsGraspable Plate_1)",
            "(IsGraspable Plate_2)",
            "(state Syrup_2 Chocolate)",
            "(IsGraspable Syrup_2)",
            "(IsSqueezeable Syrup_2)",
            "(IsGraspable InstantRamen_1)",
            "(IsGraspable BoiledEgg_1)",
            "(IsGraspable Salt_1)",
            "(IsGraspable Bowl_1)",
            "(On Kettle StoveFire_3)",
            "(On Ramen_1 StoveFire_2)",
            "(On Fork_1 StoveFire_2)",
            "(In EnergyDrink_1 Fridge)",
            "(In Coke_1 Fridge)",
            "(In Plate_1 Fridge)",
            "(On Plate_2 StoveFire_1)",
            "(On InstantRamen_1 StoveFire_3)",
            "(In BoiledEgg_1 Fridge)",
            "(On Salt_1 StoveFire_4)",
            "(On Bowl_1 StoveFire_4)",
            "(Near Robot Fridge)",
            "(state Fridge LeftDoorIsOpen)",
            "(Grasping Robot IceCream_1)"
        ],
        [
            "(IsGraspable Mug_1)",
            "(IsGraspable Spoon_1)",
            "(state IceCream_1 ScoopsLeft)",
            "(IsGraspable IceCream_1)",
            "(IsGraspable Kettle)",
            "(IsGraspable Ramen_1)",
            "(state Syrup_1 Vanilla)",
            "(IsGraspable Syrup_1)",
            "(IsSqueezeable Syrup_1)",
            "(IsGraspable Glass_1)",
            "(IsGraspable LongCup_1)",
            "(IsGraspable LongCup_2)",
            "(IsGraspable Fork_1)",
            "(IsGraspable EnergyDrink_1)",
            "(IsGraspable Coke_1)",
            "(IsGraspable CanadaDry_1)",
            "(IsGraspable Plate_1)",
            "(IsGraspable Plate_2)",
            "(state Syrup_2 Chocolate)",
            "(IsGraspable Syrup_2)",
            "(IsSqueezeable Syrup_2)",
            "(IsGraspable InstantRamen_1)",
            "(IsGraspable BoiledEgg_1)",
            "(IsGraspable Salt_1)",
            "(IsGraspable Bowl_1)",
            "(On Kettle StoveFire_3)",
            "(On Ramen_1 StoveFire_2)",
            "(On Fork_1 StoveFire_2)",
            "(In EnergyDrink_1 Fridge)",
            "(In Coke_1 Fridge)",
            "(In Plate_1 Fridge)",
            "(On Plate_2 StoveFire_1)",
            "(On InstantRamen_1 StoveFire_3)",
            "(In BoiledEgg_1 Fridge)",
            "(On Salt_1 StoveFire_4)",
            "(On Bowl_1 StoveFire_4)",
            "(Near Robot Fridge)",
            "(Grasping Robot IceCream_1)"
        ],
        [
            "(IsGraspable Mug_1)",
            "(IsGraspable Spoon_1)",
            "(state IceCream_1 ScoopsLeft)",
            "(IsGraspable IceCream_1)",
            "(IsGraspable Kettle)",
            "(IsGraspable Ramen_1)",
            "(state Syrup_1 Vanilla)",
            "(IsGraspable Syrup_1)",
            "(IsSqueezeable Syrup_1)",
            "(IsGraspable Glass_1)",
            "(IsGraspable LongCup_1)",
            "(IsGraspable LongCup_2)",
            "(IsGraspable Fork_1)",
            "(IsGraspable EnergyDrink_1)",
            "(IsGraspable Coke_1)",
            "(IsGraspable CanadaDry_1)",
            "(IsGraspable Plate_1)",
            "(IsGraspable Plate_2)",
            "(state Syrup_2 Chocolate)",
            "(IsGraspable Syrup_2)",
            "(IsSqueezeable Syrup_2)",
            "(IsGraspable InstantRamen_1)",
            "(IsGraspable BoiledEgg_1)",
            "(IsGraspable Salt_1)",
            "(IsGraspable Bowl_1)",
            "(On Kettle StoveFire_3)",
            "(On Ramen_1 StoveFire_2)",
            "(On Fork_1 StoveFire_2)",
            "(In EnergyDrink_1 Fridge)",
            "(In Coke_1 Fridge)",
            "(In Plate_1 Fridge)",
            "(On Plate_2 StoveFire_1)",
            "(On InstantRamen_1 StoveFire_3)",
            "(In BoiledEgg_1 Fridge)",
            "(On Salt_1 StoveFire_4)",
            "(On Bowl_1 StoveFire_4)",
            "(Near Robot Fridge)",
            "(Grasping Robot IceCream_1)",
            "(Near Robot Spoon_1)"
        ],
        [
            "(IsGraspable Mug_1)",
            "(IsGraspable Spoon_1)",
            "(state IceCream_1 ScoopsLeft)",
            "(IsGraspable IceCream_1)",
            "(IsGraspable Kettle)",
            "(IsGraspable Ramen_1)",
            "(state Syrup_1 Vanilla)",
            "(IsGraspable Syrup_1)",
            "(IsSqueezeable Syrup_1)",
            "(IsGraspable Glass_1)",
            "(IsGraspable LongCup_1)",
            "(IsGraspable LongCup_2)",
            "(IsGraspable Fork_1)",
            "(IsGraspable EnergyDrink_1)",
            "(IsGraspable Coke_1)",
            "(IsGraspable CanadaDry_1)",
            "(IsGraspable Plate_1)",
            "(IsGraspable Plate_2)",
            "(state Syrup_2 Chocolate)",
            "(IsGraspable Syrup_2)",
            "(IsSqueezeable Syrup_2)",
            "(IsGraspable InstantRamen_1)",
            "(IsGraspable BoiledEgg_1)",
            "(IsGraspable Salt_1)",
            "(IsGraspable Bowl_1)",
            "(On Kettle StoveFire_3)",
            "(On Ramen_1 StoveFire_2)",
            "(On Fork_1 StoveFire_2)",
            "(In EnergyDrink_1 Fridge)",
            "(In Coke_1 Fridge)",
            "(In Plate_1 Fridge)",
            "(On Plate_2 StoveFire_1)",
            "(On InstantRamen_1 StoveFire_3)",
            "(In BoiledEgg_1 Fridge)",
            "(On Salt_1 StoveFire_4)",
            "(On Bowl_1 StoveFire_4)",
            "(Near Robot Fridge)",
            "(Grasping Robot IceCream_1)",
            "(Grasping Robot Spoon_1)"
        ],
        [
            "(IsGraspable Mug_1)",
            "(IsGraspable Spoon_1)",
            "(state IceCream_1 ScoopsLeft)",
            "(IsGraspable IceCream_1)",
            "(IsGraspable Kettle)",
            "(IsGraspable Ramen_1)",
            "(state Syrup_1 Vanilla)",
            "(IsGraspable Syrup_1)",
            "(IsSqueezeable Syrup_1)",
            "(IsGraspable Glass_1)",
            "(IsGraspable LongCup_1)",
            "(IsGraspable LongCup_2)",
            "(IsGraspable Fork_1)",
            "(IsGraspable EnergyDrink_1)",
            "(IsGraspable Coke_1)",
            "(IsGraspable CanadaDry_1)",
            "(IsGraspable Plate_1)",
            "(IsGraspable Plate_2)",
            "(state Syrup_2 Chocolate)",
            "(IsGraspable Syrup_2)",
            "(IsSqueezeable Syrup_2)",
            "(IsGraspable InstantRamen_1)",
            "(IsGraspable BoiledEgg_1)",
            "(IsGraspable Salt_1)",
            "(IsGraspable Bowl_1)",
            "(On Kettle StoveFire_3)",
            "(On Ramen_1 StoveFire_2)",
            "(On Fork_1 StoveFire_2)",
            "(In EnergyDrink_1 Fridge)",
            "(In Coke_1 Fridge)",
            "(In Plate_1 Fridge)",
            "(On Plate_2 StoveFire_1)",
            "(On InstantRamen_1 StoveFire_3)",
            "(In BoiledEgg_1 Fridge)",
            "(On Salt_1 StoveFire_4)",
            "(On Bowl_1 StoveFire_4)",
            "(Near Robot Fridge)",
            "(Grasping Robot Spoon_1)"
        ],
        [
            "(IsGraspable Mug_1)",
            "(IsGraspable Spoon_1)",
            "(state IceCream_1 ScoopsLeft)",
            "(IsGraspable IceCream_1)",
            "(IsGraspable Kettle)",
            "(IsGraspable Ramen_1)",
            "(state Syrup_1 Vanilla)",
            "(IsGraspable Syrup_1)",
            "(IsSqueezeable Syrup_1)",
            "(IsGraspable Glass_1)",
            "(IsGraspable LongCup_1)",
            "(IsGraspable LongCup_2)",
            "(IsGraspable Fork_1)",
            "(IsGraspable EnergyDrink_1)",
            "(IsGraspable Coke_1)",
            "(IsGraspable CanadaDry_1)",
            "(IsGraspable Plate_1)",
            "(IsGraspable Plate_2)",
            "(state Syrup_2 Chocolate)",
            "(IsGraspable Syrup_2)",
            "(IsSqueezeable Syrup_2)",
            "(IsGraspable InstantRamen_1)",
            "(IsGraspable BoiledEgg_1)",
            "(IsGraspable Salt_1)",
            "(IsGraspable Bowl_1)",
            "(On Kettle StoveFire_3)",
            "(On Ramen_1 StoveFire_2)",
            "(On Fork_1 StoveFire_2)",
            "(In EnergyDrink_1 Fridge)",
            "(In Coke_1 Fridge)",
            "(In Plate_1 Fridge)",
            "(On Plate_2 StoveFire_1)",
            "(On InstantRamen_1 StoveFire_3)",
            "(In BoiledEgg_1 Fridge)",
            "(On Salt_1 StoveFire_4)",
            "(On Bowl_1 StoveFire_4)",
            "(Near Robot Fridge)",
            "(Grasping Robot Spoon_1)",
            "(Near Robot Mug_1)"
        ],
        [
            "(IsGraspable Mug_1)",
            "(IsGraspable Spoon_1)",
            "(state IceCream_1 ScoopsLeft)",
            "(IsGraspable IceCream_1)",
            "(IsGraspable Kettle)",
            "(IsGraspable Ramen_1)",
            "(state Syrup_1 Vanilla)",
            "(IsGraspable Syrup_1)",
            "(IsSqueezeable Syrup_1)",
            "(IsGraspable Glass_1)",
            "(IsGraspable LongCup_1)",
            "(IsGraspable LongCup_2)",
            "(IsGraspable Fork_1)",
            "(IsGraspable EnergyDrink_1)",
            "(IsGraspable Coke_1)",
            "(IsGraspable CanadaDry_1)",
            "(IsGraspable Plate_1)",
            "(IsGraspable Plate_2)",
            "(state Syrup_2 Chocolate)",
            "(IsGraspable Syrup_2)",
            "(IsSqueezeable Syrup_2)",
            "(IsGraspable InstantRamen_1)",
            "(IsGraspable BoiledEgg_1)",
            "(IsGraspable Salt_1)",
            "(IsGraspable Bowl_1)",
            "(On Kettle StoveFire_3)",
            "(On Ramen_1 StoveFire_2)",
            "(On Fork_1 StoveFire_2)",
            "(In EnergyDrink_1 Fridge)",
            "(In Coke_1 Fridge)",
            "(In Plate_1 Fridge)",
            "(On Plate_2 StoveFire_1)",
            "(On InstantRamen_1 StoveFire_3)",
            "(In BoiledEgg_1 Fridge)",
            "(On Salt_1 StoveFire_4)",
            "(On Bowl_1 StoveFire_4)",
            "(Near Robot Fridge)",
            "(Grasping Robot Spoon_1)",
            "(Grasping Robot Mug_1)"
        ],
        [
            "(IsGraspable Mug_1)",
            "(IsGraspable Spoon_1)",
            "(state IceCream_1 ScoopsLeft)",
            "(IsGraspable IceCream_1)",
            "(IsGraspable Kettle)",
            "(IsGraspable Ramen_1)",
            "(state Syrup_1 Vanilla)",
            "(IsGraspable Syrup_1)",
            "(IsSqueezeable Syrup_1)",
            "(IsGraspable Glass_1)",
            "(IsGraspable LongCup_1)",
            "(IsGraspable LongCup_2)",
            "(IsGraspable Fork_1)",
            "(IsGraspable EnergyDrink_1)",
            "(IsGraspable Coke_1)",
            "(IsGraspable CanadaDry_1)",
            "(IsGraspable Plate_1)",
            "(IsGraspable Plate_2)",
            "(state Syrup_2 Chocolate)",
            "(IsGraspable Syrup_2)",
            "(IsSqueezeable Syrup_2)",
            "(IsGraspable InstantRamen_1)",
            "(IsGraspable BoiledEgg_1)",
            "(IsGraspable Salt_1)",
            "(IsGraspable Bowl_1)",
            "(On Kettle StoveFire_3)",
            "(On Ramen_1 StoveFire_2)",
            "(On Fork_1 StoveFire_2)",
            "(In EnergyDrink_1 Fridge)",
            "(In Coke_1 Fridge)",
            "(In Plate_1 Fridge)",
            "(On Plate_2 StoveFire_1)",
            "(On InstantRamen_1 StoveFire_3)",
            "(In BoiledEgg_1 Fridge)",
            "(On Salt_1 StoveFire_4)",
            "(On Bowl_1 StoveFire_4)",
            "(Near Robot Fridge)",
            "(Grasping Robot Spoon_1)"
        ],
        [
            "(IsGraspable Mug_1)",
            "(IsGraspable Spoon_1)",
            "(state IceCream_1 ScoopsLeft)",
            "(IsGraspable IceCream_1)",
            "(IsGraspable Kettle)",
            "(IsGraspable Ramen_1)",
            "(state Syrup_1 Vanilla)",
            "(IsGraspable Syrup_1)",
            "(IsSqueezeable Syrup_1)",
            "(IsGraspable Glass_1)",
            "(IsGraspable LongCup_1)",
            "(IsGraspable LongCup_2)",
            "(IsGraspable Fork_1)",
            "(IsGraspable EnergyDrink_1)",
            "(IsGraspable Coke_1)",
            "(IsGraspable CanadaDry_1)",
            "(IsGraspable Plate_1)",
            "(IsGraspable Plate_2)",
            "(state Syrup_2 Chocolate)",
            "(IsGraspable Syrup_2)",
            "(IsSqueezeable Syrup_2)",
            "(IsGraspable InstantRamen_1)",
            "(IsGraspable BoiledEgg_1)",
            "(IsGraspable Salt_1)",
            "(IsGraspable Bowl_1)",
            "(On Kettle StoveFire_3)",
            "(On Ramen_1 StoveFire_2)",
            "(On Fork_1 StoveFire_2)",
            "(In EnergyDrink_1 Fridge)",
            "(In Coke_1 Fridge)",
            "(In Plate_1 Fridge)",
            "(On Plate_2 StoveFire_1)",
            "(On InstantRamen_1 StoveFire_3)",
            "(In BoiledEgg_1 Fridge)",
            "(On Salt_1 StoveFire_4)",
            "(On Bowl_1 StoveFire_4)",
            "(Near Robot Fridge)",
            "(Grasping Robot Spoon_1)",
            "(Near Robot IceCream_1)"
        ],
        [
            "(IsGraspable Mug_1)",
            "(IsGraspable Spoon_1)",
            "(state IceCream_1 ScoopsLeft)",
            "(IsGraspable IceCream_1)",
            "(IsGraspable Kettle)",
            "(IsGraspable Ramen_1)",
            "(state Syrup_1 Vanilla)",
            "(IsGraspable Syrup_1)",
            "(IsSqueezeable Syrup_1)",
            "(IsGraspable Glass_1)",
            "(IsGraspable LongCup_1)",
            "(IsGraspable LongCup_2)",
            "(IsGraspable Fork_1)",
            "(IsGraspable EnergyDrink_1)",
            "(IsGraspable Coke_1)",
            "(IsGraspable CanadaDry_1)",
            "(IsGraspable Plate_1)",
            "(IsGraspable Plate_2)",
            "(state Syrup_2 Chocolate)",
            "(IsGraspable Syrup_2)",
            "(IsSqueezeable Syrup_2)",
            "(IsGraspable InstantRamen_1)",
            "(IsGraspable BoiledEgg_1)",
            "(IsGraspable Salt_1)",
            "(IsGraspable Bowl_1)",
            "(On Kettle StoveFire_3)",
            "(On Ramen_1 StoveFire_2)",
            "(On Fork_1 StoveFire_2)",
            "(In EnergyDrink_1 Fridge)",
            "(In Coke_1 Fridge)",
            "(In Plate_1 Fridge)",
            "(On Plate_2 StoveFire_1)",
            "(On InstantRamen_1 StoveFire_3)",
            "(In BoiledEgg_1 Fridge)",
            "(On Salt_1 StoveFire_4)",
            "(On Bowl_1 StoveFire_4)",
            "(Near Robot Fridge)",
            "(Grasping Robot Spoon_1)",
            "(Grasping Robot IceCream_1)"
        ],
        [
            "(IsGraspable Mug_1)",
            "(IsGraspable Spoon_1)",
            "(state IceCream_1 ScoopsLeft)",
            "(IsGraspable IceCream_1)",
            "(IsGraspable Kettle)",
            "(IsGraspable Ramen_1)",
            "(state Syrup_1 Vanilla)",
            "(IsGraspable Syrup_1)",
            "(IsSqueezeable Syrup_1)",
            "(IsGraspable Glass_1)",
            "(IsGraspable LongCup_1)",
            "(IsGraspable LongCup_2)",
            "(IsGraspable Fork_1)",
            "(IsGraspable EnergyDrink_1)",
            "(IsGraspable Coke_1)",
            "(IsGraspable CanadaDry_1)",
            "(IsGraspable Plate_1)",
            "(IsGraspable Plate_2)",
            "(state Syrup_2 Chocolate)",
            "(IsGraspable Syrup_2)",
            "(IsSqueezeable Syrup_2)",
            "(IsGraspable InstantRamen_1)",
            "(IsGraspable BoiledEgg_1)",
            "(IsGraspable Salt_1)",
            "(IsGraspable Bowl_1)",
            "(On Kettle StoveFire_3)",
            "(On Ramen_1 StoveFire_2)",
            "(On Fork_1 StoveFire_2)",
            "(In EnergyDrink_1 Fridge)",
            "(In Coke_1 Fridge)",
            "(In Plate_1 Fridge)",
            "(On Plate_2 StoveFire_1)",
            "(On InstantRamen_1 StoveFire_3)",
            "(In BoiledEgg_1 Fridge)",
            "(On Salt_1 StoveFire_4)",
            "(On Bowl_1 StoveFire_4)",
            "(Near Robot Fridge)",
            "(Grasping Robot Spoon_1)",
            "(Grasping Robot IceCream_1)",
            "(state Spoon_1 ScoopsLeft)"
        ],
        [
            "(IsGraspable Mug_1)",
            "(IsGraspable Spoon_1)",
            "(state IceCream_1 ScoopsLeft)",
            "(IsGraspable IceCream_1)",
            "(IsGraspable Kettle)",
            "(IsGraspable Ramen_1)",
            "(state Syrup_1 Vanilla)",
            "(IsGraspable Syrup_1)",
            "(IsSqueezeable Syrup_1)",
            "(IsGraspable Glass_1)",
            "(IsGraspable LongCup_1)",
            "(IsGraspable LongCup_2)",
            "(IsGraspable Fork_1)",
            "(IsGraspable EnergyDrink_1)",
            "(IsGraspable Coke_1)",
            "(IsGraspable CanadaDry_1)",
            "(IsGraspable Plate_1)",
            "(IsGraspable Plate_2)",
            "(state Syrup_2 Chocolate)",
            "(IsGraspable Syrup_2)",
            "(IsSqueezeable Syrup_2)",
            "(IsGraspable InstantRamen_1)",
            "(IsGraspable BoiledEgg_1)",
            "(IsGraspable Salt_1)",
            "(IsGraspable Bowl_1)",
            "(On Kettle StoveFire_3)",
            "(On Ramen_1 StoveFire_2)",
            "(On Fork_1 StoveFire_2)",
            "(In EnergyDrink_1 Fridge)",
            "(In Coke_1 Fridge)",
            "(In Plate_1 Fridge)",
            "(On Plate_2 StoveFire_1)",
            "(On InstantRamen_1 StoveFire_3)",
            "(In BoiledEgg_1 Fridge)",
            "(On Salt_1 StoveFire_4)",
            "(On Bowl_1 StoveFire_4)",
            "(Near Robot Fridge)",
            "(Grasping Robot Spoon_1)",
            "(state Spoon_1 ScoopsLeft)"
        ],
        [
            "(IsGraspable Mug_1)",
            "(IsGraspable Spoon_1)",
            "(state IceCream_1 ScoopsLeft)",
            "(IsGraspable IceCream_1)",
            "(IsGraspable Kettle)",
            "(IsGraspable Ramen_1)",
            "(state Syrup_1 Vanilla)",
            "(IsGraspable Syrup_1)",
            "(IsSqueezeable Syrup_1)",
            "(IsGraspable Glass_1)",
            "(IsGraspable LongCup_1)",
            "(IsGraspable LongCup_2)",
            "(IsGraspable Fork_1)",
            "(IsGraspable EnergyDrink_1)",
            "(IsGraspable Coke_1)",
            "(IsGraspable CanadaDry_1)",
            "(IsGraspable Plate_1)",
            "(IsGraspable Plate_2)",
            "(state Syrup_2 Chocolate)",
            "(IsGraspable Syrup_2)",
            "(IsSqueezeable Syrup_2)",
            "(IsGraspable InstantRamen_1)",
            "(IsGraspable BoiledEgg_1)",
            "(IsGraspable Salt_1)",
            "(IsGraspable Bowl_1)",
            "(On Kettle StoveFire_3)",
            "(On Ramen_1 StoveFire_2)",
            "(On Fork_1 StoveFire_2)",
            "(In EnergyDrink_1 Fridge)",
            "(In Coke_1 Fridge)",
            "(In Plate_1 Fridge)",
            "(On Plate_2 StoveFire_1)",
            "(On InstantRamen_1 StoveFire_3)",
            "(In BoiledEgg_1 Fridge)",
            "(On Salt_1 StoveFire_4)",
            "(On Bowl_1 StoveFire_4)",
            "(Near Robot Fridge)",
            "(Grasping Robot Spoon_1)",
            "(state Spoon_1 ScoopsLeft)",
            "(Near Robot Mug_1)"
        ],
        [
            "(IsGraspable Mug_1)",
            "(IsGraspable Spoon_1)",
            "(state IceCream_1 ScoopsLeft)",
            "(IsGraspable IceCream_1)",
            "(IsGraspable Kettle)",
            "(IsGraspable Ramen_1)",
            "(state Syrup_1 Vanilla)",
            "(IsGraspable Syrup_1)",
            "(IsSqueezeable Syrup_1)",
            "(IsGraspable Glass_1)",
            "(IsGraspable LongCup_1)",
            "(IsGraspable LongCup_2)",
            "(IsGraspable Fork_1)",
            "(IsGraspable EnergyDrink_1)",
            "(IsGraspable Coke_1)",
            "(IsGraspable CanadaDry_1)",
            "(IsGraspable Plate_1)",
            "(IsGraspable Plate_2)",
            "(state Syrup_2 Chocolate)",
            "(IsGraspable Syrup_2)",
            "(IsSqueezeable Syrup_2)",
            "(IsGraspable InstantRamen_1)",
            "(IsGraspable BoiledEgg_1)",
            "(IsGraspable Salt_1)",
            "(IsGraspable Bowl_1)",
            "(On Kettle StoveFire_3)",
            "(On Ramen_1 StoveFire_2)",
            "(On Fork_1 StoveFire_2)",
            "(In EnergyDrink_1 Fridge)",
            "(In Coke_1 Fridge)",
            "(In Plate_1 Fridge)",
            "(On Plate_2 StoveFire_1)",
            "(On InstantRamen_1 StoveFire_3)",
            "(In BoiledEgg_1 Fridge)",
            "(On Salt_1 StoveFire_4)",
            "(On Bowl_1 StoveFire_4)",
            "(Near Robot Fridge)",
            "(Grasping Robot Spoon_1)",
            "(state Spoon_1 ScoopsLeft)",
            "(Grasping Robot Mug_1)"
        ],
        [
            "(IsGraspable Mug_1)",
            "(IsGraspable Spoon_1)",
            "(state IceCream_1 ScoopsLeft)",
            "(IsGraspable IceCream_1)",
            "(IsGraspable Kettle)",
            "(IsGraspable Ramen_1)",
            "(state Syrup_1 Vanilla)",
            "(IsGraspable Syrup_1)",
            "(IsSqueezeable Syrup_1)",
            "(IsGraspable Glass_1)",
            "(IsGraspable LongCup_1)",
            "(IsGraspable LongCup_2)",
            "(IsGraspable Fork_1)",
            "(IsGraspable EnergyDrink_1)",
            "(IsGraspable Coke_1)",
            "(IsGraspable CanadaDry_1)",
            "(IsGraspable Plate_1)",
            "(IsGraspable Plate_2)",
            "(state Syrup_2 Chocolate)",
            "(IsGraspable Syrup_2)",
            "(IsSqueezeable Syrup_2)",
            "(IsGraspable InstantRamen_1)",
            "(IsGraspable BoiledEgg_1)",
            "(IsGraspable Salt_1)",
            "(IsGraspable Bowl_1)",
            "(On Kettle StoveFire_3)",
            "(On Ramen_1 StoveFire_2)",
            "(On Fork_1 StoveFire_2)",
            "(In EnergyDrink_1 Fridge)",
            "(In Coke_1 Fridge)",
            "(In Plate_1 Fridge)",
            "(On Plate_2 StoveFire_1)",
            "(On InstantRamen_1 StoveFire_3)",
            "(In BoiledEgg_1 Fridge)",
            "(On Salt_1 StoveFire_4)",
            "(On Bowl_1 StoveFire_4)",
            "(Near Robot Fridge)",
            "(Grasping Robot Spoon_1)",
            "(Grasping Robot Mug_1)",
            "(state Mug_1 IceCream)"
        ]
    ],
    "action_seq": [
        "release Mug_1",
        "release Glass_1",
        "moveto Glass_1",
        "grasp Glass_1",
        "release Glass_1",
        "open fridgeleftdoor",
        "moveto IceCream_1",
        "grasp IceCream_1",
        "close fridgeleftdoor",
        "moveto Spoon_1",
        "grasp Spoon_1",
        "release IceCream_1",
        "moveto Mug_1",
        "grasp Mug_1",
        "release Mug_1",
        "moveto IceCream_1",
        "grasp IceCream_1",
        "scoop Spoon_1 IceCream_1",
        "release IceCream_1",
        "moveto Mug_1",
        "grasp Mug_1",
        "add icecreamscoop Mug_1",
        "noop"
    ],
    "delta_g": [
        [],
        [],
        [
            "(Near Robot Glass_1)"
        ],
        [
            "(Grasping Robot Glass_1)"
        ],
        [],
        [
            "(state Fridge LeftDoorIsOpen)"
        ],
        [
            "(Near Robot IceCream_1)"
        ],
        [
            "(Grasping Robot IceCream_1)"
        ],
        [],
        [
            "(Near Robot Spoon_1)"
        ],
        [
            "(Grasping Robot Spoon_1)"
        ],
        [],
        [
            "(Near Robot Mug_1)"
        ],
        [
            "(Grasping Robot Mug_1)"
        ],
        [],
        [
            "(Near Robot IceCream_1)"
        ],
        [
            "(Grasping Robot IceCream_1)"
        ],
        [
            "(state Spoon_1 ScoopsLeft)"
        ],
        [],
        [
            "(Near Robot Mug_1)"
        ],
        [
            "(Grasping Robot Mug_1)"
        ],
        [
            "(state Mug_1 IceCream)"
        ],
        []
    ],
    "delta_g_inv": [
        [
            "(Grasping Robot Mug_1)"
        ],
        [
            "(Grasping Robot Glass_1)"
        ],
        [],
        [
            "(Near Robot Glass_1)"
        ],
        [
            "(Grasping Robot Glass_1)"
        ],
        [],
        [],
        [
            "(In IceCream_1 Fridge)",
            "(Near Robot IceCream_1)"
        ],
        [
            "(state Fridge LeftDoorIsOpen)"
        ],
        [],
        [
            "(Near Robot Spoon_1)"
        ],
        [
            "(Grasping Robot IceCream_1)"
        ],
        [],
        [
            "(Near Robot Mug_1)"
        ],
        [
            "(Grasping Robot Mug_1)"
        ],
        [],
        [
            "(Near Robot IceCream_1)"
        ],
        [],
        [
            "(Grasping Robot IceCream_1)"
        ],
        [],
        [
            "(Near Robot Mug_1)"
        ],
        [
            "(state Spoon_1 ScoopsLeft)"
        ],
        []
    ]
}