{
    "sent": "remove coke cooked egg from refrigerator",
    "filename": "332",
    "arg_mapping": {
        "egg": [
            "(BoiledEgg_1)"
        ],
        "fridge": [
            "(Fridge)"
        ],
        "coke": [
            "(Coke_1)"
        ]
    },
    "initial_states": [
        [
            "(state Mug_1 Coffee)",
            "(IsGraspable Mug_1)",
            "(IsGraspable Spoon_1)",
            "(state IceCream_1 ScoopsLeft)",
            "(IsGraspable IceCream_1)",
            "(IsGraspable Kettle)",
            "(IsGraspable Ramen_1)",
            "(state Syrup_1 Vanilla)",
            "(IsGraspable Syrup_1)",
            "(IsSqueezeable Syrup_1)",
            "(IsGraspable Glass_1)",
            "(IsGraspable LongCup_1)",
            "(IsGraspable LongCup_2)",
            "(IsGraspable Fork_1)",
            "(IsGraspable EnergyDrink_1)",
            "(IsGraspable Coke_1)",
            "(IsGraspable CanadaDry_1)",
            "(IsGraspable Plate_1)",
            "(IsGraspable Plate_2)",
            "(state Syrup_2 Chocolate)",
            "(IsGraspable Syrup_2)",
            "(IsSqueezeable Syrup_2)",
            "(IsGraspable InstantRamen_1)",
            "(IsGraspable BoiledEgg_1)",
            "(IsGraspable Salt_1)",
            "(On Mug_1 StoveFire_2)",
            "(In Spoon_1 Fridge)",
            "(In IceCream_1 Fridge)",
            "(On LongCup_1 StoveFire_3)",
            "(In LongCup_2 Fridge)",
            "(In EnergyDrink_1 Fridge)",
            "(In Coke_1 Fridge)",
            "(In CanadaDry_1 Fridge)",
            "(On Plate_2 StoveFire_4)",
            "(On Salt_1 StoveFire_3)"
        ],
        [
            "(state Mug_1 Coffee)",
            "(IsGraspable Mug_1)",
            "(IsGraspable Spoon_1)",
            "(state IceCream_1 ScoopsLeft)",
            "(IsGraspable IceCream_1)",
            "(IsGraspable Kettle)",
            "(IsGraspable Ramen_1)",
            "(state Syrup_1 Vanilla)",
            "(IsGraspable Syrup_1)",
            "(IsSqueezeable Syrup_1)",
            "(IsGraspable Glass_1)",
            "(IsGraspable LongCup_1)",
            "(IsGraspable LongCup_2)",
            "(IsGraspable Fork_1)",
            "(IsGraspable EnergyDrink_1)",
            "(IsGraspable Coke_1)",
            "(IsGraspable CanadaDry_1)",
            "(IsGraspable Plate_1)",
            "(IsGraspable Plate_2)",
            "(state Syrup_2 Chocolate)",
            "(IsGraspable Syrup_2)",
            "(IsSqueezeable Syrup_2)",
            "(IsGraspable InstantRamen_1)",
            "(IsGraspable BoiledEgg_1)",
            "(IsGraspable Salt_1)",
            "(On Mug_1 StoveFire_2)",
            "(In Spoon_1 Fridge)",
            "(In IceCream_1 Fridge)",
            "(On LongCup_1 StoveFire_3)",
            "(In LongCup_2 Fridge)",
            "(In EnergyDrink_1 Fridge)",
            "(In Coke_1 Fridge)",
            "(In CanadaDry_1 Fridge)",
            "(On Plate_2 StoveFire_4)",
            "(On Salt_1 StoveFire_3)",
            "(Near Robot BoiledEgg_1)"
        ],
        [
            "(state Mug_1 Coffee)",
            "(IsGraspable Mug_1)",
            "(IsGraspable Spoon_1)",
            "(state IceCream_1 ScoopsLeft)",
            "(IsGraspable IceCream_1)",
            "(IsGraspable Kettle)",
            "(IsGraspable Ramen_1)",
            "(state Syrup_1 Vanilla)",
            "(IsGraspable Syrup_1)",
            "(IsSqueezeable Syrup_1)",
            "(IsGraspable Glass_1)",
            "(IsGraspable LongCup_1)",
            "(IsGraspable LongCup_2)",
            "(IsGraspable Fork_1)",
            "(IsGraspable EnergyDrink_1)",
            "(IsGraspable Coke_1)",
            "(IsGraspable CanadaDry_1)",
            "(IsGraspable Plate_1)",
            "(IsGraspable Plate_2)",
            "(state Syrup_2 Chocolate)",
            "(IsGraspable Syrup_2)",
            "(IsSqueezeable Syrup_2)",
            "(IsGraspable InstantRamen_1)",
            "(IsGraspable BoiledEgg_1)",
            "(IsGraspable Salt_1)",
            "(On Mug_1 StoveFire_2)",
            "(In Spoon_1 Fridge)",
            "(In IceCream_1 Fridge)",
            "(On LongCup_1 StoveFire_3)",
            "(In LongCup_2 Fridge)",
            "(In EnergyDrink_1 Fridge)",
            "(In Coke_1 Fridge)",
            "(In CanadaDry_1 Fridge)",
            "(On Plate_2 StoveFire_4)",
            "(On Salt_1 StoveFire_3)",
            "(Grasping Robot BoiledEgg_1)"
        ],
        [
            "(state Mug_1 Coffee)",
            "(IsGraspable Mug_1)",
            "(IsGraspable Spoon_1)",
            "(state IceCream_1 ScoopsLeft)",
            "(IsGraspable IceCream_1)",
            "(IsGraspable Kettle)",
            "(IsGraspable Ramen_1)",
            "(state Syrup_1 Vanilla)",
            "(IsGraspable Syrup_1)",
            "(IsSqueezeable Syrup_1)",
            "(IsGraspable Glass_1)",
            "(IsGraspable LongCup_1)",
            "(IsGraspable LongCup_2)",
            "(IsGraspable Fork_1)",
            "(IsGraspable EnergyDrink_1)",
            "(IsGraspable Coke_1)",
            "(IsGraspable CanadaDry_1)",
            "(IsGraspable Plate_1)",
            "(IsGraspable Plate_2)",
            "(state Syrup_2 Chocolate)",
            "(IsGraspable Syrup_2)",
            "(IsSqueezeable Syrup_2)",
            "(IsGraspable InstantRamen_1)",
            "(IsGraspable BoiledEgg_1)",
            "(IsGraspable Salt_1)",
            "(On Mug_1 StoveFire_2)",
            "(In Spoon_1 Fridge)",
            "(In IceCream_1 Fridge)",
            "(On LongCup_1 StoveFire_3)",
            "(In LongCup_2 Fridge)",
            "(In EnergyDrink_1 Fridge)",
            "(In Coke_1 Fridge)",
            "(In CanadaDry_1 Fridge)",
            "(On Plate_2 StoveFire_4)",
            "(On Salt_1 StoveFire_3)",
            "(Grasping Robot BoiledEgg_1)",
            "(Near Robot Coke_1)"
        ],
        [
            "(state Mug_1 Coffee)",
            "(IsGraspable Mug_1)",
            "(IsGraspable Spoon_1)",
            "(state IceCream_1 ScoopsLeft)",
            "(IsGraspable IceCream_1)",
            "(IsGraspable Kettle)",
            "(IsGraspable Ramen_1)",
            "(state Syrup_1 Vanilla)",
            "(IsGraspable Syrup_1)",
            "(IsSqueezeable Syrup_1)",
            "(IsGraspable Glass_1)",
            "(IsGraspable LongCup_1)",
            "(IsGraspable LongCup_2)",
            "(IsGraspable Fork_1)",
            "(IsGraspable EnergyDrink_1)",
            "(IsGraspable Coke_1)",
            "(IsGraspable CanadaDry_1)",
            "(IsGraspable Plate_1)",
            "(IsGraspable Plate_2)",
            "(state Syrup_2 Chocolate)",
            "(IsGraspable Syrup_2)",
            "(IsSqueezeable Syrup_2)",
            "(IsGraspable InstantRamen_1)",
            "(IsGraspable BoiledEgg_1)",
            "(IsGraspable Salt_1)",
            "(On Mug_1 StoveFire_2)",
            "(In Spoon_1 Fridge)",
            "(In IceCream_1 Fridge)",
            "(On LongCup_1 StoveFire_3)",
            "(In LongCup_2 Fridge)",
            "(In EnergyDrink_1 Fridge)",
            "(In CanadaDry_1 Fridge)",
            "(On Plate_2 StoveFire_4)",
            "(On Salt_1 StoveFire_3)",
            "(Grasping Robot BoiledEgg_1)",
            "(Grasping Robot Coke_1)"
        ],
        [
            "(state Mug_1 Coffee)",
            "(IsGraspable Mug_1)",
            "(IsGraspable Spoon_1)",
            "(state IceCream_1 ScoopsLeft)",
            "(IsGraspable IceCream_1)",
            "(IsGraspable Kettle)",
            "(IsGraspable Ramen_1)",
            "(state Syrup_1 Vanilla)",
            "(IsGraspable Syrup_1)",
            "(IsSqueezeable Syrup_1)",
            "(IsGraspable Glass_1)",
            "(IsGraspable LongCup_1)",
            "(IsGraspable LongCup_2)",
            "(IsGraspable Fork_1)",
            "(IsGraspable EnergyDrink_1)",
            "(IsGraspable Coke_1)",
            "(IsGraspable CanadaDry_1)",
            "(IsGraspable Plate_1)",
            "(IsGraspable Plate_2)",
            "(state Syrup_2 Chocolate)",
            "(IsGraspable Syrup_2)",
            "(IsSqueezeable Syrup_2)",
            "(IsGraspable InstantRamen_1)",
            "(IsGraspable BoiledEgg_1)",
            "(IsGraspable Salt_1)",
            "(On Mug_1 StoveFire_2)",
            "(In Spoon_1 Fridge)",
            "(In IceCream_1 Fridge)",
            "(On LongCup_1 StoveFire_3)",
            "(In LongCup_2 Fridge)",
            "(In EnergyDrink_1 Fridge)",
            "(In CanadaDry_1 Fridge)",
            "(On Plate_2 StoveFire_4)",
            "(On Salt_1 StoveFire_3)",
            "(Grasping Robot BoiledEgg_1)",
            "(Grasping Robot Coke_1)",
            "(Near Robot Fridge)"
        ],
        [
            "(state Mug_1 Coffee)",
            "(IsGraspable Mug_1)",
            "(IsGraspable Spoon_1)",
            "(state IceCream_1 ScoopsLeft)",
            "(IsGraspable IceCream_1)",
            "(IsGraspable Kettle)",
            "(IsGraspable Ramen_1)",
            "(state Syrup_1 Vanilla)",
            "(IsGraspable Syrup_1)",
            "(IsSqueezeable Syrup_1)",
            "(IsGraspable Glass_1)",
            "(IsGraspable LongCup_1)",
            "(IsGraspable LongCup_2)",
            "(IsGraspable Fork_1)",
            "(IsGraspable EnergyDrink_1)",
            "(IsGraspable Coke_1)",
            "(IsGraspable CanadaDry_1)",
            "(IsGraspable Plate_1)",
            "(IsGraspable Plate_2)",
            "(state Syrup_2 Chocolate)",
            "(IsGraspable Syrup_2)",
            "(IsSqueezeable Syrup_2)",
            "(IsGraspable InstantRamen_1)",
            "(IsGraspable BoiledEgg_1)",
            "(IsGraspable Salt_1)",
            "(On Mug_1 StoveFire_2)",
            "(In Spoon_1 Fridge)",
            "(In IceCream_1 Fridge)",
            "(On LongCup_1 StoveFire_3)",
            "(In LongCup_2 Fridge)",
            "(In EnergyDrink_1 Fridge)",
            "(In CanadaDry_1 Fridge)",
            "(On Plate_2 StoveFire_4)",
            "(On Salt_1 StoveFire_3)",
            "(Grasping Robot BoiledEgg_1)",
            "(Grasping Robot Coke_1)",
            "(Near Robot Fridge)",
            "(state Fridge LeftDoorIsOpen)"
        ],
        [
            "(state Mug_1 Coffee)",
            "(IsGraspable Mug_1)",
            "(IsGraspable Spoon_1)",
            "(state IceCream_1 ScoopsLeft)",
            "(IsGraspable IceCream_1)",
            "(IsGraspable Kettle)",
            "(IsGraspable Ramen_1)",
            "(state Syrup_1 Vanilla)",
            "(IsGraspable Syrup_1)",
            "(IsSqueezeable Syrup_1)",
            "(IsGraspable Glass_1)",
            "(IsGraspable LongCup_1)",
            "(IsGraspable LongCup_2)",
            "(IsGraspable Fork_1)",
            "(IsGraspable EnergyDrink_1)",
            "(IsGraspable Coke_1)",
            "(IsGraspable CanadaDry_1)",
            "(IsGraspable Plate_1)",
            "(IsGraspable Plate_2)",
            "(state Syrup_2 Chocolate)",
            "(IsGraspable Syrup_2)",
            "(IsSqueezeable Syrup_2)",
            "(IsGraspable InstantRamen_1)",
            "(IsGraspable BoiledEgg_1)",
            "(IsGraspable Salt_1)",
            "(On Mug_1 StoveFire_2)",
            "(In Spoon_1 Fridge)",
            "(In IceCream_1 Fridge)",
            "(On LongCup_1 StoveFire_3)",
            "(In LongCup_2 Fridge)",
            "(In EnergyDrink_1 Fridge)",
            "(In CanadaDry_1 Fridge)",
            "(On Plate_2 StoveFire_4)",
            "(On Salt_1 StoveFire_3)",
            "(Grasping Robot BoiledEgg_1)",
            "(Grasping Robot Coke_1)",
            "(Near Robot Fridge)",
            "(state Fridge LeftDoorIsOpen)",
            "(state Fridge RightDoorIsOpen)"
        ]
    ],
    "action_seq": [
        "moveto BoiledEgg_1",
        "grasp BoiledEgg_1",
        "moveto Coke_1",
        "grasp Coke_1",
        "moveto Fridge",
        "open fridgeleftdoor",
        "open fridgerightdoor",
        "noop"
    ],
    "delta_g": [
        [
            "(Near Robot BoiledEgg_1)"
        ],
        [
            "(Grasping Robot BoiledEgg_1)"
        ],
        [
            "(Near Robot Coke_1)"
        ],
        [
            "(Grasping Robot Coke_1)"
        ],
        [
            "(Near Robot Fridge)"
        ],
        [
            "(state Fridge LeftDoorIsOpen)"
        ],
        [
            "(state Fridge RightDoorIsOpen)"
        ],
        []
    ],
    "delta_g_inv": [
        [],
        [
            "(Near Robot BoiledEgg_1)"
        ],
        [],
        [
            "(In Coke_1 Fridge)",
            "(Near Robot Coke_1)"
        ],
        [],
        [],
        [],
        []
    ]
}