{
    "sent": "arrange all of cds on table in front of couch",
    "filename": "360",
    "arg_mapping": {
        "couch": [
            "(Loveseat_1)"
        ],
        "cds": [
            "(Cd_2)",
            "(Cd_1)"
        ],
        "table": [
            "(CoffeeTable_1)",
            "(tvtable_1)",
            "(SnackTable_1)"
        ]
    },
    "initial_states": [
        [
            "(state Tv_1 Channel3)",
            "(IsGraspable Tv_1Remote_1)",
            "(IsGraspable Pillow_1)",
            "(IsGraspable Pillow_2)",
            "(IsGraspable Pillow_3)",
            "(state BagOfChips_1 HasChips)",
            "(IsGraspable BagOfChips_1)",
            "(state Bowl_1 HasChips)",
            "(IsGraspable Bowl_1)",
            "(IsGraspable GarbageBag_1)",
            "(IsGraspable GarbageBin_1)",
            "(IsGraspable Book_1)",
            "(IsGraspable Book_2)",
            "(IsGraspable Coke_1)",
            "(IsGraspable Beer_1)",
            "(IsGraspable XboxController_1)",
            "(IsGraspable Xbox_1)",
            "(state Cd_2 CD)",
            "(IsGraspable Cd_2)",
            "(state Cd_1 CD)",
            "(IsGraspable Cd_1)",
            "(IsGraspable Book_3)",
            "(On Tv_1Remote_1 Loveseat_1)",
            "(On Pillow_1 Shelf_1)",
            "(On Pillow_2 Shelf_1)",
            "(On Pillow_3 Shelf_1)",
            "(On BagOfChips_1 Shelf_1)",
            "(On Bowl_1 Shelf_1)",
            "(In GarbageBag_1 GarbageBag_1)",
            "(On GarbageBin_1 GarbageBin_1)",
            "(On Book_1 Armchair_2)",
            "(On Book_2 Armchair_2)",
            "(On Coke_1 Loveseat_1)",
            "(On Beer_1 Loveseat_1)",
            "(On XboxController_1 CoffeeTable_1)",
            "(On Xbox_1 CoffeeTable_1)",
            "(On Cd_2 Armchair_2)",
            "(On Cd_1 Shelf_2)",
            "(On Book_3 Loveseat_1)"
        ],
        [
            "(state Tv_1 Channel3)",
            "(IsGraspable Tv_1Remote_1)",
            "(IsGraspable Pillow_1)",
            "(IsGraspable Pillow_2)",
            "(IsGraspable Pillow_3)",
            "(state BagOfChips_1 HasChips)",
            "(IsGraspable BagOfChips_1)",
            "(state Bowl_1 HasChips)",
            "(IsGraspable Bowl_1)",
            "(IsGraspable GarbageBag_1)",
            "(IsGraspable GarbageBin_1)",
            "(IsGraspable Book_1)",
            "(IsGraspable Book_2)",
            "(IsGraspable Coke_1)",
            "(IsGraspable Beer_1)",
            "(IsGraspable XboxController_1)",
            "(IsGraspable Xbox_1)",
            "(state Cd_2 CD)",
            "(IsGraspable Cd_2)",
            "(state Cd_1 CD)",
            "(IsGraspable Cd_1)",
            "(IsGraspable Book_3)",
            "(On Tv_1Remote_1 Loveseat_1)",
            "(On Pillow_1 Shelf_1)",
            "(On Pillow_2 Shelf_1)",
            "(On Pillow_3 Shelf_1)",
            "(On BagOfChips_1 Shelf_1)",
            "(On Bowl_1 Shelf_1)",
            "(In GarbageBag_1 GarbageBag_1)",
            "(On GarbageBin_1 GarbageBin_1)",
            "(On Book_1 Armchair_2)",
            "(On Book_2 Armchair_2)",
            "(On Coke_1 Loveseat_1)",
            "(On Beer_1 Loveseat_1)",
            "(On XboxController_1 CoffeeTable_1)",
            "(On Xbox_1 CoffeeTable_1)",
            "(On Cd_2 Armchair_2)",
            "(On Cd_1 Shelf_2)",
            "(On Book_3 Loveseat_1)",
            "(Near Robot Cd_1)"
        ],
        [
            "(state Tv_1 Channel3)",
            "(IsGraspable Tv_1Remote_1)",
            "(IsGraspable Pillow_1)",
            "(IsGraspable Pillow_2)",
            "(IsGraspable Pillow_3)",
            "(state BagOfChips_1 HasChips)",
            "(IsGraspable BagOfChips_1)",
            "(state Bowl_1 HasChips)",
            "(IsGraspable Bowl_1)",
            "(IsGraspable GarbageBag_1)",
            "(IsGraspable GarbageBin_1)",
            "(IsGraspable Book_1)",
            "(IsGraspable Book_2)",
            "(IsGraspable Coke_1)",
            "(IsGraspable Beer_1)",
            "(IsGraspable XboxController_1)",
            "(IsGraspable Xbox_1)",
            "(state Cd_2 CD)",
            "(IsGraspable Cd_2)",
            "(state Cd_1 CD)",
            "(IsGraspable Cd_1)",
            "(IsGraspable Book_3)",
            "(On Tv_1Remote_1 Loveseat_1)",
            "(On Pillow_1 Shelf_1)",
            "(On Pillow_2 Shelf_1)",
            "(On Pillow_3 Shelf_1)",
            "(On BagOfChips_1 Shelf_1)",
            "(On Bowl_1 Shelf_1)",
            "(In GarbageBag_1 GarbageBag_1)",
            "(On GarbageBin_1 GarbageBin_1)",
            "(On Book_1 Armchair_2)",
            "(On Book_2 Armchair_2)",
            "(On Coke_1 Loveseat_1)",
            "(On Beer_1 Loveseat_1)",
            "(On XboxController_1 CoffeeTable_1)",
            "(On Xbox_1 CoffeeTable_1)",
            "(On Cd_2 Armchair_2)",
            "(On Book_3 Loveseat_1)",
            "(Grasping Robot Cd_1)"
        ],
        [
            "(state Tv_1 Channel3)",
            "(IsGraspable Tv_1Remote_1)",
            "(IsGraspable Pillow_1)",
            "(IsGraspable Pillow_2)",
            "(IsGraspable Pillow_3)",
            "(state BagOfChips_1 HasChips)",
            "(IsGraspable BagOfChips_1)",
            "(state Bowl_1 HasChips)",
            "(IsGraspable Bowl_1)",
            "(IsGraspable GarbageBag_1)",
            "(IsGraspable GarbageBin_1)",
            "(IsGraspable Book_1)",
            "(IsGraspable Book_2)",
            "(IsGraspable Coke_1)",
            "(IsGraspable Beer_1)",
            "(IsGraspable XboxController_1)",
            "(IsGraspable Xbox_1)",
            "(state Cd_2 CD)",
            "(IsGraspable Cd_2)",
            "(state Cd_1 CD)",
            "(IsGraspable Cd_1)",
            "(IsGraspable Book_3)",
            "(On Tv_1Remote_1 Loveseat_1)",
            "(On Pillow_1 Shelf_1)",
            "(On Pillow_2 Shelf_1)",
            "(On Pillow_3 Shelf_1)",
            "(On BagOfChips_1 Shelf_1)",
            "(On Bowl_1 Shelf_1)",
            "(In GarbageBag_1 GarbageBag_1)",
            "(On GarbageBin_1 GarbageBin_1)",
            "(On Book_1 Armchair_2)",
            "(On Book_2 Armchair_2)",
            "(On Coke_1 Loveseat_1)",
            "(On Beer_1 Loveseat_1)",
            "(On XboxController_1 CoffeeTable_1)",
            "(On Xbox_1 CoffeeTable_1)",
            "(On Cd_2 Armchair_2)",
            "(On Book_3 Loveseat_1)",
            "(Grasping Robot Cd_1)",
            "(Near Robot Cd_2)"
        ],
        [
            "(state Tv_1 Channel3)",
            "(IsGraspable Tv_1Remote_1)",
            "(IsGraspable Pillow_1)",
            "(IsGraspable Pillow_2)",
            "(IsGraspable Pillow_3)",
            "(state BagOfChips_1 HasChips)",
            "(IsGraspable BagOfChips_1)",
            "(state Bowl_1 HasChips)",
            "(IsGraspable Bowl_1)",
            "(IsGraspable GarbageBag_1)",
            "(IsGraspable GarbageBin_1)",
            "(IsGraspable Book_1)",
            "(IsGraspable Book_2)",
            "(IsGraspable Coke_1)",
            "(IsGraspable Beer_1)",
            "(IsGraspable XboxController_1)",
            "(IsGraspable Xbox_1)",
            "(state Cd_2 CD)",
            "(IsGraspable Cd_2)",
            "(state Cd_1 CD)",
            "(IsGraspable Cd_1)",
            "(IsGraspable Book_3)",
            "(On Tv_1Remote_1 Loveseat_1)",
            "(On Pillow_1 Shelf_1)",
            "(On Pillow_2 Shelf_1)",
            "(On Pillow_3 Shelf_1)",
            "(On BagOfChips_1 Shelf_1)",
            "(On Bowl_1 Shelf_1)",
            "(In GarbageBag_1 GarbageBag_1)",
            "(On GarbageBin_1 GarbageBin_1)",
            "(On Book_1 Armchair_2)",
            "(On Book_2 Armchair_2)",
            "(On Coke_1 Loveseat_1)",
            "(On Beer_1 Loveseat_1)",
            "(On XboxController_1 CoffeeTable_1)",
            "(On Xbox_1 CoffeeTable_1)",
            "(On Book_3 Loveseat_1)",
            "(Grasping Robot Cd_1)",
            "(Grasping Robot Cd_2)"
        ],
        [
            "(state Tv_1 Channel3)",
            "(IsGraspable Tv_1Remote_1)",
            "(IsGraspable Pillow_1)",
            "(IsGraspable Pillow_2)",
            "(IsGraspable Pillow_3)",
            "(state BagOfChips_1 HasChips)",
            "(IsGraspable BagOfChips_1)",
            "(state Bowl_1 HasChips)",
            "(IsGraspable Bowl_1)",
            "(IsGraspable GarbageBag_1)",
            "(IsGraspable GarbageBin_1)",
            "(IsGraspable Book_1)",
            "(IsGraspable Book_2)",
            "(IsGraspable Coke_1)",
            "(IsGraspable Beer_1)",
            "(IsGraspable XboxController_1)",
            "(IsGraspable Xbox_1)",
            "(state Cd_2 CD)",
            "(IsGraspable Cd_2)",
            "(state Cd_1 CD)",
            "(IsGraspable Cd_1)",
            "(IsGraspable Book_3)",
            "(On Tv_1Remote_1 Loveseat_1)",
            "(On Pillow_1 Shelf_1)",
            "(On Pillow_2 Shelf_1)",
            "(On Pillow_3 Shelf_1)",
            "(On BagOfChips_1 Shelf_1)",
            "(On Bowl_1 Shelf_1)",
            "(In GarbageBag_1 GarbageBag_1)",
            "(On GarbageBin_1 GarbageBin_1)",
            "(On Book_1 Armchair_2)",
            "(On Book_2 Armchair_2)",
            "(On Coke_1 Loveseat_1)",
            "(On Beer_1 Loveseat_1)",
            "(On XboxController_1 CoffeeTable_1)",
            "(On Xbox_1 CoffeeTable_1)",
            "(On Book_3 Loveseat_1)",
            "(Grasping Robot Cd_1)",
            "(Grasping Robot Cd_2)",
            "(Near Robot CoffeeTable_1)"
        ],
        [
            "(state Tv_1 Channel3)",
            "(IsGraspable Tv_1Remote_1)",
            "(IsGraspable Pillow_1)",
            "(IsGraspable Pillow_2)",
            "(IsGraspable Pillow_3)",
            "(state BagOfChips_1 HasChips)",
            "(IsGraspable BagOfChips_1)",
            "(state Bowl_1 HasChips)",
            "(IsGraspable Bowl_1)",
            "(IsGraspable GarbageBag_1)",
            "(IsGraspable GarbageBin_1)",
            "(IsGraspable Book_1)",
            "(IsGraspable Book_2)",
            "(IsGraspable Coke_1)",
            "(IsGraspable Beer_1)",
            "(IsGraspable XboxController_1)",
            "(IsGraspable Xbox_1)",
            "(state Cd_2 CD)",
            "(IsGraspable Cd_2)",
            "(state Cd_1 CD)",
            "(IsGraspable Cd_1)",
            "(IsGraspable Book_3)",
            "(On Tv_1Remote_1 Loveseat_1)",
            "(On Pillow_1 Shelf_1)",
            "(On Pillow_2 Shelf_1)",
            "(On Pillow_3 Shelf_1)",
            "(On BagOfChips_1 Shelf_1)",
            "(On Bowl_1 Shelf_1)",
            "(In GarbageBag_1 GarbageBag_1)",
            "(On GarbageBin_1 GarbageBin_1)",
            "(On Book_1 Armchair_2)",
            "(On Book_2 Armchair_2)",
            "(On Coke_1 Loveseat_1)",
            "(On Beer_1 Loveseat_1)",
            "(On XboxController_1 CoffeeTable_1)",
            "(On Xbox_1 CoffeeTable_1)",
            "(On Book_3 Loveseat_1)",
            "(Grasping Robot Cd_2)",
            "(Near Robot CoffeeTable_1)",
            "(On Cd_1 CoffeeTable_1)"
        ],
        [
            "(state Tv_1 Channel3)",
            "(IsGraspable Tv_1Remote_1)",
            "(IsGraspable Pillow_1)",
            "(IsGraspable Pillow_2)",
            "(IsGraspable Pillow_3)",
            "(state BagOfChips_1 HasChips)",
            "(IsGraspable BagOfChips_1)",
            "(state Bowl_1 HasChips)",
            "(IsGraspable Bowl_1)",
            "(IsGraspable GarbageBag_1)",
            "(IsGraspable GarbageBin_1)",
            "(IsGraspable Book_1)",
            "(IsGraspable Book_2)",
            "(IsGraspable Coke_1)",
            "(IsGraspable Beer_1)",
            "(IsGraspable XboxController_1)",
            "(IsGraspable Xbox_1)",
            "(state Cd_2 CD)",
            "(IsGraspable Cd_2)",
            "(state Cd_1 CD)",
            "(IsGraspable Cd_1)",
            "(IsGraspable Book_3)",
            "(On Tv_1Remote_1 Loveseat_1)",
            "(On Pillow_1 Shelf_1)",
            "(On Pillow_2 Shelf_1)",
            "(On Pillow_3 Shelf_1)",
            "(On BagOfChips_1 Shelf_1)",
            "(On Bowl_1 Shelf_1)",
            "(In GarbageBag_1 GarbageBag_1)",
            "(On GarbageBin_1 GarbageBin_1)",
            "(On Book_1 Armchair_2)",
            "(On Book_2 Armchair_2)",
            "(On Coke_1 Loveseat_1)",
            "(On Beer_1 Loveseat_1)",
            "(On XboxController_1 CoffeeTable_1)",
            "(On Xbox_1 CoffeeTable_1)",
            "(On Book_3 Loveseat_1)",
            "(Near Robot CoffeeTable_1)",
            "(On Cd_1 CoffeeTable_1)",
            "(On Cd_2 CoffeeTable_1)"
        ]
    ],
    "action_seq": [
        "moveto Cd_1",
        "grasp Cd_1",
        "moveto Cd_2",
        "grasp Cd_2",
        "moveto CoffeeTable_1",
        "keep Cd_1 On CoffeeTable_1",
        "keep Cd_2 On CoffeeTable_1",
        "noop"
    ],
    "delta_g": [
        [
            "(Near Robot Cd_1)"
        ],
        [
            "(Grasping Robot Cd_1)"
        ],
        [
            "(Near Robot Cd_2)"
        ],
        [
            "(Grasping Robot Cd_2)"
        ],
        [
            "(Near Robot CoffeeTable_1)"
        ],
        [
            "(On Cd_1 CoffeeTable_1)"
        ],
        [
            "(On Cd_2 CoffeeTable_1)"
        ],
        []
    ],
    "delta_g_inv": [
        [],
        [
            "(On Cd_1 Shelf_2)",
            "(Near Robot Cd_1)"
        ],
        [],
        [
            "(On Cd_2 Armchair_2)",
            "(Near Robot Cd_2)"
        ],
        [],
        [
            "(Grasping Robot Cd_1)"
        ],
        [
            "(Grasping Robot Cd_2)"
        ],
        []
    ]
}