{
    "sent": "put waste bag in bin position it near two seater couch put garbage bag in bin place it near two seater couch",
    "filename": "367",
    "arg_mapping": {
        "garbage": [
            "(GarbageBag_1)",
            "(GarbageBin_1)"
        ],
        "garbagebin": [
            "(GarbageBin_1)"
        ],
        "bag": [
            "(BagOfChips_1)",
            "(GarbageBag_1)"
        ]
    },
    "initial_states": [
        [
            "(state Tv_1 IsOn)",
            "(state Tv_1 Channel3)",
            "(state Tv_1 Volume)",
            "(IsGraspable Tv_1Remote_1)",
            "(IsGraspable Pillow_1)",
            "(IsGraspable Pillow_2)",
            "(IsGraspable Pillow_3)",
            "(state BagOfChips_1 IsOpen)",
            "(state BagOfChips_1 HasChips)",
            "(IsGraspable BagOfChips_1)",
            "(state Bowl_1 HasChips)",
            "(IsGraspable Bowl_1)",
            "(IsGraspable GarbageBag_1)",
            "(IsGraspable GarbageBin_1)",
            "(IsGraspable Book_1)",
            "(IsGraspable Book_2)",
            "(IsGraspable Coke_1)",
            "(IsGraspable Beer_1)",
            "(IsGraspable XboxController_1)",
            "(IsGraspable Xbox_1)",
            "(state Cd_2 CD)",
            "(IsGraspable Cd_2)",
            "(state Cd_1 CD)",
            "(IsGraspable Cd_1)",
            "(On Pillow_1 Loveseat_1)",
            "(On Pillow_2 Loveseat_1)",
            "(On Bowl_1 Loveseat_1)",
            "(In GarbageBag_1 GarbageBag_1)",
            "(On GarbageBin_1 GarbageBin_1)",
            "(On Book_2 Shelf_1)",
            "(On Beer_1 CoffeeTable_1)",
            "(On Cd_2 SnackTable_1)",
            "(On Cd_1 Shelf_2)",
            "(Near Robot SnackTable_1)",
            "(Grasping Robot Tv_1Remote_1)",
            "(Near Robot Loveseat_1)",
            "(On Xbox_1 Loveseat_1)",
            "(Near Robot CoffeeTable_1)",
            "(On XboxController_1 CoffeeTable_1)",
            "(On Pillow_3 Loveseat_1)",
            "(On Coke_1 CoffeeTable_1)"
        ],
        [
            "(state Tv_1 IsOn)",
            "(state Tv_1 Channel3)",
            "(state Tv_1 Volume)",
            "(IsGraspable Tv_1Remote_1)",
            "(IsGraspable Pillow_1)",
            "(IsGraspable Pillow_2)",
            "(IsGraspable Pillow_3)",
            "(state BagOfChips_1 IsOpen)",
            "(state BagOfChips_1 HasChips)",
            "(IsGraspable BagOfChips_1)",
            "(state Bowl_1 HasChips)",
            "(IsGraspable Bowl_1)",
            "(IsGraspable GarbageBag_1)",
            "(IsGraspable GarbageBin_1)",
            "(IsGraspable Book_1)",
            "(IsGraspable Book_2)",
            "(IsGraspable Coke_1)",
            "(IsGraspable Beer_1)",
            "(IsGraspable XboxController_1)",
            "(IsGraspable Xbox_1)",
            "(state Cd_2 CD)",
            "(IsGraspable Cd_2)",
            "(state Cd_1 CD)",
            "(IsGraspable Cd_1)",
            "(On Pillow_1 Loveseat_1)",
            "(On Pillow_2 Loveseat_1)",
            "(On Bowl_1 Loveseat_1)",
            "(In GarbageBag_1 GarbageBag_1)",
            "(On GarbageBin_1 GarbageBin_1)",
            "(On Book_2 Shelf_1)",
            "(On Beer_1 CoffeeTable_1)",
            "(On Cd_2 SnackTable_1)",
            "(On Cd_1 Shelf_2)",
            "(Near Robot SnackTable_1)",
            "(Grasping Robot Tv_1Remote_1)",
            "(Near Robot Loveseat_1)",
            "(On Xbox_1 Loveseat_1)",
            "(Near Robot CoffeeTable_1)",
            "(On XboxController_1 CoffeeTable_1)",
            "(On Pillow_3 Loveseat_1)",
            "(On Coke_1 CoffeeTable_1)",
            "(Near Robot GarbageBin_1)"
        ],
        [
            "(state Tv_1 IsOn)",
            "(state Tv_1 Channel3)",
            "(state Tv_1 Volume)",
            "(IsGraspable Tv_1Remote_1)",
            "(IsGraspable Pillow_1)",
            "(IsGraspable Pillow_2)",
            "(IsGraspable Pillow_3)",
            "(state BagOfChips_1 IsOpen)",
            "(state BagOfChips_1 HasChips)",
            "(IsGraspable BagOfChips_1)",
            "(state Bowl_1 HasChips)",
            "(IsGraspable Bowl_1)",
            "(IsGraspable GarbageBag_1)",
            "(IsGraspable GarbageBin_1)",
            "(IsGraspable Book_1)",
            "(IsGraspable Book_2)",
            "(IsGraspable Coke_1)",
            "(IsGraspable Beer_1)",
            "(IsGraspable XboxController_1)",
            "(IsGraspable Xbox_1)",
            "(state Cd_2 CD)",
            "(IsGraspable Cd_2)",
            "(state Cd_1 CD)",
            "(IsGraspable Cd_1)",
            "(On Pillow_1 Loveseat_1)",
            "(On Pillow_2 Loveseat_1)",
            "(On Bowl_1 Loveseat_1)",
            "(In GarbageBag_1 GarbageBag_1)",
            "(On GarbageBin_1 GarbageBin_1)",
            "(On Book_2 Shelf_1)",
            "(On Beer_1 CoffeeTable_1)",
            "(On Cd_2 SnackTable_1)",
            "(On Cd_1 Shelf_2)",
            "(Near Robot SnackTable_1)",
            "(Grasping Robot Tv_1Remote_1)",
            "(Near Robot Loveseat_1)",
            "(On Xbox_1 Loveseat_1)",
            "(Near Robot CoffeeTable_1)",
            "(On XboxController_1 CoffeeTable_1)",
            "(On Pillow_3 Loveseat_1)",
            "(On Coke_1 CoffeeTable_1)",
            "(Grasping Robot GarbageBin_1)"
        ],
        [
            "(state Tv_1 IsOn)",
            "(state Tv_1 Channel3)",
            "(state Tv_1 Volume)",
            "(IsGraspable Tv_1Remote_1)",
            "(IsGraspable Pillow_1)",
            "(IsGraspable Pillow_2)",
            "(IsGraspable Pillow_3)",
            "(state BagOfChips_1 IsOpen)",
            "(state BagOfChips_1 HasChips)",
            "(IsGraspable BagOfChips_1)",
            "(state Bowl_1 HasChips)",
            "(IsGraspable Bowl_1)",
            "(IsGraspable GarbageBag_1)",
            "(IsGraspable GarbageBin_1)",
            "(IsGraspable Book_1)",
            "(IsGraspable Book_2)",
            "(IsGraspable Coke_1)",
            "(IsGraspable Beer_1)",
            "(IsGraspable XboxController_1)",
            "(IsGraspable Xbox_1)",
            "(state Cd_2 CD)",
            "(IsGraspable Cd_2)",
            "(state Cd_1 CD)",
            "(IsGraspable Cd_1)",
            "(On Pillow_1 Loveseat_1)",
            "(On Pillow_2 Loveseat_1)",
            "(On Bowl_1 Loveseat_1)",
            "(In GarbageBag_1 GarbageBag_1)",
            "(On GarbageBin_1 GarbageBin_1)",
            "(On Book_2 Shelf_1)",
            "(On Beer_1 CoffeeTable_1)",
            "(On Cd_2 SnackTable_1)",
            "(On Cd_1 Shelf_2)",
            "(Near Robot SnackTable_1)",
            "(Grasping Robot Tv_1Remote_1)",
            "(Near Robot Loveseat_1)",
            "(On Xbox_1 Loveseat_1)",
            "(Near Robot CoffeeTable_1)",
            "(On XboxController_1 CoffeeTable_1)",
            "(On Pillow_3 Loveseat_1)",
            "(On Coke_1 CoffeeTable_1)",
            "(Grasping Robot GarbageBin_1)",
            "(Near Robot GarbageBag_1)"
        ],
        [
            "(state Tv_1 IsOn)",
            "(state Tv_1 Channel3)",
            "(state Tv_1 Volume)",
            "(IsGraspable Tv_1Remote_1)",
            "(IsGraspable Pillow_1)",
            "(IsGraspable Pillow_2)",
            "(IsGraspable Pillow_3)",
            "(state BagOfChips_1 IsOpen)",
            "(state BagOfChips_1 HasChips)",
            "(IsGraspable BagOfChips_1)",
            "(state Bowl_1 HasChips)",
            "(IsGraspable Bowl_1)",
            "(IsGraspable GarbageBag_1)",
            "(IsGraspable GarbageBin_1)",
            "(IsGraspable Book_1)",
            "(IsGraspable Book_2)",
            "(IsGraspable Coke_1)",
            "(IsGraspable Beer_1)",
            "(IsGraspable XboxController_1)",
            "(IsGraspable Xbox_1)",
            "(state Cd_2 CD)",
            "(IsGraspable Cd_2)",
            "(state Cd_1 CD)",
            "(IsGraspable Cd_1)",
            "(On Pillow_1 Loveseat_1)",
            "(On Pillow_2 Loveseat_1)",
            "(On Bowl_1 Loveseat_1)",
            "(In GarbageBag_1 GarbageBag_1)",
            "(On GarbageBin_1 GarbageBin_1)",
            "(On Book_2 Shelf_1)",
            "(On Beer_1 CoffeeTable_1)",
            "(On Cd_2 SnackTable_1)",
            "(On Cd_1 Shelf_2)",
            "(Near Robot SnackTable_1)",
            "(Grasping Robot Tv_1Remote_1)",
            "(Near Robot Loveseat_1)",
            "(On Xbox_1 Loveseat_1)",
            "(Near Robot CoffeeTable_1)",
            "(On XboxController_1 CoffeeTable_1)",
            "(On Pillow_3 Loveseat_1)",
            "(On Coke_1 CoffeeTable_1)",
            "(Grasping Robot GarbageBin_1)",
            "(Grasping Robot GarbageBag_1)"
        ],
        [
            "(state Tv_1 IsOn)",
            "(state Tv_1 Channel3)",
            "(state Tv_1 Volume)",
            "(IsGraspable Tv_1Remote_1)",
            "(IsGraspable Pillow_1)",
            "(IsGraspable Pillow_2)",
            "(IsGraspable Pillow_3)",
            "(state BagOfChips_1 IsOpen)",
            "(state BagOfChips_1 HasChips)",
            "(IsGraspable BagOfChips_1)",
            "(state Bowl_1 HasChips)",
            "(IsGraspable Bowl_1)",
            "(IsGraspable GarbageBag_1)",
            "(IsGraspable GarbageBin_1)",
            "(IsGraspable Book_1)",
            "(IsGraspable Book_2)",
            "(IsGraspable Coke_1)",
            "(IsGraspable Beer_1)",
            "(IsGraspable XboxController_1)",
            "(IsGraspable Xbox_1)",
            "(state Cd_2 CD)",
            "(IsGraspable Cd_2)",
            "(state Cd_1 CD)",
            "(IsGraspable Cd_1)",
            "(On Pillow_1 Loveseat_1)",
            "(On Pillow_2 Loveseat_1)",
            "(On Bowl_1 Loveseat_1)",
            "(In GarbageBag_1 GarbageBag_1)",
            "(On GarbageBin_1 GarbageBin_1)",
            "(On Book_2 Shelf_1)",
            "(On Beer_1 CoffeeTable_1)",
            "(On Cd_2 SnackTable_1)",
            "(On Cd_1 Shelf_2)",
            "(Near Robot SnackTable_1)",
            "(Grasping Robot Tv_1Remote_1)",
            "(Near Robot Loveseat_1)",
            "(On Xbox_1 Loveseat_1)",
            "(Near Robot CoffeeTable_1)",
            "(On XboxController_1 CoffeeTable_1)",
            "(On Pillow_3 Loveseat_1)",
            "(On Coke_1 CoffeeTable_1)",
            "(Grasping Robot GarbageBin_1)",
            "(On GarbageBag_1 Loveseat_1)"
        ]
    ],
    "action_seq": [
        "moveto GarbageBin_1",
        "grasp GarbageBin_1",
        "moveto GarbageBag_1",
        "grasp GarbageBag_1",
        "keep GarbageBag_1 On Loveseat_1",
        "noop"
    ],
    "delta_g": [
        [
            "(Near Robot GarbageBin_1)"
        ],
        [
            "(Grasping Robot GarbageBin_1)"
        ],
        [
            "(Near Robot GarbageBag_1)"
        ],
        [
            "(Grasping Robot GarbageBag_1)"
        ],
        [
            "(On GarbageBag_1 Loveseat_1)"
        ],
        []
    ],
    "delta_g_inv": [
        [],
        [
            "(Near Robot GarbageBin_1)"
        ],
        [],
        [
            "(Near Robot GarbageBag_1)"
        ],
        [
            "(Grasping Robot GarbageBag_1)"
        ],
        []
    ]
}