{
    "sent": "set out ramen vanilla syrup chocolate syrup on counter",
    "filename": "383",
    "arg_mapping": {
        "ramen": [
            "(Ramen_1)"
        ],
        "vanillasyrup": [
            "(Syrup_1)",
            "(Syrup_2)"
        ],
        "counter": [
            "(counter_1)",
            "(counter1_1)"
        ],
        "chocolate": [
            "(Syrup_2)"
        ],
        "syrup": [
            "(Syrup_1)",
            "(Syrup_2)"
        ]
    },
    "initial_states": [
        [
            "(IsGraspable Mug_1)",
            "(IsGraspable Spoon_1)",
            "(state IceCream_1 ScoopsLeft)",
            "(IsGraspable IceCream_1)",
            "(IsGraspable Kettle)",
            "(IsGraspable Ramen_1)",
            "(state Syrup_1 Vanilla)",
            "(IsGraspable Syrup_1)",
            "(IsSqueezeable Syrup_1)",
            "(IsGraspable Glass_1)",
            "(IsGraspable LongCup_1)",
            "(IsGraspable LongCup_2)",
            "(IsGraspable Fork_1)",
            "(IsGraspable EnergyDrink_1)",
            "(IsGraspable Coke_1)",
            "(IsGraspable CanadaDry_1)",
            "(IsGraspable Plate_1)",
            "(IsGraspable Plate_2)",
            "(state Syrup_2 Chocolate)",
            "(IsGraspable Syrup_2)",
            "(IsSqueezeable Syrup_2)",
            "(IsGraspable InstantRamen_1)",
            "(IsGraspable BoiledEgg_1)",
            "(IsGraspable Salt_1)",
            "(In Spoon_1 Fridge)",
            "(In IceCream_1 Fridge)",
            "(In EnergyDrink_1 Fridge)",
            "(In Coke_1 Fridge)",
            "(In CanadaDry_1 Fridge)",
            "(On Plate_2 StoveFire_4)",
            "(On Salt_1 StoveFire_3)",
            "(Near Robot Microwave)",
            "(state Microwave DoorIsOpen)",
            "(Near Robot Sink)",
            "(On LongCup_1 Sink)",
            "(On Mug_1 Sink)",
            "(On LongCup_2 Sink)",
            "(On Glass_1 Sink)"
        ],
        [
            "(IsGraspable Mug_1)",
            "(IsGraspable Spoon_1)",
            "(state IceCream_1 ScoopsLeft)",
            "(IsGraspable IceCream_1)",
            "(IsGraspable Kettle)",
            "(IsGraspable Ramen_1)",
            "(state Syrup_1 Vanilla)",
            "(IsGraspable Syrup_1)",
            "(IsSqueezeable Syrup_1)",
            "(IsGraspable Glass_1)",
            "(IsGraspable LongCup_1)",
            "(IsGraspable LongCup_2)",
            "(IsGraspable Fork_1)",
            "(IsGraspable EnergyDrink_1)",
            "(IsGraspable Coke_1)",
            "(IsGraspable CanadaDry_1)",
            "(IsGraspable Plate_1)",
            "(IsGraspable Plate_2)",
            "(state Syrup_2 Chocolate)",
            "(IsGraspable Syrup_2)",
            "(IsSqueezeable Syrup_2)",
            "(IsGraspable InstantRamen_1)",
            "(IsGraspable BoiledEgg_1)",
            "(IsGraspable Salt_1)",
            "(In Spoon_1 Fridge)",
            "(In IceCream_1 Fridge)",
            "(In EnergyDrink_1 Fridge)",
            "(In Coke_1 Fridge)",
            "(In CanadaDry_1 Fridge)",
            "(On Plate_2 StoveFire_4)",
            "(On Salt_1 StoveFire_3)",
            "(Near Robot Microwave)",
            "(state Microwave DoorIsOpen)",
            "(Near Robot Sink)",
            "(On LongCup_1 Sink)",
            "(On Mug_1 Sink)",
            "(On LongCup_2 Sink)",
            "(On Glass_1 Sink)",
            "(Near Robot Syrup_1)"
        ],
        [
            "(IsGraspable Mug_1)",
            "(IsGraspable Spoon_1)",
            "(state IceCream_1 ScoopsLeft)",
            "(IsGraspable IceCream_1)",
            "(IsGraspable Kettle)",
            "(IsGraspable Ramen_1)",
            "(state Syrup_1 Vanilla)",
            "(IsGraspable Syrup_1)",
            "(IsSqueezeable Syrup_1)",
            "(IsGraspable Glass_1)",
            "(IsGraspable LongCup_1)",
            "(IsGraspable LongCup_2)",
            "(IsGraspable Fork_1)",
            "(IsGraspable EnergyDrink_1)",
            "(IsGraspable Coke_1)",
            "(IsGraspable CanadaDry_1)",
            "(IsGraspable Plate_1)",
            "(IsGraspable Plate_2)",
            "(state Syrup_2 Chocolate)",
            "(IsGraspable Syrup_2)",
            "(IsSqueezeable Syrup_2)",
            "(IsGraspable InstantRamen_1)",
            "(IsGraspable BoiledEgg_1)",
            "(IsGraspable Salt_1)",
            "(In Spoon_1 Fridge)",
            "(In IceCream_1 Fridge)",
            "(In EnergyDrink_1 Fridge)",
            "(In Coke_1 Fridge)",
            "(In CanadaDry_1 Fridge)",
            "(On Plate_2 StoveFire_4)",
            "(On Salt_1 StoveFire_3)",
            "(Near Robot Microwave)",
            "(state Microwave DoorIsOpen)",
            "(Near Robot Sink)",
            "(On LongCup_1 Sink)",
            "(On Mug_1 Sink)",
            "(On LongCup_2 Sink)",
            "(On Glass_1 Sink)",
            "(Grasping Robot Syrup_1)"
        ],
        [
            "(IsGraspable Mug_1)",
            "(IsGraspable Spoon_1)",
            "(state IceCream_1 ScoopsLeft)",
            "(IsGraspable IceCream_1)",
            "(IsGraspable Kettle)",
            "(IsGraspable Ramen_1)",
            "(state Syrup_1 Vanilla)",
            "(IsGraspable Syrup_1)",
            "(IsSqueezeable Syrup_1)",
            "(IsGraspable Glass_1)",
            "(IsGraspable LongCup_1)",
            "(IsGraspable LongCup_2)",
            "(IsGraspable Fork_1)",
            "(IsGraspable EnergyDrink_1)",
            "(IsGraspable Coke_1)",
            "(IsGraspable CanadaDry_1)",
            "(IsGraspable Plate_1)",
            "(IsGraspable Plate_2)",
            "(state Syrup_2 Chocolate)",
            "(IsGraspable Syrup_2)",
            "(IsSqueezeable Syrup_2)",
            "(IsGraspable InstantRamen_1)",
            "(IsGraspable BoiledEgg_1)",
            "(IsGraspable Salt_1)",
            "(In Spoon_1 Fridge)",
            "(In IceCream_1 Fridge)",
            "(In EnergyDrink_1 Fridge)",
            "(In Coke_1 Fridge)",
            "(In CanadaDry_1 Fridge)",
            "(On Plate_2 StoveFire_4)",
            "(On Salt_1 StoveFire_3)",
            "(Near Robot Microwave)",
            "(state Microwave DoorIsOpen)",
            "(Near Robot Sink)",
            "(On LongCup_1 Sink)",
            "(On Mug_1 Sink)",
            "(On LongCup_2 Sink)",
            "(On Glass_1 Sink)"
        ],
        [
            "(IsGraspable Mug_1)",
            "(IsGraspable Spoon_1)",
            "(state IceCream_1 ScoopsLeft)",
            "(IsGraspable IceCream_1)",
            "(IsGraspable Kettle)",
            "(IsGraspable Ramen_1)",
            "(state Syrup_1 Vanilla)",
            "(IsGraspable Syrup_1)",
            "(IsSqueezeable Syrup_1)",
            "(IsGraspable Glass_1)",
            "(IsGraspable LongCup_1)",
            "(IsGraspable LongCup_2)",
            "(IsGraspable Fork_1)",
            "(IsGraspable EnergyDrink_1)",
            "(IsGraspable Coke_1)",
            "(IsGraspable CanadaDry_1)",
            "(IsGraspable Plate_1)",
            "(IsGraspable Plate_2)",
            "(state Syrup_2 Chocolate)",
            "(IsGraspable Syrup_2)",
            "(IsSqueezeable Syrup_2)",
            "(IsGraspable InstantRamen_1)",
            "(IsGraspable BoiledEgg_1)",
            "(IsGraspable Salt_1)",
            "(In Spoon_1 Fridge)",
            "(In IceCream_1 Fridge)",
            "(In EnergyDrink_1 Fridge)",
            "(In Coke_1 Fridge)",
            "(In CanadaDry_1 Fridge)",
            "(On Plate_2 StoveFire_4)",
            "(On Salt_1 StoveFire_3)",
            "(Near Robot Microwave)",
            "(state Microwave DoorIsOpen)",
            "(Near Robot Sink)",
            "(On LongCup_1 Sink)",
            "(On Mug_1 Sink)",
            "(On LongCup_2 Sink)",
            "(On Glass_1 Sink)",
            "(Near Robot Syrup_2)"
        ],
        [
            "(IsGraspable Mug_1)",
            "(IsGraspable Spoon_1)",
            "(state IceCream_1 ScoopsLeft)",
            "(IsGraspable IceCream_1)",
            "(IsGraspable Kettle)",
            "(IsGraspable Ramen_1)",
            "(state Syrup_1 Vanilla)",
            "(IsGraspable Syrup_1)",
            "(IsSqueezeable Syrup_1)",
            "(IsGraspable Glass_1)",
            "(IsGraspable LongCup_1)",
            "(IsGraspable LongCup_2)",
            "(IsGraspable Fork_1)",
            "(IsGraspable EnergyDrink_1)",
            "(IsGraspable Coke_1)",
            "(IsGraspable CanadaDry_1)",
            "(IsGraspable Plate_1)",
            "(IsGraspable Plate_2)",
            "(state Syrup_2 Chocolate)",
            "(IsGraspable Syrup_2)",
            "(IsSqueezeable Syrup_2)",
            "(IsGraspable InstantRamen_1)",
            "(IsGraspable BoiledEgg_1)",
            "(IsGraspable Salt_1)",
            "(In Spoon_1 Fridge)",
            "(In IceCream_1 Fridge)",
            "(In EnergyDrink_1 Fridge)",
            "(In Coke_1 Fridge)",
            "(In CanadaDry_1 Fridge)",
            "(On Plate_2 StoveFire_4)",
            "(On Salt_1 StoveFire_3)",
            "(Near Robot Microwave)",
            "(state Microwave DoorIsOpen)",
            "(Near Robot Sink)",
            "(On LongCup_1 Sink)",
            "(On Mug_1 Sink)",
            "(On LongCup_2 Sink)",
            "(On Glass_1 Sink)",
            "(Grasping Robot Syrup_2)"
        ],
        [
            "(IsGraspable Mug_1)",
            "(IsGraspable Spoon_1)",
            "(state IceCream_1 ScoopsLeft)",
            "(IsGraspable IceCream_1)",
            "(IsGraspable Kettle)",
            "(IsGraspable Ramen_1)",
            "(state Syrup_1 Vanilla)",
            "(IsGraspable Syrup_1)",
            "(IsSqueezeable Syrup_1)",
            "(IsGraspable Glass_1)",
            "(IsGraspable LongCup_1)",
            "(IsGraspable LongCup_2)",
            "(IsGraspable Fork_1)",
            "(IsGraspable EnergyDrink_1)",
            "(IsGraspable Coke_1)",
            "(IsGraspable CanadaDry_1)",
            "(IsGraspable Plate_1)",
            "(IsGraspable Plate_2)",
            "(state Syrup_2 Chocolate)",
            "(IsGraspable Syrup_2)",
            "(IsSqueezeable Syrup_2)",
            "(IsGraspable InstantRamen_1)",
            "(IsGraspable BoiledEgg_1)",
            "(IsGraspable Salt_1)",
            "(In Spoon_1 Fridge)",
            "(In IceCream_1 Fridge)",
            "(In EnergyDrink_1 Fridge)",
            "(In Coke_1 Fridge)",
            "(In CanadaDry_1 Fridge)",
            "(On Plate_2 StoveFire_4)",
            "(On Salt_1 StoveFire_3)",
            "(Near Robot Microwave)",
            "(state Microwave DoorIsOpen)",
            "(Near Robot Sink)",
            "(On LongCup_1 Sink)",
            "(On Mug_1 Sink)",
            "(On LongCup_2 Sink)",
            "(On Glass_1 Sink)"
        ]
    ],
    "action_seq": [
        "moveto Syrup_1",
        "grasp Syrup_1",
        "release Syrup_1",
        "moveto Syrup_2",
        "grasp Syrup_2",
        "release Syrup_2",
        "noop"
    ],
    "delta_g": [
        [
            "(Near Robot Syrup_1)"
        ],
        [
            "(Grasping Robot Syrup_1)"
        ],
        [],
        [
            "(Near Robot Syrup_2)"
        ],
        [
            "(Grasping Robot Syrup_2)"
        ],
        [],
        []
    ],
    "delta_g_inv": [
        [],
        [
            "(Near Robot Syrup_1)"
        ],
        [
            "(Grasping Robot Syrup_1)"
        ],
        [],
        [
            "(Near Robot Syrup_2)"
        ],
        [
            "(Grasping Robot Syrup_2)"
        ],
        []
    ]
}