{
    "sent": "grasp brown book place it on table in front of sofa",
    "filename": "47",
    "arg_mapping": {
        "book": [
            "(Book_1)",
            "(Book_2)"
        ],
        "couch": [
            "(Loveseat_1)"
        ],
        "table": [
            "(CoffeeTable_1)",
            "(tvtable_1)",
            "(SnackTable_1)"
        ]
    },
    "initial_states": [
        [
            "(state Tv_1 Channel3)",
            "(state Tv_1 Volume)",
            "(IsGraspable Tv_1Remote_1)",
            "(IsGraspable Pillow_1)",
            "(IsGraspable Pillow_2)",
            "(IsGraspable Pillow_3)",
            "(state BagOfChips_1 IsOpen)",
            "(state BagOfChips_1 HasChips)",
            "(IsGraspable BagOfChips_1)",
            "(state Bowl_1 HasChips)",
            "(IsGraspable Bowl_1)",
            "(IsGraspable GarbageBag_1)",
            "(IsGraspable GarbageBin_1)",
            "(IsGraspable Book_1)",
            "(IsGraspable Book_2)",
            "(IsGraspable Coke_1)",
            "(IsGraspable Beer_1)",
            "(IsGraspable XboxController_1)",
            "(IsGraspable Xbox_1)",
            "(state Cd_2 CD)",
            "(IsGraspable Cd_2)",
            "(state Cd_1 CD)",
            "(IsGraspable Cd_1)",
            "(On Tv_1Remote_1 Loveseat_1)",
            "(On Pillow_1 Armchair_1)",
            "(On Pillow_2 Shelf_1)",
            "(On Pillow_3 Shelf_1)",
            "(On BagOfChips_1 Shelf_1)",
            "(On Bowl_1 Shelf_1)",
            "(In GarbageBag_1 GarbageBag_1)",
            "(On GarbageBin_1 GarbageBin_1)",
            "(On Book_1 Loveseat_1)",
            "(On Book_2 Armchair_2)",
            "(On Coke_1 Loveseat_1)",
            "(In Beer_1 GarbageBag_1)",
            "(On XboxController_1 CoffeeTable_1)",
            "(On Xbox_1 Armchair_2)",
            "(On Cd_2 Armchair_2)",
            "(On Cd_1 Shelf_2)",
            "(Near Robot Tv_1)"
        ],
        [
            "(state Tv_1 Channel3)",
            "(state Tv_1 Volume)",
            "(IsGraspable Tv_1Remote_1)",
            "(IsGraspable Pillow_1)",
            "(IsGraspable Pillow_2)",
            "(IsGraspable Pillow_3)",
            "(state BagOfChips_1 IsOpen)",
            "(state BagOfChips_1 HasChips)",
            "(IsGraspable BagOfChips_1)",
            "(state Bowl_1 HasChips)",
            "(IsGraspable Bowl_1)",
            "(IsGraspable GarbageBag_1)",
            "(IsGraspable GarbageBin_1)",
            "(IsGraspable Book_1)",
            "(IsGraspable Book_2)",
            "(IsGraspable Coke_1)",
            "(IsGraspable Beer_1)",
            "(IsGraspable XboxController_1)",
            "(IsGraspable Xbox_1)",
            "(state Cd_2 CD)",
            "(IsGraspable Cd_2)",
            "(state Cd_1 CD)",
            "(IsGraspable Cd_1)",
            "(On Tv_1Remote_1 Loveseat_1)",
            "(On Pillow_1 Armchair_1)",
            "(On Pillow_2 Shelf_1)",
            "(On Pillow_3 Shelf_1)",
            "(On BagOfChips_1 Shelf_1)",
            "(On Bowl_1 Shelf_1)",
            "(In GarbageBag_1 GarbageBag_1)",
            "(On GarbageBin_1 GarbageBin_1)",
            "(On Book_1 Loveseat_1)",
            "(On Book_2 Armchair_2)",
            "(On Coke_1 Loveseat_1)",
            "(In Beer_1 GarbageBag_1)",
            "(On XboxController_1 CoffeeTable_1)",
            "(On Xbox_1 Armchair_2)",
            "(On Cd_2 Armchair_2)",
            "(On Cd_1 Shelf_2)",
            "(Near Robot Tv_1)",
            "(Near Robot Book_2)"
        ],
        [
            "(state Tv_1 Channel3)",
            "(state Tv_1 Volume)",
            "(IsGraspable Tv_1Remote_1)",
            "(IsGraspable Pillow_1)",
            "(IsGraspable Pillow_2)",
            "(IsGraspable Pillow_3)",
            "(state BagOfChips_1 IsOpen)",
            "(state BagOfChips_1 HasChips)",
            "(IsGraspable BagOfChips_1)",
            "(state Bowl_1 HasChips)",
            "(IsGraspable Bowl_1)",
            "(IsGraspable GarbageBag_1)",
            "(IsGraspable GarbageBin_1)",
            "(IsGraspable Book_1)",
            "(IsGraspable Book_2)",
            "(IsGraspable Coke_1)",
            "(IsGraspable Beer_1)",
            "(IsGraspable XboxController_1)",
            "(IsGraspable Xbox_1)",
            "(state Cd_2 CD)",
            "(IsGraspable Cd_2)",
            "(state Cd_1 CD)",
            "(IsGraspable Cd_1)",
            "(On Tv_1Remote_1 Loveseat_1)",
            "(On Pillow_1 Armchair_1)",
            "(On Pillow_2 Shelf_1)",
            "(On Pillow_3 Shelf_1)",
            "(On BagOfChips_1 Shelf_1)",
            "(On Bowl_1 Shelf_1)",
            "(In GarbageBag_1 GarbageBag_1)",
            "(On GarbageBin_1 GarbageBin_1)",
            "(On Book_1 Loveseat_1)",
            "(On Coke_1 Loveseat_1)",
            "(In Beer_1 GarbageBag_1)",
            "(On XboxController_1 CoffeeTable_1)",
            "(On Xbox_1 Armchair_2)",
            "(On Cd_2 Armchair_2)",
            "(On Cd_1 Shelf_2)",
            "(Near Robot Tv_1)",
            "(Grasping Robot Book_2)"
        ]
    ],
    "action_seq": [
        "moveto Book_2",
        "grasp Book_2",
        "noop"
    ],
    "delta_g": [
        [
            "(Near Robot Book_2)"
        ],
        [
            "(Grasping Robot Book_2)"
        ],
        []
    ],
    "delta_g_inv": [
        [],
        [
            "(On Book_2 Armchair_2)",
            "(Near Robot Book_2)"
        ],
        []
    ]
}