{
    "sent": "fill pot with water place it in sink on stove bring water to boil",
    "filename": "73",
    "arg_mapping": {
        "sink": [
            "(Sink)"
        ],
        "pot": [
            "(Kettle)"
        ]
    },
    "initial_states": [
        [
            "(state Mug_1 Coffee)",
            "(IsGraspable Mug_1)",
            "(IsGraspable Spoon_1)",
            "(state IceCream_1 ScoopsLeft)",
            "(IsGraspable IceCream_1)",
            "(IsGraspable Kettle)",
            "(IsGraspable Ramen_1)",
            "(state Syrup_1 Vanilla)",
            "(IsGraspable Syrup_1)",
            "(IsSqueezeable Syrup_1)",
            "(IsGraspable Glass_1)",
            "(state LongCup_1 Coffee)",
            "(IsGraspable LongCup_1)",
            "(IsGraspable LongCup_2)",
            "(IsGraspable Fork_1)",
            "(IsGraspable EnergyDrink_1)",
            "(IsGraspable Coke_1)",
            "(IsGraspable CanadaDry_1)",
            "(IsGraspable Plate_1)",
            "(IsGraspable Plate_2)",
            "(state Syrup_2 Chocolate)",
            "(IsGraspable Syrup_2)",
            "(IsSqueezeable Syrup_2)",
            "(IsGraspable InstantRamen_1)",
            "(IsGraspable BoiledEgg_1)",
            "(IsGraspable Salt_1)",
            "(In IceCream_1 Fridge)",
            "(On Syrup_1 StoveFire_4)",
            "(On Glass_1 StoveFire_4)",
            "(On Fork_1 StoveFire_4)",
            "(On EnergyDrink_1 StoveFire_4)",
            "(In Coke_1 Fridge)",
            "(In CanadaDry_1 Fridge)",
            "(On Plate_2 StoveFire_4)",
            "(On Syrup_2 StoveFire_1)",
            "(In BoiledEgg_1 Fridge)",
            "(In Salt_1 Fridge)"
        ],
        [
            "(state Mug_1 Coffee)",
            "(IsGraspable Mug_1)",
            "(IsGraspable Spoon_1)",
            "(state IceCream_1 ScoopsLeft)",
            "(IsGraspable IceCream_1)",
            "(IsGraspable Kettle)",
            "(IsGraspable Ramen_1)",
            "(state Syrup_1 Vanilla)",
            "(IsGraspable Syrup_1)",
            "(IsSqueezeable Syrup_1)",
            "(IsGraspable Glass_1)",
            "(state LongCup_1 Coffee)",
            "(IsGraspable LongCup_1)",
            "(IsGraspable LongCup_2)",
            "(IsGraspable Fork_1)",
            "(IsGraspable EnergyDrink_1)",
            "(IsGraspable Coke_1)",
            "(IsGraspable CanadaDry_1)",
            "(IsGraspable Plate_1)",
            "(IsGraspable Plate_2)",
            "(state Syrup_2 Chocolate)",
            "(IsGraspable Syrup_2)",
            "(IsSqueezeable Syrup_2)",
            "(IsGraspable InstantRamen_1)",
            "(IsGraspable BoiledEgg_1)",
            "(IsGraspable Salt_1)",
            "(In IceCream_1 Fridge)",
            "(On Syrup_1 StoveFire_4)",
            "(On Glass_1 StoveFire_4)",
            "(On Fork_1 StoveFire_4)",
            "(On EnergyDrink_1 StoveFire_4)",
            "(In Coke_1 Fridge)",
            "(In CanadaDry_1 Fridge)",
            "(On Plate_2 StoveFire_4)",
            "(On Syrup_2 StoveFire_1)",
            "(In BoiledEgg_1 Fridge)",
            "(In Salt_1 Fridge)",
            "(Near Robot Kettle)"
        ],
        [
            "(state Mug_1 Coffee)",
            "(IsGraspable Mug_1)",
            "(IsGraspable Spoon_1)",
            "(state IceCream_1 ScoopsLeft)",
            "(IsGraspable IceCream_1)",
            "(IsGraspable Kettle)",
            "(IsGraspable Ramen_1)",
            "(state Syrup_1 Vanilla)",
            "(IsGraspable Syrup_1)",
            "(IsSqueezeable Syrup_1)",
            "(IsGraspable Glass_1)",
            "(state LongCup_1 Coffee)",
            "(IsGraspable LongCup_1)",
            "(IsGraspable LongCup_2)",
            "(IsGraspable Fork_1)",
            "(IsGraspable EnergyDrink_1)",
            "(IsGraspable Coke_1)",
            "(IsGraspable CanadaDry_1)",
            "(IsGraspable Plate_1)",
            "(IsGraspable Plate_2)",
            "(state Syrup_2 Chocolate)",
            "(IsGraspable Syrup_2)",
            "(IsSqueezeable Syrup_2)",
            "(IsGraspable InstantRamen_1)",
            "(IsGraspable BoiledEgg_1)",
            "(IsGraspable Salt_1)",
            "(In IceCream_1 Fridge)",
            "(On Syrup_1 StoveFire_4)",
            "(On Glass_1 StoveFire_4)",
            "(On Fork_1 StoveFire_4)",
            "(On EnergyDrink_1 StoveFire_4)",
            "(In Coke_1 Fridge)",
            "(In CanadaDry_1 Fridge)",
            "(On Plate_2 StoveFire_4)",
            "(On Syrup_2 StoveFire_1)",
            "(In BoiledEgg_1 Fridge)",
            "(In Salt_1 Fridge)",
            "(Grasping Robot Kettle)"
        ],
        [
            "(state Mug_1 Coffee)",
            "(IsGraspable Mug_1)",
            "(IsGraspable Spoon_1)",
            "(state IceCream_1 ScoopsLeft)",
            "(IsGraspable IceCream_1)",
            "(IsGraspable Kettle)",
            "(IsGraspable Ramen_1)",
            "(state Syrup_1 Vanilla)",
            "(IsGraspable Syrup_1)",
            "(IsSqueezeable Syrup_1)",
            "(IsGraspable Glass_1)",
            "(state LongCup_1 Coffee)",
            "(IsGraspable LongCup_1)",
            "(IsGraspable LongCup_2)",
            "(IsGraspable Fork_1)",
            "(IsGraspable EnergyDrink_1)",
            "(IsGraspable Coke_1)",
            "(IsGraspable CanadaDry_1)",
            "(IsGraspable Plate_1)",
            "(IsGraspable Plate_2)",
            "(state Syrup_2 Chocolate)",
            "(IsGraspable Syrup_2)",
            "(IsSqueezeable Syrup_2)",
            "(IsGraspable InstantRamen_1)",
            "(IsGraspable BoiledEgg_1)",
            "(IsGraspable Salt_1)",
            "(In IceCream_1 Fridge)",
            "(On Syrup_1 StoveFire_4)",
            "(On Glass_1 StoveFire_4)",
            "(On Fork_1 StoveFire_4)",
            "(On EnergyDrink_1 StoveFire_4)",
            "(In Coke_1 Fridge)",
            "(In CanadaDry_1 Fridge)",
            "(On Plate_2 StoveFire_4)",
            "(On Syrup_2 StoveFire_1)",
            "(In BoiledEgg_1 Fridge)",
            "(In Salt_1 Fridge)",
            "(Grasping Robot Kettle)",
            "(Near Robot Sink)"
        ],
        [
            "(state Mug_1 Coffee)",
            "(IsGraspable Mug_1)",
            "(IsGraspable Spoon_1)",
            "(state IceCream_1 ScoopsLeft)",
            "(IsGraspable IceCream_1)",
            "(IsGraspable Kettle)",
            "(IsGraspable Ramen_1)",
            "(state Syrup_1 Vanilla)",
            "(IsGraspable Syrup_1)",
            "(IsSqueezeable Syrup_1)",
            "(IsGraspable Glass_1)",
            "(state LongCup_1 Coffee)",
            "(IsGraspable LongCup_1)",
            "(IsGraspable LongCup_2)",
            "(IsGraspable Fork_1)",
            "(IsGraspable EnergyDrink_1)",
            "(IsGraspable Coke_1)",
            "(IsGraspable CanadaDry_1)",
            "(IsGraspable Plate_1)",
            "(IsGraspable Plate_2)",
            "(state Syrup_2 Chocolate)",
            "(IsGraspable Syrup_2)",
            "(IsSqueezeable Syrup_2)",
            "(IsGraspable InstantRamen_1)",
            "(IsGraspable BoiledEgg_1)",
            "(IsGraspable Salt_1)",
            "(In IceCream_1 Fridge)",
            "(On Syrup_1 StoveFire_4)",
            "(On Glass_1 StoveFire_4)",
            "(On Fork_1 StoveFire_4)",
            "(On EnergyDrink_1 StoveFire_4)",
            "(In Coke_1 Fridge)",
            "(In CanadaDry_1 Fridge)",
            "(On Plate_2 StoveFire_4)",
            "(On Syrup_2 StoveFire_1)",
            "(In BoiledEgg_1 Fridge)",
            "(In Salt_1 Fridge)",
            "(Near Robot Sink)",
            "(On Kettle Sink)"
        ]
    ],
    "action_seq": [
        "moveto Kettle",
        "grasp Kettle",
        "moveto Sink",
        "keep Kettle On Sink",
        "noop"
    ],
    "delta_g": [
        [
            "(Near Robot Kettle)"
        ],
        [
            "(Grasping Robot Kettle)"
        ],
        [
            "(Near Robot Sink)"
        ],
        [
            "(On Kettle Sink)"
        ],
        []
    ],
    "delta_g_inv": [
        [],
        [
            "(Near Robot Kettle)"
        ],
        [],
        [
            "(Grasping Robot Kettle)"
        ],
        []
    ]
}