{
    "sent": "bring glass long cup mug long cup pot spoon to sink dump contents of mug into sink",
    "filename": "94",
    "arg_mapping": {
        "mug": [
            "(Mug_1)",
            "(Mug_1)"
        ],
        "spoon": [
            "(Spoon_1)"
        ],
        "sink": [
            "(Sink)",
            "(Sink)"
        ],
        "cup1": [
            "(LongCup_1)",
            "(LongCup_2)"
        ],
        "glass1": [
            "(Glass_1)"
        ],
        "cup2": [
            "(LongCup_1)",
            "(LongCup_2)"
        ],
        "pot": [
            "(Kettle)"
        ]
    },
    "initial_states": [
        [
            "(state Mug_1 Coffee)",
            "(IsGraspable Mug_1)",
            "(IsGraspable Spoon_1)",
            "(state IceCream_1 ScoopsLeft)",
            "(IsGraspable IceCream_1)",
            "(IsGraspable Kettle)",
            "(IsGraspable Ramen_1)",
            "(state Syrup_1 Vanilla)",
            "(IsGraspable Syrup_1)",
            "(IsSqueezeable Syrup_1)",
            "(IsGraspable Glass_1)",
            "(IsGraspable LongCup_1)",
            "(IsGraspable LongCup_2)",
            "(IsGraspable Fork_1)",
            "(IsGraspable EnergyDrink_1)",
            "(IsGraspable Coke_1)",
            "(IsGraspable CanadaDry_1)",
            "(IsGraspable Plate_1)",
            "(IsGraspable Plate_2)",
            "(state Syrup_2 Chocolate)",
            "(IsGraspable Syrup_2)",
            "(IsSqueezeable Syrup_2)",
            "(IsGraspable InstantRamen_1)",
            "(IsGraspable BoiledEgg_1)",
            "(IsGraspable Salt_1)",
            "(On Mug_1 StoveFire_4)",
            "(In IceCream_1 Fridge)",
            "(In Kettle Fridge)",
            "(On Ramen_1 StoveFire_1)",
            "(In Glass_1 Fridge)",
            "(In LongCup_1 Fridge)",
            "(On LongCup_2 StoveFire_1)",
            "(On Fork_1 StoveFire_1)",
            "(In EnergyDrink_1 Fridge)",
            "(In Coke_1 Fridge)",
            "(In CanadaDry_1 Fridge)",
            "(In Plate_1 Fridge)",
            "(On Plate_2 StoveFire_1)",
            "(On InstantRamen_1 StoveFire_3)",
            "(In BoiledEgg_1 Fridge)",
            "(On Salt_1 StoveFire_3)",
            "(Near Robot Fridge)"
        ],
        [
            "(state Mug_1 Coffee)",
            "(IsGraspable Mug_1)",
            "(IsGraspable Spoon_1)",
            "(state IceCream_1 ScoopsLeft)",
            "(IsGraspable IceCream_1)",
            "(IsGraspable Kettle)",
            "(IsGraspable Ramen_1)",
            "(state Syrup_1 Vanilla)",
            "(IsGraspable Syrup_1)",
            "(IsSqueezeable Syrup_1)",
            "(IsGraspable Glass_1)",
            "(IsGraspable LongCup_1)",
            "(IsGraspable LongCup_2)",
            "(IsGraspable Fork_1)",
            "(IsGraspable EnergyDrink_1)",
            "(IsGraspable Coke_1)",
            "(IsGraspable CanadaDry_1)",
            "(IsGraspable Plate_1)",
            "(IsGraspable Plate_2)",
            "(state Syrup_2 Chocolate)",
            "(IsGraspable Syrup_2)",
            "(IsSqueezeable Syrup_2)",
            "(IsGraspable InstantRamen_1)",
            "(IsGraspable BoiledEgg_1)",
            "(IsGraspable Salt_1)",
            "(On Mug_1 StoveFire_4)",
            "(In IceCream_1 Fridge)",
            "(In Kettle Fridge)",
            "(On Ramen_1 StoveFire_1)",
            "(In Glass_1 Fridge)",
            "(In LongCup_1 Fridge)",
            "(On LongCup_2 StoveFire_1)",
            "(On Fork_1 StoveFire_1)",
            "(In EnergyDrink_1 Fridge)",
            "(In Coke_1 Fridge)",
            "(In CanadaDry_1 Fridge)",
            "(In Plate_1 Fridge)",
            "(On Plate_2 StoveFire_1)",
            "(On InstantRamen_1 StoveFire_3)",
            "(In BoiledEgg_1 Fridge)",
            "(On Salt_1 StoveFire_3)",
            "(Near Robot Fridge)",
            "(Near Robot Glass_1)"
        ],
        [
            "(state Mug_1 Coffee)",
            "(IsGraspable Mug_1)",
            "(IsGraspable Spoon_1)",
            "(state IceCream_1 ScoopsLeft)",
            "(IsGraspable IceCream_1)",
            "(IsGraspable Kettle)",
            "(IsGraspable Ramen_1)",
            "(state Syrup_1 Vanilla)",
            "(IsGraspable Syrup_1)",
            "(IsSqueezeable Syrup_1)",
            "(IsGraspable Glass_1)",
            "(IsGraspable LongCup_1)",
            "(IsGraspable LongCup_2)",
            "(IsGraspable Fork_1)",
            "(IsGraspable EnergyDrink_1)",
            "(IsGraspable Coke_1)",
            "(IsGraspable CanadaDry_1)",
            "(IsGraspable Plate_1)",
            "(IsGraspable Plate_2)",
            "(state Syrup_2 Chocolate)",
            "(IsGraspable Syrup_2)",
            "(IsSqueezeable Syrup_2)",
            "(IsGraspable InstantRamen_1)",
            "(IsGraspable BoiledEgg_1)",
            "(IsGraspable Salt_1)",
            "(On Mug_1 StoveFire_4)",
            "(In IceCream_1 Fridge)",
            "(In Kettle Fridge)",
            "(On Ramen_1 StoveFire_1)",
            "(In LongCup_1 Fridge)",
            "(On LongCup_2 StoveFire_1)",
            "(On Fork_1 StoveFire_1)",
            "(In EnergyDrink_1 Fridge)",
            "(In Coke_1 Fridge)",
            "(In CanadaDry_1 Fridge)",
            "(In Plate_1 Fridge)",
            "(On Plate_2 StoveFire_1)",
            "(On InstantRamen_1 StoveFire_3)",
            "(In BoiledEgg_1 Fridge)",
            "(On Salt_1 StoveFire_3)",
            "(Near Robot Fridge)",
            "(Grasping Robot Glass_1)"
        ],
        [
            "(state Mug_1 Coffee)",
            "(IsGraspable Mug_1)",
            "(IsGraspable Spoon_1)",
            "(state IceCream_1 ScoopsLeft)",
            "(IsGraspable IceCream_1)",
            "(IsGraspable Kettle)",
            "(IsGraspable Ramen_1)",
            "(state Syrup_1 Vanilla)",
            "(IsGraspable Syrup_1)",
            "(IsSqueezeable Syrup_1)",
            "(IsGraspable Glass_1)",
            "(IsGraspable LongCup_1)",
            "(IsGraspable LongCup_2)",
            "(IsGraspable Fork_1)",
            "(IsGraspable EnergyDrink_1)",
            "(IsGraspable Coke_1)",
            "(IsGraspable CanadaDry_1)",
            "(IsGraspable Plate_1)",
            "(IsGraspable Plate_2)",
            "(state Syrup_2 Chocolate)",
            "(IsGraspable Syrup_2)",
            "(IsSqueezeable Syrup_2)",
            "(IsGraspable InstantRamen_1)",
            "(IsGraspable BoiledEgg_1)",
            "(IsGraspable Salt_1)",
            "(On Mug_1 StoveFire_4)",
            "(In IceCream_1 Fridge)",
            "(In Kettle Fridge)",
            "(On Ramen_1 StoveFire_1)",
            "(In LongCup_1 Fridge)",
            "(On LongCup_2 StoveFire_1)",
            "(On Fork_1 StoveFire_1)",
            "(In EnergyDrink_1 Fridge)",
            "(In Coke_1 Fridge)",
            "(In CanadaDry_1 Fridge)",
            "(In Plate_1 Fridge)",
            "(On Plate_2 StoveFire_1)",
            "(On InstantRamen_1 StoveFire_3)",
            "(In BoiledEgg_1 Fridge)",
            "(On Salt_1 StoveFire_3)",
            "(Near Robot Fridge)",
            "(Grasping Robot Glass_1)",
            "(Near Robot Kettle)"
        ],
        [
            "(state Mug_1 Coffee)",
            "(IsGraspable Mug_1)",
            "(IsGraspable Spoon_1)",
            "(state IceCream_1 ScoopsLeft)",
            "(IsGraspable IceCream_1)",
            "(IsGraspable Kettle)",
            "(IsGraspable Ramen_1)",
            "(state Syrup_1 Vanilla)",
            "(IsGraspable Syrup_1)",
            "(IsSqueezeable Syrup_1)",
            "(IsGraspable Glass_1)",
            "(IsGraspable LongCup_1)",
            "(IsGraspable LongCup_2)",
            "(IsGraspable Fork_1)",
            "(IsGraspable EnergyDrink_1)",
            "(IsGraspable Coke_1)",
            "(IsGraspable CanadaDry_1)",
            "(IsGraspable Plate_1)",
            "(IsGraspable Plate_2)",
            "(state Syrup_2 Chocolate)",
            "(IsGraspable Syrup_2)",
            "(IsSqueezeable Syrup_2)",
            "(IsGraspable InstantRamen_1)",
            "(IsGraspable BoiledEgg_1)",
            "(IsGraspable Salt_1)",
            "(On Mug_1 StoveFire_4)",
            "(In IceCream_1 Fridge)",
            "(On Ramen_1 StoveFire_1)",
            "(In LongCup_1 Fridge)",
            "(On LongCup_2 StoveFire_1)",
            "(On Fork_1 StoveFire_1)",
            "(In EnergyDrink_1 Fridge)",
            "(In Coke_1 Fridge)",
            "(In CanadaDry_1 Fridge)",
            "(In Plate_1 Fridge)",
            "(On Plate_2 StoveFire_1)",
            "(On InstantRamen_1 StoveFire_3)",
            "(In BoiledEgg_1 Fridge)",
            "(On Salt_1 StoveFire_3)",
            "(Near Robot Fridge)",
            "(Grasping Robot Glass_1)",
            "(Grasping Robot Kettle)"
        ],
        [
            "(state Mug_1 Coffee)",
            "(IsGraspable Mug_1)",
            "(IsGraspable Spoon_1)",
            "(state IceCream_1 ScoopsLeft)",
            "(IsGraspable IceCream_1)",
            "(IsGraspable Kettle)",
            "(IsGraspable Ramen_1)",
            "(state Syrup_1 Vanilla)",
            "(IsGraspable Syrup_1)",
            "(IsSqueezeable Syrup_1)",
            "(IsGraspable Glass_1)",
            "(IsGraspable LongCup_1)",
            "(IsGraspable LongCup_2)",
            "(IsGraspable Fork_1)",
            "(IsGraspable EnergyDrink_1)",
            "(IsGraspable Coke_1)",
            "(IsGraspable CanadaDry_1)",
            "(IsGraspable Plate_1)",
            "(IsGraspable Plate_2)",
            "(state Syrup_2 Chocolate)",
            "(IsGraspable Syrup_2)",
            "(IsSqueezeable Syrup_2)",
            "(IsGraspable InstantRamen_1)",
            "(IsGraspable BoiledEgg_1)",
            "(IsGraspable Salt_1)",
            "(On Mug_1 StoveFire_4)",
            "(In IceCream_1 Fridge)",
            "(On Ramen_1 StoveFire_1)",
            "(In LongCup_1 Fridge)",
            "(On LongCup_2 StoveFire_1)",
            "(On Fork_1 StoveFire_1)",
            "(In EnergyDrink_1 Fridge)",
            "(In Coke_1 Fridge)",
            "(In CanadaDry_1 Fridge)",
            "(In Plate_1 Fridge)",
            "(On Plate_2 StoveFire_1)",
            "(On InstantRamen_1 StoveFire_3)",
            "(In BoiledEgg_1 Fridge)",
            "(On Salt_1 StoveFire_3)",
            "(Near Robot Fridge)",
            "(Grasping Robot Glass_1)",
            "(Grasping Robot Kettle)",
            "(Near Robot LongCup_1)"
        ],
        [
            "(state Mug_1 Coffee)",
            "(IsGraspable Mug_1)",
            "(IsGraspable Spoon_1)",
            "(state IceCream_1 ScoopsLeft)",
            "(IsGraspable IceCream_1)",
            "(IsGraspable Kettle)",
            "(IsGraspable Ramen_1)",
            "(state Syrup_1 Vanilla)",
            "(IsGraspable Syrup_1)",
            "(IsSqueezeable Syrup_1)",
            "(IsGraspable Glass_1)",
            "(IsGraspable LongCup_1)",
            "(IsGraspable LongCup_2)",
            "(IsGraspable Fork_1)",
            "(IsGraspable EnergyDrink_1)",
            "(IsGraspable Coke_1)",
            "(IsGraspable CanadaDry_1)",
            "(IsGraspable Plate_1)",
            "(IsGraspable Plate_2)",
            "(state Syrup_2 Chocolate)",
            "(IsGraspable Syrup_2)",
            "(IsSqueezeable Syrup_2)",
            "(IsGraspable InstantRamen_1)",
            "(IsGraspable BoiledEgg_1)",
            "(IsGraspable Salt_1)",
            "(On Mug_1 StoveFire_4)",
            "(In IceCream_1 Fridge)",
            "(On Ramen_1 StoveFire_1)",
            "(On LongCup_2 StoveFire_1)",
            "(On Fork_1 StoveFire_1)",
            "(In EnergyDrink_1 Fridge)",
            "(In Coke_1 Fridge)",
            "(In CanadaDry_1 Fridge)",
            "(In Plate_1 Fridge)",
            "(On Plate_2 StoveFire_1)",
            "(On InstantRamen_1 StoveFire_3)",
            "(In BoiledEgg_1 Fridge)",
            "(On Salt_1 StoveFire_3)",
            "(Near Robot Fridge)",
            "(Grasping Robot Glass_1)",
            "(Grasping Robot Kettle)",
            "(Grasping Robot LongCup_1)"
        ],
        [
            "(state Mug_1 Coffee)",
            "(IsGraspable Mug_1)",
            "(IsGraspable Spoon_1)",
            "(state IceCream_1 ScoopsLeft)",
            "(IsGraspable IceCream_1)",
            "(IsGraspable Kettle)",
            "(IsGraspable Ramen_1)",
            "(state Syrup_1 Vanilla)",
            "(IsGraspable Syrup_1)",
            "(IsSqueezeable Syrup_1)",
            "(IsGraspable Glass_1)",
            "(IsGraspable LongCup_1)",
            "(IsGraspable LongCup_2)",
            "(IsGraspable Fork_1)",
            "(IsGraspable EnergyDrink_1)",
            "(IsGraspable Coke_1)",
            "(IsGraspable CanadaDry_1)",
            "(IsGraspable Plate_1)",
            "(IsGraspable Plate_2)",
            "(state Syrup_2 Chocolate)",
            "(IsGraspable Syrup_2)",
            "(IsSqueezeable Syrup_2)",
            "(IsGraspable InstantRamen_1)",
            "(IsGraspable BoiledEgg_1)",
            "(IsGraspable Salt_1)",
            "(On Mug_1 StoveFire_4)",
            "(In IceCream_1 Fridge)",
            "(On Ramen_1 StoveFire_1)",
            "(On LongCup_2 StoveFire_1)",
            "(On Fork_1 StoveFire_1)",
            "(In EnergyDrink_1 Fridge)",
            "(In Coke_1 Fridge)",
            "(In CanadaDry_1 Fridge)",
            "(In Plate_1 Fridge)",
            "(On Plate_2 StoveFire_1)",
            "(On InstantRamen_1 StoveFire_3)",
            "(In BoiledEgg_1 Fridge)",
            "(On Salt_1 StoveFire_3)",
            "(Near Robot Fridge)",
            "(Grasping Robot Glass_1)",
            "(Grasping Robot Kettle)",
            "(Grasping Robot LongCup_1)",
            "(Near Robot Fork_1)"
        ],
        [
            "(state Mug_1 Coffee)",
            "(IsGraspable Mug_1)",
            "(IsGraspable Spoon_1)",
            "(state IceCream_1 ScoopsLeft)",
            "(IsGraspable IceCream_1)",
            "(IsGraspable Kettle)",
            "(IsGraspable Ramen_1)",
            "(state Syrup_1 Vanilla)",
            "(IsGraspable Syrup_1)",
            "(IsSqueezeable Syrup_1)",
            "(IsGraspable Glass_1)",
            "(IsGraspable LongCup_1)",
            "(IsGraspable LongCup_2)",
            "(IsGraspable Fork_1)",
            "(IsGraspable EnergyDrink_1)",
            "(IsGraspable Coke_1)",
            "(IsGraspable CanadaDry_1)",
            "(IsGraspable Plate_1)",
            "(IsGraspable Plate_2)",
            "(state Syrup_2 Chocolate)",
            "(IsGraspable Syrup_2)",
            "(IsSqueezeable Syrup_2)",
            "(IsGraspable InstantRamen_1)",
            "(IsGraspable BoiledEgg_1)",
            "(IsGraspable Salt_1)",
            "(On Mug_1 StoveFire_4)",
            "(In IceCream_1 Fridge)",
            "(On Ramen_1 StoveFire_1)",
            "(On LongCup_2 StoveFire_1)",
            "(In EnergyDrink_1 Fridge)",
            "(In Coke_1 Fridge)",
            "(In CanadaDry_1 Fridge)",
            "(In Plate_1 Fridge)",
            "(On Plate_2 StoveFire_1)",
            "(On InstantRamen_1 StoveFire_3)",
            "(In BoiledEgg_1 Fridge)",
            "(On Salt_1 StoveFire_3)",
            "(Near Robot Fridge)",
            "(Grasping Robot Glass_1)",
            "(Grasping Robot Kettle)",
            "(Grasping Robot LongCup_1)",
            "(Grasping Robot Fork_1)"
        ],
        [
            "(state Mug_1 Coffee)",
            "(IsGraspable Mug_1)",
            "(IsGraspable Spoon_1)",
            "(state IceCream_1 ScoopsLeft)",
            "(IsGraspable IceCream_1)",
            "(IsGraspable Kettle)",
            "(IsGraspable Ramen_1)",
            "(state Syrup_1 Vanilla)",
            "(IsGraspable Syrup_1)",
            "(IsSqueezeable Syrup_1)",
            "(IsGraspable Glass_1)",
            "(IsGraspable LongCup_1)",
            "(IsGraspable LongCup_2)",
            "(IsGraspable Fork_1)",
            "(IsGraspable EnergyDrink_1)",
            "(IsGraspable Coke_1)",
            "(IsGraspable CanadaDry_1)",
            "(IsGraspable Plate_1)",
            "(IsGraspable Plate_2)",
            "(state Syrup_2 Chocolate)",
            "(IsGraspable Syrup_2)",
            "(IsSqueezeable Syrup_2)",
            "(IsGraspable InstantRamen_1)",
            "(IsGraspable BoiledEgg_1)",
            "(IsGraspable Salt_1)",
            "(On Mug_1 StoveFire_4)",
            "(In IceCream_1 Fridge)",
            "(On Ramen_1 StoveFire_1)",
            "(On LongCup_2 StoveFire_1)",
            "(In EnergyDrink_1 Fridge)",
            "(In Coke_1 Fridge)",
            "(In CanadaDry_1 Fridge)",
            "(In Plate_1 Fridge)",
            "(On Plate_2 StoveFire_1)",
            "(On InstantRamen_1 StoveFire_3)",
            "(In BoiledEgg_1 Fridge)",
            "(On Salt_1 StoveFire_3)",
            "(Near Robot Fridge)",
            "(Grasping Robot Glass_1)",
            "(Grasping Robot Kettle)",
            "(Grasping Robot LongCup_1)",
            "(Grasping Robot Fork_1)",
            "(Near Robot LongCup_2)"
        ],
        [
            "(state Mug_1 Coffee)",
            "(IsGraspable Mug_1)",
            "(IsGraspable Spoon_1)",
            "(state IceCream_1 ScoopsLeft)",
            "(IsGraspable IceCream_1)",
            "(IsGraspable Kettle)",
            "(IsGraspable Ramen_1)",
            "(state Syrup_1 Vanilla)",
            "(IsGraspable Syrup_1)",
            "(IsSqueezeable Syrup_1)",
            "(IsGraspable Glass_1)",
            "(IsGraspable LongCup_1)",
            "(IsGraspable LongCup_2)",
            "(IsGraspable Fork_1)",
            "(IsGraspable EnergyDrink_1)",
            "(IsGraspable Coke_1)",
            "(IsGraspable CanadaDry_1)",
            "(IsGraspable Plate_1)",
            "(IsGraspable Plate_2)",
            "(state Syrup_2 Chocolate)",
            "(IsGraspable Syrup_2)",
            "(IsSqueezeable Syrup_2)",
            "(IsGraspable InstantRamen_1)",
            "(IsGraspable BoiledEgg_1)",
            "(IsGraspable Salt_1)",
            "(On Mug_1 StoveFire_4)",
            "(In IceCream_1 Fridge)",
            "(On Ramen_1 StoveFire_1)",
            "(In EnergyDrink_1 Fridge)",
            "(In Coke_1 Fridge)",
            "(In CanadaDry_1 Fridge)",
            "(In Plate_1 Fridge)",
            "(On Plate_2 StoveFire_1)",
            "(On InstantRamen_1 StoveFire_3)",
            "(In BoiledEgg_1 Fridge)",
            "(On Salt_1 StoveFire_3)",
            "(Near Robot Fridge)",
            "(Grasping Robot Glass_1)",
            "(Grasping Robot Kettle)",
            "(Grasping Robot LongCup_1)",
            "(Grasping Robot Fork_1)",
            "(Grasping Robot LongCup_2)"
        ],
        [
            "(state Mug_1 Coffee)",
            "(IsGraspable Mug_1)",
            "(IsGraspable Spoon_1)",
            "(state IceCream_1 ScoopsLeft)",
            "(IsGraspable IceCream_1)",
            "(IsGraspable Kettle)",
            "(IsGraspable Ramen_1)",
            "(state Syrup_1 Vanilla)",
            "(IsGraspable Syrup_1)",
            "(IsSqueezeable Syrup_1)",
            "(IsGraspable Glass_1)",
            "(IsGraspable LongCup_1)",
            "(IsGraspable LongCup_2)",
            "(IsGraspable Fork_1)",
            "(IsGraspable EnergyDrink_1)",
            "(IsGraspable Coke_1)",
            "(IsGraspable CanadaDry_1)",
            "(IsGraspable Plate_1)",
            "(IsGraspable Plate_2)",
            "(state Syrup_2 Chocolate)",
            "(IsGraspable Syrup_2)",
            "(IsSqueezeable Syrup_2)",
            "(IsGraspable InstantRamen_1)",
            "(IsGraspable BoiledEgg_1)",
            "(IsGraspable Salt_1)",
            "(On Mug_1 StoveFire_4)",
            "(In IceCream_1 Fridge)",
            "(On Ramen_1 StoveFire_1)",
            "(In EnergyDrink_1 Fridge)",
            "(In Coke_1 Fridge)",
            "(In CanadaDry_1 Fridge)",
            "(In Plate_1 Fridge)",
            "(On Plate_2 StoveFire_1)",
            "(On InstantRamen_1 StoveFire_3)",
            "(In BoiledEgg_1 Fridge)",
            "(On Salt_1 StoveFire_3)",
            "(Near Robot Fridge)",
            "(Grasping Robot Glass_1)",
            "(Grasping Robot Kettle)",
            "(Grasping Robot LongCup_1)",
            "(Grasping Robot Fork_1)",
            "(Grasping Robot LongCup_2)",
            "(Near Robot Mug_1)"
        ],
        [
            "(state Mug_1 Coffee)",
            "(IsGraspable Mug_1)",
            "(IsGraspable Spoon_1)",
            "(state IceCream_1 ScoopsLeft)",
            "(IsGraspable IceCream_1)",
            "(IsGraspable Kettle)",
            "(IsGraspable Ramen_1)",
            "(state Syrup_1 Vanilla)",
            "(IsGraspable Syrup_1)",
            "(IsSqueezeable Syrup_1)",
            "(IsGraspable Glass_1)",
            "(IsGraspable LongCup_1)",
            "(IsGraspable LongCup_2)",
            "(IsGraspable Fork_1)",
            "(IsGraspable EnergyDrink_1)",
            "(IsGraspable Coke_1)",
            "(IsGraspable CanadaDry_1)",
            "(IsGraspable Plate_1)",
            "(IsGraspable Plate_2)",
            "(state Syrup_2 Chocolate)",
            "(IsGraspable Syrup_2)",
            "(IsSqueezeable Syrup_2)",
            "(IsGraspable InstantRamen_1)",
            "(IsGraspable BoiledEgg_1)",
            "(IsGraspable Salt_1)",
            "(In IceCream_1 Fridge)",
            "(On Ramen_1 StoveFire_1)",
            "(In EnergyDrink_1 Fridge)",
            "(In Coke_1 Fridge)",
            "(In CanadaDry_1 Fridge)",
            "(In Plate_1 Fridge)",
            "(On Plate_2 StoveFire_1)",
            "(On InstantRamen_1 StoveFire_3)",
            "(In BoiledEgg_1 Fridge)",
            "(On Salt_1 StoveFire_3)",
            "(Near Robot Fridge)",
            "(Grasping Robot Glass_1)",
            "(Grasping Robot Kettle)",
            "(Grasping Robot LongCup_1)",
            "(Grasping Robot Fork_1)",
            "(Grasping Robot LongCup_2)",
            "(Grasping Robot Mug_1)"
        ],
        [
            "(state Mug_1 Coffee)",
            "(IsGraspable Mug_1)",
            "(IsGraspable Spoon_1)",
            "(state IceCream_1 ScoopsLeft)",
            "(IsGraspable IceCream_1)",
            "(IsGraspable Kettle)",
            "(IsGraspable Ramen_1)",
            "(state Syrup_1 Vanilla)",
            "(IsGraspable Syrup_1)",
            "(IsSqueezeable Syrup_1)",
            "(IsGraspable Glass_1)",
            "(IsGraspable LongCup_1)",
            "(IsGraspable LongCup_2)",
            "(IsGraspable Fork_1)",
            "(IsGraspable EnergyDrink_1)",
            "(IsGraspable Coke_1)",
            "(IsGraspable CanadaDry_1)",
            "(IsGraspable Plate_1)",
            "(IsGraspable Plate_2)",
            "(state Syrup_2 Chocolate)",
            "(IsGraspable Syrup_2)",
            "(IsSqueezeable Syrup_2)",
            "(IsGraspable InstantRamen_1)",
            "(IsGraspable BoiledEgg_1)",
            "(IsGraspable Salt_1)",
            "(In IceCream_1 Fridge)",
            "(On Ramen_1 StoveFire_1)",
            "(In EnergyDrink_1 Fridge)",
            "(In Coke_1 Fridge)",
            "(In CanadaDry_1 Fridge)",
            "(In Plate_1 Fridge)",
            "(On Plate_2 StoveFire_1)",
            "(On InstantRamen_1 StoveFire_3)",
            "(In BoiledEgg_1 Fridge)",
            "(On Salt_1 StoveFire_3)",
            "(Near Robot Fridge)",
            "(Grasping Robot Glass_1)",
            "(Grasping Robot Kettle)",
            "(Grasping Robot LongCup_1)",
            "(Grasping Robot Fork_1)",
            "(Grasping Robot LongCup_2)",
            "(Grasping Robot Mug_1)",
            "(Near Robot Plate_2)"
        ],
        [
            "(state Mug_1 Coffee)",
            "(IsGraspable Mug_1)",
            "(IsGraspable Spoon_1)",
            "(state IceCream_1 ScoopsLeft)",
            "(IsGraspable IceCream_1)",
            "(IsGraspable Kettle)",
            "(IsGraspable Ramen_1)",
            "(state Syrup_1 Vanilla)",
            "(IsGraspable Syrup_1)",
            "(IsSqueezeable Syrup_1)",
            "(IsGraspable Glass_1)",
            "(IsGraspable LongCup_1)",
            "(IsGraspable LongCup_2)",
            "(IsGraspable Fork_1)",
            "(IsGraspable EnergyDrink_1)",
            "(IsGraspable Coke_1)",
            "(IsGraspable CanadaDry_1)",
            "(IsGraspable Plate_1)",
            "(IsGraspable Plate_2)",
            "(state Syrup_2 Chocolate)",
            "(IsGraspable Syrup_2)",
            "(IsSqueezeable Syrup_2)",
            "(IsGraspable InstantRamen_1)",
            "(IsGraspable BoiledEgg_1)",
            "(IsGraspable Salt_1)",
            "(In IceCream_1 Fridge)",
            "(On Ramen_1 StoveFire_1)",
            "(In EnergyDrink_1 Fridge)",
            "(In Coke_1 Fridge)",
            "(In CanadaDry_1 Fridge)",
            "(In Plate_1 Fridge)",
            "(On InstantRamen_1 StoveFire_3)",
            "(In BoiledEgg_1 Fridge)",
            "(On Salt_1 StoveFire_3)",
            "(Near Robot Fridge)",
            "(Grasping Robot Glass_1)",
            "(Grasping Robot Kettle)",
            "(Grasping Robot LongCup_1)",
            "(Grasping Robot Fork_1)",
            "(Grasping Robot LongCup_2)",
            "(Grasping Robot Mug_1)",
            "(Grasping Robot Plate_2)"
        ],
        [
            "(state Mug_1 Coffee)",
            "(IsGraspable Mug_1)",
            "(IsGraspable Spoon_1)",
            "(state IceCream_1 ScoopsLeft)",
            "(IsGraspable IceCream_1)",
            "(IsGraspable Kettle)",
            "(IsGraspable Ramen_1)",
            "(state Syrup_1 Vanilla)",
            "(IsGraspable Syrup_1)",
            "(IsSqueezeable Syrup_1)",
            "(IsGraspable Glass_1)",
            "(IsGraspable LongCup_1)",
            "(IsGraspable LongCup_2)",
            "(IsGraspable Fork_1)",
            "(IsGraspable EnergyDrink_1)",
            "(IsGraspable Coke_1)",
            "(IsGraspable CanadaDry_1)",
            "(IsGraspable Plate_1)",
            "(IsGraspable Plate_2)",
            "(state Syrup_2 Chocolate)",
            "(IsGraspable Syrup_2)",
            "(IsSqueezeable Syrup_2)",
            "(IsGraspable InstantRamen_1)",
            "(IsGraspable BoiledEgg_1)",
            "(IsGraspable Salt_1)",
            "(In IceCream_1 Fridge)",
            "(On Ramen_1 StoveFire_1)",
            "(In EnergyDrink_1 Fridge)",
            "(In Coke_1 Fridge)",
            "(In CanadaDry_1 Fridge)",
            "(In Plate_1 Fridge)",
            "(On InstantRamen_1 StoveFire_3)",
            "(In BoiledEgg_1 Fridge)",
            "(On Salt_1 StoveFire_3)",
            "(Near Robot Fridge)",
            "(Grasping Robot Glass_1)",
            "(Grasping Robot Kettle)",
            "(Grasping Robot LongCup_1)",
            "(Grasping Robot Fork_1)",
            "(Grasping Robot LongCup_2)",
            "(Grasping Robot Mug_1)",
            "(Grasping Robot Plate_2)",
            "(Near Robot Sink)"
        ],
        [
            "(state Mug_1 Coffee)",
            "(IsGraspable Mug_1)",
            "(IsGraspable Spoon_1)",
            "(state IceCream_1 ScoopsLeft)",
            "(IsGraspable IceCream_1)",
            "(IsGraspable Kettle)",
            "(IsGraspable Ramen_1)",
            "(state Syrup_1 Vanilla)",
            "(IsGraspable Syrup_1)",
            "(IsSqueezeable Syrup_1)",
            "(IsGraspable Glass_1)",
            "(IsGraspable LongCup_1)",
            "(IsGraspable LongCup_2)",
            "(IsGraspable Fork_1)",
            "(IsGraspable EnergyDrink_1)",
            "(IsGraspable Coke_1)",
            "(IsGraspable CanadaDry_1)",
            "(IsGraspable Plate_1)",
            "(IsGraspable Plate_2)",
            "(state Syrup_2 Chocolate)",
            "(IsGraspable Syrup_2)",
            "(IsSqueezeable Syrup_2)",
            "(IsGraspable InstantRamen_1)",
            "(IsGraspable BoiledEgg_1)",
            "(IsGraspable Salt_1)",
            "(In IceCream_1 Fridge)",
            "(On Ramen_1 StoveFire_1)",
            "(In EnergyDrink_1 Fridge)",
            "(In Coke_1 Fridge)",
            "(In CanadaDry_1 Fridge)",
            "(In Plate_1 Fridge)",
            "(On InstantRamen_1 StoveFire_3)",
            "(In BoiledEgg_1 Fridge)",
            "(On Salt_1 StoveFire_3)",
            "(Near Robot Fridge)",
            "(Grasping Robot Glass_1)",
            "(Grasping Robot Kettle)",
            "(Grasping Robot LongCup_1)",
            "(Grasping Robot LongCup_2)",
            "(Grasping Robot Mug_1)",
            "(Grasping Robot Plate_2)",
            "(Near Robot Sink)",
            "(On Fork_1 Sink)"
        ],
        [
            "(state Mug_1 Coffee)",
            "(IsGraspable Mug_1)",
            "(IsGraspable Spoon_1)",
            "(state IceCream_1 ScoopsLeft)",
            "(IsGraspable IceCream_1)",
            "(IsGraspable Kettle)",
            "(IsGraspable Ramen_1)",
            "(state Syrup_1 Vanilla)",
            "(IsGraspable Syrup_1)",
            "(IsSqueezeable Syrup_1)",
            "(IsGraspable Glass_1)",
            "(IsGraspable LongCup_1)",
            "(IsGraspable LongCup_2)",
            "(IsGraspable Fork_1)",
            "(IsGraspable EnergyDrink_1)",
            "(IsGraspable Coke_1)",
            "(IsGraspable CanadaDry_1)",
            "(IsGraspable Plate_1)",
            "(IsGraspable Plate_2)",
            "(state Syrup_2 Chocolate)",
            "(IsGraspable Syrup_2)",
            "(IsSqueezeable Syrup_2)",
            "(IsGraspable InstantRamen_1)",
            "(IsGraspable BoiledEgg_1)",
            "(IsGraspable Salt_1)",
            "(In IceCream_1 Fridge)",
            "(On Ramen_1 StoveFire_1)",
            "(In EnergyDrink_1 Fridge)",
            "(In Coke_1 Fridge)",
            "(In CanadaDry_1 Fridge)",
            "(In Plate_1 Fridge)",
            "(On InstantRamen_1 StoveFire_3)",
            "(In BoiledEgg_1 Fridge)",
            "(On Salt_1 StoveFire_3)",
            "(Near Robot Fridge)",
            "(Grasping Robot Kettle)",
            "(Grasping Robot LongCup_1)",
            "(Grasping Robot LongCup_2)",
            "(Grasping Robot Mug_1)",
            "(Grasping Robot Plate_2)",
            "(Near Robot Sink)",
            "(On Fork_1 Sink)",
            "(On Glass_1 Sink)"
        ],
        [
            "(state Mug_1 Coffee)",
            "(IsGraspable Mug_1)",
            "(IsGraspable Spoon_1)",
            "(state IceCream_1 ScoopsLeft)",
            "(IsGraspable IceCream_1)",
            "(IsGraspable Kettle)",
            "(IsGraspable Ramen_1)",
            "(state Syrup_1 Vanilla)",
            "(IsGraspable Syrup_1)",
            "(IsSqueezeable Syrup_1)",
            "(IsGraspable Glass_1)",
            "(IsGraspable LongCup_1)",
            "(IsGraspable LongCup_2)",
            "(IsGraspable Fork_1)",
            "(IsGraspable EnergyDrink_1)",
            "(IsGraspable Coke_1)",
            "(IsGraspable CanadaDry_1)",
            "(IsGraspable Plate_1)",
            "(IsGraspable Plate_2)",
            "(state Syrup_2 Chocolate)",
            "(IsGraspable Syrup_2)",
            "(IsSqueezeable Syrup_2)",
            "(IsGraspable InstantRamen_1)",
            "(IsGraspable BoiledEgg_1)",
            "(IsGraspable Salt_1)",
            "(In IceCream_1 Fridge)",
            "(On Ramen_1 StoveFire_1)",
            "(In EnergyDrink_1 Fridge)",
            "(In Coke_1 Fridge)",
            "(In CanadaDry_1 Fridge)",
            "(In Plate_1 Fridge)",
            "(On InstantRamen_1 StoveFire_3)",
            "(In BoiledEgg_1 Fridge)",
            "(On Salt_1 StoveFire_3)",
            "(Near Robot Fridge)",
            "(Grasping Robot LongCup_1)",
            "(Grasping Robot LongCup_2)",
            "(Grasping Robot Mug_1)",
            "(Grasping Robot Plate_2)",
            "(Near Robot Sink)",
            "(On Fork_1 Sink)",
            "(On Glass_1 Sink)",
            "(On Kettle Sink)"
        ],
        [
            "(state Mug_1 Coffee)",
            "(IsGraspable Mug_1)",
            "(IsGraspable Spoon_1)",
            "(state IceCream_1 ScoopsLeft)",
            "(IsGraspable IceCream_1)",
            "(IsGraspable Kettle)",
            "(IsGraspable Ramen_1)",
            "(state Syrup_1 Vanilla)",
            "(IsGraspable Syrup_1)",
            "(IsSqueezeable Syrup_1)",
            "(IsGraspable Glass_1)",
            "(IsGraspable LongCup_1)",
            "(IsGraspable LongCup_2)",
            "(IsGraspable Fork_1)",
            "(IsGraspable EnergyDrink_1)",
            "(IsGraspable Coke_1)",
            "(IsGraspable CanadaDry_1)",
            "(IsGraspable Plate_1)",
            "(IsGraspable Plate_2)",
            "(state Syrup_2 Chocolate)",
            "(IsGraspable Syrup_2)",
            "(IsSqueezeable Syrup_2)",
            "(IsGraspable InstantRamen_1)",
            "(IsGraspable BoiledEgg_1)",
            "(IsGraspable Salt_1)",
            "(In IceCream_1 Fridge)",
            "(On Ramen_1 StoveFire_1)",
            "(In EnergyDrink_1 Fridge)",
            "(In Coke_1 Fridge)",
            "(In CanadaDry_1 Fridge)",
            "(In Plate_1 Fridge)",
            "(On InstantRamen_1 StoveFire_3)",
            "(In BoiledEgg_1 Fridge)",
            "(On Salt_1 StoveFire_3)",
            "(Near Robot Fridge)",
            "(Grasping Robot LongCup_2)",
            "(Grasping Robot Mug_1)",
            "(Grasping Robot Plate_2)",
            "(Near Robot Sink)",
            "(On Fork_1 Sink)",
            "(On Glass_1 Sink)",
            "(On Kettle Sink)",
            "(On LongCup_1 Sink)"
        ],
        [
            "(state Mug_1 Coffee)",
            "(IsGraspable Mug_1)",
            "(IsGraspable Spoon_1)",
            "(state IceCream_1 ScoopsLeft)",
            "(IsGraspable IceCream_1)",
            "(IsGraspable Kettle)",
            "(IsGraspable Ramen_1)",
            "(state Syrup_1 Vanilla)",
            "(IsGraspable Syrup_1)",
            "(IsSqueezeable Syrup_1)",
            "(IsGraspable Glass_1)",
            "(IsGraspable LongCup_1)",
            "(IsGraspable LongCup_2)",
            "(IsGraspable Fork_1)",
            "(IsGraspable EnergyDrink_1)",
            "(IsGraspable Coke_1)",
            "(IsGraspable CanadaDry_1)",
            "(IsGraspable Plate_1)",
            "(IsGraspable Plate_2)",
            "(state Syrup_2 Chocolate)",
            "(IsGraspable Syrup_2)",
            "(IsSqueezeable Syrup_2)",
            "(IsGraspable InstantRamen_1)",
            "(IsGraspable BoiledEgg_1)",
            "(IsGraspable Salt_1)",
            "(In IceCream_1 Fridge)",
            "(On Ramen_1 StoveFire_1)",
            "(In EnergyDrink_1 Fridge)",
            "(In Coke_1 Fridge)",
            "(In CanadaDry_1 Fridge)",
            "(In Plate_1 Fridge)",
            "(On InstantRamen_1 StoveFire_3)",
            "(In BoiledEgg_1 Fridge)",
            "(On Salt_1 StoveFire_3)",
            "(Near Robot Fridge)",
            "(Grasping Robot Mug_1)",
            "(Grasping Robot Plate_2)",
            "(Near Robot Sink)",
            "(On Fork_1 Sink)",
            "(On Glass_1 Sink)",
            "(On Kettle Sink)",
            "(On LongCup_1 Sink)",
            "(On LongCup_2 Sink)"
        ],
        [
            "(state Mug_1 Coffee)",
            "(IsGraspable Mug_1)",
            "(IsGraspable Spoon_1)",
            "(state IceCream_1 ScoopsLeft)",
            "(IsGraspable IceCream_1)",
            "(IsGraspable Kettle)",
            "(IsGraspable Ramen_1)",
            "(state Syrup_1 Vanilla)",
            "(IsGraspable Syrup_1)",
            "(IsSqueezeable Syrup_1)",
            "(IsGraspable Glass_1)",
            "(IsGraspable LongCup_1)",
            "(IsGraspable LongCup_2)",
            "(IsGraspable Fork_1)",
            "(IsGraspable EnergyDrink_1)",
            "(IsGraspable Coke_1)",
            "(IsGraspable CanadaDry_1)",
            "(IsGraspable Plate_1)",
            "(IsGraspable Plate_2)",
            "(state Syrup_2 Chocolate)",
            "(IsGraspable Syrup_2)",
            "(IsSqueezeable Syrup_2)",
            "(IsGraspable InstantRamen_1)",
            "(IsGraspable BoiledEgg_1)",
            "(IsGraspable Salt_1)",
            "(In IceCream_1 Fridge)",
            "(On Ramen_1 StoveFire_1)",
            "(In EnergyDrink_1 Fridge)",
            "(In Coke_1 Fridge)",
            "(In CanadaDry_1 Fridge)",
            "(In Plate_1 Fridge)",
            "(On InstantRamen_1 StoveFire_3)",
            "(In BoiledEgg_1 Fridge)",
            "(On Salt_1 StoveFire_3)",
            "(Near Robot Fridge)",
            "(Grasping Robot Plate_2)",
            "(Near Robot Sink)",
            "(On Fork_1 Sink)",
            "(On Glass_1 Sink)",
            "(On Kettle Sink)",
            "(On LongCup_1 Sink)",
            "(On LongCup_2 Sink)",
            "(On Mug_1 Sink)"
        ],
        [
            "(state Mug_1 Coffee)",
            "(IsGraspable Mug_1)",
            "(IsGraspable Spoon_1)",
            "(state IceCream_1 ScoopsLeft)",
            "(IsGraspable IceCream_1)",
            "(IsGraspable Kettle)",
            "(IsGraspable Ramen_1)",
            "(state Syrup_1 Vanilla)",
            "(IsGraspable Syrup_1)",
            "(IsSqueezeable Syrup_1)",
            "(IsGraspable Glass_1)",
            "(IsGraspable LongCup_1)",
            "(IsGraspable LongCup_2)",
            "(IsGraspable Fork_1)",
            "(IsGraspable EnergyDrink_1)",
            "(IsGraspable Coke_1)",
            "(IsGraspable CanadaDry_1)",
            "(IsGraspable Plate_1)",
            "(IsGraspable Plate_2)",
            "(state Syrup_2 Chocolate)",
            "(IsGraspable Syrup_2)",
            "(IsSqueezeable Syrup_2)",
            "(IsGraspable InstantRamen_1)",
            "(IsGraspable BoiledEgg_1)",
            "(IsGraspable Salt_1)",
            "(In IceCream_1 Fridge)",
            "(On Ramen_1 StoveFire_1)",
            "(In EnergyDrink_1 Fridge)",
            "(In Coke_1 Fridge)",
            "(In CanadaDry_1 Fridge)",
            "(In Plate_1 Fridge)",
            "(On InstantRamen_1 StoveFire_3)",
            "(In BoiledEgg_1 Fridge)",
            "(On Salt_1 StoveFire_3)",
            "(Near Robot Fridge)",
            "(Near Robot Sink)",
            "(On Fork_1 Sink)",
            "(On Glass_1 Sink)",
            "(On Kettle Sink)",
            "(On LongCup_1 Sink)",
            "(On LongCup_2 Sink)",
            "(On Mug_1 Sink)",
            "(On Plate_2 Sink)"
        ],
        [
            "(state Mug_1 Coffee)",
            "(IsGraspable Mug_1)",
            "(IsGraspable Spoon_1)",
            "(state IceCream_1 ScoopsLeft)",
            "(IsGraspable IceCream_1)",
            "(IsGraspable Kettle)",
            "(IsGraspable Ramen_1)",
            "(state Syrup_1 Vanilla)",
            "(IsGraspable Syrup_1)",
            "(IsSqueezeable Syrup_1)",
            "(IsGraspable Glass_1)",
            "(IsGraspable LongCup_1)",
            "(IsGraspable LongCup_2)",
            "(IsGraspable Fork_1)",
            "(IsGraspable EnergyDrink_1)",
            "(IsGraspable Coke_1)",
            "(IsGraspable CanadaDry_1)",
            "(IsGraspable Plate_1)",
            "(IsGraspable Plate_2)",
            "(state Syrup_2 Chocolate)",
            "(IsGraspable Syrup_2)",
            "(IsSqueezeable Syrup_2)",
            "(IsGraspable InstantRamen_1)",
            "(IsGraspable BoiledEgg_1)",
            "(IsGraspable Salt_1)",
            "(In IceCream_1 Fridge)",
            "(On Ramen_1 StoveFire_1)",
            "(In EnergyDrink_1 Fridge)",
            "(In Coke_1 Fridge)",
            "(In CanadaDry_1 Fridge)",
            "(In Plate_1 Fridge)",
            "(On InstantRamen_1 StoveFire_3)",
            "(In BoiledEgg_1 Fridge)",
            "(On Salt_1 StoveFire_3)",
            "(Near Robot Fridge)",
            "(Near Robot Sink)",
            "(On Fork_1 Sink)",
            "(On Glass_1 Sink)",
            "(On Kettle Sink)",
            "(On LongCup_1 Sink)",
            "(On LongCup_2 Sink)",
            "(On Mug_1 Sink)",
            "(On Plate_2 Sink)",
            "(Near Robot Spoon_1)"
        ],
        [
            "(state Mug_1 Coffee)",
            "(IsGraspable Mug_1)",
            "(IsGraspable Spoon_1)",
            "(state IceCream_1 ScoopsLeft)",
            "(IsGraspable IceCream_1)",
            "(IsGraspable Kettle)",
            "(IsGraspable Ramen_1)",
            "(state Syrup_1 Vanilla)",
            "(IsGraspable Syrup_1)",
            "(IsSqueezeable Syrup_1)",
            "(IsGraspable Glass_1)",
            "(IsGraspable LongCup_1)",
            "(IsGraspable LongCup_2)",
            "(IsGraspable Fork_1)",
            "(IsGraspable EnergyDrink_1)",
            "(IsGraspable Coke_1)",
            "(IsGraspable CanadaDry_1)",
            "(IsGraspable Plate_1)",
            "(IsGraspable Plate_2)",
            "(state Syrup_2 Chocolate)",
            "(IsGraspable Syrup_2)",
            "(IsSqueezeable Syrup_2)",
            "(IsGraspable InstantRamen_1)",
            "(IsGraspable BoiledEgg_1)",
            "(IsGraspable Salt_1)",
            "(In IceCream_1 Fridge)",
            "(On Ramen_1 StoveFire_1)",
            "(In EnergyDrink_1 Fridge)",
            "(In Coke_1 Fridge)",
            "(In CanadaDry_1 Fridge)",
            "(In Plate_1 Fridge)",
            "(On InstantRamen_1 StoveFire_3)",
            "(In BoiledEgg_1 Fridge)",
            "(On Salt_1 StoveFire_3)",
            "(Near Robot Fridge)",
            "(Near Robot Sink)",
            "(On Fork_1 Sink)",
            "(On Glass_1 Sink)",
            "(On Kettle Sink)",
            "(On LongCup_1 Sink)",
            "(On LongCup_2 Sink)",
            "(On Mug_1 Sink)",
            "(On Plate_2 Sink)",
            "(Grasping Robot Spoon_1)"
        ],
        [
            "(state Mug_1 Coffee)",
            "(IsGraspable Mug_1)",
            "(IsGraspable Spoon_1)",
            "(state IceCream_1 ScoopsLeft)",
            "(IsGraspable IceCream_1)",
            "(IsGraspable Kettle)",
            "(IsGraspable Ramen_1)",
            "(state Syrup_1 Vanilla)",
            "(IsGraspable Syrup_1)",
            "(IsSqueezeable Syrup_1)",
            "(IsGraspable Glass_1)",
            "(IsGraspable LongCup_1)",
            "(IsGraspable LongCup_2)",
            "(IsGraspable Fork_1)",
            "(IsGraspable EnergyDrink_1)",
            "(IsGraspable Coke_1)",
            "(IsGraspable CanadaDry_1)",
            "(IsGraspable Plate_1)",
            "(IsGraspable Plate_2)",
            "(state Syrup_2 Chocolate)",
            "(IsGraspable Syrup_2)",
            "(IsSqueezeable Syrup_2)",
            "(IsGraspable InstantRamen_1)",
            "(IsGraspable BoiledEgg_1)",
            "(IsGraspable Salt_1)",
            "(In IceCream_1 Fridge)",
            "(On Ramen_1 StoveFire_1)",
            "(In EnergyDrink_1 Fridge)",
            "(In Coke_1 Fridge)",
            "(In CanadaDry_1 Fridge)",
            "(In Plate_1 Fridge)",
            "(On InstantRamen_1 StoveFire_3)",
            "(In BoiledEgg_1 Fridge)",
            "(On Salt_1 StoveFire_3)",
            "(Near Robot Fridge)",
            "(Near Robot Sink)",
            "(On Fork_1 Sink)",
            "(On Glass_1 Sink)",
            "(On Kettle Sink)",
            "(On LongCup_1 Sink)",
            "(On LongCup_2 Sink)",
            "(On Mug_1 Sink)",
            "(On Plate_2 Sink)",
            "(On Spoon_1 Sink)"
        ],
        [
            "(state Mug_1 Coffee)",
            "(IsGraspable Mug_1)",
            "(IsGraspable Spoon_1)",
            "(state IceCream_1 ScoopsLeft)",
            "(IsGraspable IceCream_1)",
            "(IsGraspable Kettle)",
            "(IsGraspable Ramen_1)",
            "(state Syrup_1 Vanilla)",
            "(IsGraspable Syrup_1)",
            "(IsSqueezeable Syrup_1)",
            "(IsGraspable Glass_1)",
            "(IsGraspable LongCup_1)",
            "(IsGraspable LongCup_2)",
            "(IsGraspable Fork_1)",
            "(IsGraspable EnergyDrink_1)",
            "(IsGraspable Coke_1)",
            "(IsGraspable CanadaDry_1)",
            "(IsGraspable Plate_1)",
            "(IsGraspable Plate_2)",
            "(state Syrup_2 Chocolate)",
            "(IsGraspable Syrup_2)",
            "(IsSqueezeable Syrup_2)",
            "(IsGraspable InstantRamen_1)",
            "(IsGraspable BoiledEgg_1)",
            "(IsGraspable Salt_1)",
            "(In IceCream_1 Fridge)",
            "(On Ramen_1 StoveFire_1)",
            "(In EnergyDrink_1 Fridge)",
            "(In Coke_1 Fridge)",
            "(In CanadaDry_1 Fridge)",
            "(In Plate_1 Fridge)",
            "(On InstantRamen_1 StoveFire_3)",
            "(In BoiledEgg_1 Fridge)",
            "(On Salt_1 StoveFire_3)",
            "(Near Robot Fridge)",
            "(Near Robot Sink)",
            "(On Fork_1 Sink)",
            "(On Glass_1 Sink)",
            "(On Kettle Sink)",
            "(On LongCup_1 Sink)",
            "(On LongCup_2 Sink)",
            "(On Mug_1 Sink)",
            "(On Plate_2 Sink)",
            "(On Spoon_1 Sink)",
            "(state SinkKnob TapIsOn)",
            "(state Mug_1 Water)",
            "(state Spoon_1 Water)",
            "(state Kettle Water)",
            "(state Glass_1 Water)",
            "(state LongCup_1 Water)",
            "(state LongCup_2 Water)",
            "(state Fork_1 Water)",
            "(state Plate_2 Water)"
        ]
    ],
    "action_seq": [
        "moveto Glass_1",
        "grasp Glass_1",
        "moveto Kettle",
        "grasp Kettle",
        "moveto LongCup_1",
        "grasp LongCup_1",
        "moveto Fork_1",
        "grasp Fork_1",
        "moveto LongCup_2",
        "grasp LongCup_2",
        "moveto Mug_1",
        "grasp Mug_1",
        "moveto Plate_2",
        "grasp Plate_2",
        "moveto Sink",
        "keep Fork_1 On Sink",
        "keep Glass_1 On Sink",
        "keep Kettle On Sink",
        "keep LOngCup_1 On Sink",
        "keep LOngCup_2 On Sink",
        "keep Mug_1 On Sink",
        "keep Plate_2 On Sink",
        "moveto Spoon_1",
        "grasp Spoon_1",
        "keep SpoOn_1 On Sink",
        "turn SinkKnob",
        "noop"
    ],
    "delta_g": [
        [
            "(Near Robot Glass_1)"
        ],
        [
            "(Grasping Robot Glass_1)"
        ],
        [
            "(Near Robot Kettle)"
        ],
        [
            "(Grasping Robot Kettle)"
        ],
        [
            "(Near Robot LongCup_1)"
        ],
        [
            "(Grasping Robot LongCup_1)"
        ],
        [
            "(Near Robot Fork_1)"
        ],
        [
            "(Grasping Robot Fork_1)"
        ],
        [
            "(Near Robot LongCup_2)"
        ],
        [
            "(Grasping Robot LongCup_2)"
        ],
        [
            "(Near Robot Mug_1)"
        ],
        [
            "(Grasping Robot Mug_1)"
        ],
        [
            "(Near Robot Plate_2)"
        ],
        [
            "(Grasping Robot Plate_2)"
        ],
        [
            "(Near Robot Sink)"
        ],
        [
            "(On Fork_1 Sink)"
        ],
        [
            "(On Glass_1 Sink)"
        ],
        [
            "(On Kettle Sink)"
        ],
        [
            "(On LongCup_1 Sink)"
        ],
        [
            "(On LongCup_2 Sink)"
        ],
        [
            "(On Mug_1 Sink)"
        ],
        [
            "(On Plate_2 Sink)"
        ],
        [
            "(Near Robot Spoon_1)"
        ],
        [
            "(Grasping Robot Spoon_1)"
        ],
        [
            "(On Spoon_1 Sink)"
        ],
        [
            "(state SinkKnob TapIsOn)",
            "(state Mug_1 Water)",
            "(state Spoon_1 Water)",
            "(state Kettle Water)",
            "(state Glass_1 Water)",
            "(state LongCup_1 Water)",
            "(state LongCup_2 Water)",
            "(state Fork_1 Water)",
            "(state Plate_2 Water)"
        ],
        []
    ],
    "delta_g_inv": [
        [],
        [
            "(In Glass_1 Fridge)",
            "(Near Robot Glass_1)"
        ],
        [],
        [
            "(In Kettle Fridge)",
            "(Near Robot Kettle)"
        ],
        [],
        [
            "(In LongCup_1 Fridge)",
            "(Near Robot LongCup_1)"
        ],
        [],
        [
            "(On Fork_1 StoveFire_1)",
            "(Near Robot Fork_1)"
        ],
        [],
        [
            "(On LongCup_2 StoveFire_1)",
            "(Near Robot LongCup_2)"
        ],
        [],
        [
            "(On Mug_1 StoveFire_4)",
            "(Near Robot Mug_1)"
        ],
        [],
        [
            "(On Plate_2 StoveFire_1)",
            "(Near Robot Plate_2)"
        ],
        [],
        [
            "(Grasping Robot Fork_1)"
        ],
        [
            "(Grasping Robot Glass_1)"
        ],
        [
            "(Grasping Robot Kettle)"
        ],
        [
            "(Grasping Robot LongCup_1)"
        ],
        [
            "(Grasping Robot LongCup_2)"
        ],
        [
            "(Grasping Robot Mug_1)"
        ],
        [
            "(Grasping Robot Plate_2)"
        ],
        [],
        [
            "(Near Robot Spoon_1)"
        ],
        [
            "(Grasping Robot Spoon_1)"
        ],
        [],
        []
    ]
}