{
    "sent": "place controller on table dump all of chips into bowl",
    "filename": "98",
    "arg_mapping": {
        "bowl": [
            "(Bowl_1)"
        ],
        "chips": [
            "(BagOfChips_1)"
        ],
        "controller": [
            "(XboxController_1)"
        ],
        "table": [
            "(CoffeeTable_1)",
            "(tvtable_1)",
            "(SnackTable_1)"
        ]
    },
    "initial_states": [
        [
            "(state Tv_1 IsOn)",
            "(state Tv_1 Channel1)",
            "(state Tv_1 Volume)",
            "(IsGraspable Tv_1Remote_1)",
            "(IsGraspable Pillow_1)",
            "(IsGraspable Pillow_2)",
            "(IsGraspable Pillow_3)",
            "(state BagOfChips_1 IsOpen)",
            "(state BagOfChips_1 HasChips)",
            "(IsGraspable BagOfChips_1)",
            "(state Bowl_1 HasChips)",
            "(IsGraspable Bowl_1)",
            "(IsGraspable GarbageBag_1)",
            "(IsGraspable GarbageBin_1)",
            "(IsGraspable Book_1)",
            "(IsGraspable Book_2)",
            "(IsGraspable Coke_1)",
            "(IsGraspable Beer_1)",
            "(IsGraspable XboxController_1)",
            "(IsGraspable Xbox_1)",
            "(state Cd_2 CD)",
            "(IsGraspable Cd_2)",
            "(state Cd_1 CD)",
            "(IsGraspable Cd_1)",
            "(On Tv_1Remote_1 Loveseat_1)",
            "(On Pillow_1 Shelf_1)",
            "(On Pillow_2 Shelf_1)",
            "(On Pillow_3 Shelf_1)",
            "(On BagOfChips_1 Shelf_1)",
            "(On Bowl_1 Shelf_1)",
            "(In GarbageBag_1 GarbageBag_1)",
            "(On GarbageBin_1 GarbageBin_1)",
            "(On Book_1 Armchair_2)",
            "(On Book_2 Armchair_2)",
            "(On Coke_1 Loveseat_1)",
            "(On Beer_1 Loveseat_1)",
            "(On Cd_1 Loveseat_2)",
            "(Near Robot CoffeeTable_1)",
            "(On XboxController_1 CoffeeTable_1)",
            "(state Xbox_1 CD)",
            "(In Cd_2 Xbox_1)",
            "(On Xbox_1 CoffeeTable_1)"
        ],
        [
            "(state Tv_1 IsOn)",
            "(state Tv_1 Channel1)",
            "(state Tv_1 Volume)",
            "(IsGraspable Tv_1Remote_1)",
            "(IsGraspable Pillow_1)",
            "(IsGraspable Pillow_2)",
            "(IsGraspable Pillow_3)",
            "(state BagOfChips_1 IsOpen)",
            "(state BagOfChips_1 HasChips)",
            "(IsGraspable BagOfChips_1)",
            "(state Bowl_1 HasChips)",
            "(IsGraspable Bowl_1)",
            "(IsGraspable GarbageBag_1)",
            "(IsGraspable GarbageBin_1)",
            "(IsGraspable Book_1)",
            "(IsGraspable Book_2)",
            "(IsGraspable Coke_1)",
            "(IsGraspable Beer_1)",
            "(IsGraspable XboxController_1)",
            "(IsGraspable Xbox_1)",
            "(state Cd_2 CD)",
            "(IsGraspable Cd_2)",
            "(state Cd_1 CD)",
            "(IsGraspable Cd_1)",
            "(On Tv_1Remote_1 Loveseat_1)",
            "(On Pillow_1 Shelf_1)",
            "(On Pillow_2 Shelf_1)",
            "(On Pillow_3 Shelf_1)",
            "(On BagOfChips_1 Shelf_1)",
            "(On Bowl_1 Shelf_1)",
            "(In GarbageBag_1 GarbageBag_1)",
            "(On GarbageBin_1 GarbageBin_1)",
            "(On Book_1 Armchair_2)",
            "(On Book_2 Armchair_2)",
            "(On Coke_1 Loveseat_1)",
            "(On Beer_1 Loveseat_1)",
            "(On Cd_1 Loveseat_2)",
            "(Near Robot CoffeeTable_1)",
            "(On XboxController_1 CoffeeTable_1)",
            "(state Xbox_1 CD)",
            "(In Cd_2 Xbox_1)",
            "(On Xbox_1 CoffeeTable_1)",
            "(Near Robot BagOfChips_1)"
        ],
        [
            "(state Tv_1 IsOn)",
            "(state Tv_1 Channel1)",
            "(state Tv_1 Volume)",
            "(IsGraspable Tv_1Remote_1)",
            "(IsGraspable Pillow_1)",
            "(IsGraspable Pillow_2)",
            "(IsGraspable Pillow_3)",
            "(state BagOfChips_1 IsOpen)",
            "(state BagOfChips_1 HasChips)",
            "(IsGraspable BagOfChips_1)",
            "(state Bowl_1 HasChips)",
            "(IsGraspable Bowl_1)",
            "(IsGraspable GarbageBag_1)",
            "(IsGraspable GarbageBin_1)",
            "(IsGraspable Book_1)",
            "(IsGraspable Book_2)",
            "(IsGraspable Coke_1)",
            "(IsGraspable Beer_1)",
            "(IsGraspable XboxController_1)",
            "(IsGraspable Xbox_1)",
            "(state Cd_2 CD)",
            "(IsGraspable Cd_2)",
            "(state Cd_1 CD)",
            "(IsGraspable Cd_1)",
            "(On Tv_1Remote_1 Loveseat_1)",
            "(On Pillow_1 Shelf_1)",
            "(On Pillow_2 Shelf_1)",
            "(On Pillow_3 Shelf_1)",
            "(On Bowl_1 Shelf_1)",
            "(In GarbageBag_1 GarbageBag_1)",
            "(On GarbageBin_1 GarbageBin_1)",
            "(On Book_1 Armchair_2)",
            "(On Book_2 Armchair_2)",
            "(On Coke_1 Loveseat_1)",
            "(On Beer_1 Loveseat_1)",
            "(On Cd_1 Loveseat_2)",
            "(Near Robot CoffeeTable_1)",
            "(On XboxController_1 CoffeeTable_1)",
            "(state Xbox_1 CD)",
            "(In Cd_2 Xbox_1)",
            "(On Xbox_1 CoffeeTable_1)",
            "(Grasping Robot BagOfChips_1)"
        ],
        [
            "(state Tv_1 IsOn)",
            "(state Tv_1 Channel1)",
            "(state Tv_1 Volume)",
            "(IsGraspable Tv_1Remote_1)",
            "(IsGraspable Pillow_1)",
            "(IsGraspable Pillow_2)",
            "(IsGraspable Pillow_3)",
            "(state BagOfChips_1 IsOpen)",
            "(state BagOfChips_1 HasChips)",
            "(IsGraspable BagOfChips_1)",
            "(state Bowl_1 HasChips)",
            "(IsGraspable Bowl_1)",
            "(IsGraspable GarbageBag_1)",
            "(IsGraspable GarbageBin_1)",
            "(IsGraspable Book_1)",
            "(IsGraspable Book_2)",
            "(IsGraspable Coke_1)",
            "(IsGraspable Beer_1)",
            "(IsGraspable XboxController_1)",
            "(IsGraspable Xbox_1)",
            "(state Cd_2 CD)",
            "(IsGraspable Cd_2)",
            "(state Cd_1 CD)",
            "(IsGraspable Cd_1)",
            "(On Tv_1Remote_1 Loveseat_1)",
            "(On Pillow_1 Shelf_1)",
            "(On Pillow_2 Shelf_1)",
            "(On Pillow_3 Shelf_1)",
            "(On Bowl_1 Shelf_1)",
            "(In GarbageBag_1 GarbageBag_1)",
            "(On GarbageBin_1 GarbageBin_1)",
            "(On Book_1 Armchair_2)",
            "(On Book_2 Armchair_2)",
            "(On Coke_1 Loveseat_1)",
            "(On Beer_1 Loveseat_1)",
            "(On Cd_1 Loveseat_2)",
            "(Near Robot CoffeeTable_1)",
            "(On XboxController_1 CoffeeTable_1)",
            "(state Xbox_1 CD)",
            "(In Cd_2 Xbox_1)",
            "(On Xbox_1 CoffeeTable_1)",
            "(Grasping Robot BagOfChips_1)",
            "(Near Robot Bowl_1)"
        ],
        [
            "(state Tv_1 IsOn)",
            "(state Tv_1 Channel1)",
            "(state Tv_1 Volume)",
            "(IsGraspable Tv_1Remote_1)",
            "(IsGraspable Pillow_1)",
            "(IsGraspable Pillow_2)",
            "(IsGraspable Pillow_3)",
            "(state BagOfChips_1 IsOpen)",
            "(state BagOfChips_1 HasChips)",
            "(IsGraspable BagOfChips_1)",
            "(state Bowl_1 HasChips)",
            "(IsGraspable Bowl_1)",
            "(IsGraspable GarbageBag_1)",
            "(IsGraspable GarbageBin_1)",
            "(IsGraspable Book_1)",
            "(IsGraspable Book_2)",
            "(IsGraspable Coke_1)",
            "(IsGraspable Beer_1)",
            "(IsGraspable XboxController_1)",
            "(IsGraspable Xbox_1)",
            "(state Cd_2 CD)",
            "(IsGraspable Cd_2)",
            "(state Cd_1 CD)",
            "(IsGraspable Cd_1)",
            "(On Tv_1Remote_1 Loveseat_1)",
            "(On Pillow_1 Shelf_1)",
            "(On Pillow_2 Shelf_1)",
            "(On Pillow_3 Shelf_1)",
            "(In GarbageBag_1 GarbageBag_1)",
            "(On GarbageBin_1 GarbageBin_1)",
            "(On Book_1 Armchair_2)",
            "(On Book_2 Armchair_2)",
            "(On Coke_1 Loveseat_1)",
            "(On Beer_1 Loveseat_1)",
            "(On Cd_1 Loveseat_2)",
            "(Near Robot CoffeeTable_1)",
            "(On XboxController_1 CoffeeTable_1)",
            "(state Xbox_1 CD)",
            "(In Cd_2 Xbox_1)",
            "(On Xbox_1 CoffeeTable_1)",
            "(Grasping Robot BagOfChips_1)",
            "(Grasping Robot Bowl_1)"
        ]
    ],
    "action_seq": [
        "moveto BagOfChips_1",
        "grasp BagOfChips_1",
        "moveto Bowl_1",
        "grasp Bowl_1",
        "noop"
    ],
    "delta_g": [
        [
            "(Near Robot BagOfChips_1)"
        ],
        [
            "(Grasping Robot BagOfChips_1)"
        ],
        [
            "(Near Robot Bowl_1)"
        ],
        [
            "(Grasping Robot Bowl_1)"
        ],
        []
    ],
    "delta_g_inv": [
        [],
        [
            "(On BagOfChips_1 Shelf_1)",
            "(Near Robot BagOfChips_1)"
        ],
        [],
        [
            "(On Bowl_1 Shelf_1)",
            "(Near Robot Bowl_1)"
        ],
        []
    ]
}