{
      "file_name": "107.pkl",
      "sent": ". drop near tv",
      "initial_state": [
            "(IsGraspable Book_2)",
            "(IsGraspable Pillow_1)",
            "(IsGraspable BagOfChips_1)",
            "(IsGraspable Book_1)",
            "(On XboxController_1 CoffeeTable_1)",
            "(On Bowl_1 Shelf_1)",
            "(On BagOfChips_1 Shelf_1)",
            "(In Beer_1 GarbageBag_1)",
            "(On Cd_1 Shelf_2)",
            "(On Book_2 Armchair_2)",
            "(On Coke_1 Loveseat_1)",
            "(IsGraspable Tv_1Remote_1)",
            "(In GarbageBag_1 GarbageBag_1)",
            "(IsGraspable Beer_1)",
            "(state Tv_1 IsOn)",
            "(IsGraspable Pillow_3)",
            "(IsGraspable GarbageBag_1)",
            "(IsGraspable Xbox_1)",
            "(IsGraspable Bowl_1)",
            "(IsGraspable GarbageBin_1)",
            "(state Tv_1 Channel3)",
            "(IsGraspable Cd_1)",
            "(On Pillow_2 Shelf_1)",
            "(On Tv_1Remote_1 Loveseat_1)",
            "(state Cd_1 CD)",
            "(state BagOfChips_1 HasChips)",
            "(IsGraspable Pillow_2)",
            "(state Tv_1 Volume)",
            "(IsGraspable XboxController_1)",
            "(On Book_1 Loveseat_1)",
            "(state BagOfChips_1 IsOpen)",
            "(On Pillow_3 Shelf_1)",
            "(On Pillow_1 Armchair_1)",
            "(IsGraspable Coke_1)",
            "(IsGraspable Cd_2)",
            "(On GarbageBin_1 GarbageBin_1)",
            "(Grasping Robot Xbox_1)",
            "(state Cd_2 CD)",
            "(state Bowl_1 HasChips)",
            "(On Cd_2 Armchair_2)"
      ],
      "final_state": [
            "(IsGraspable Book_2)",
            "(IsGraspable Pillow_1)",
            "(IsGraspable BagOfChips_1)",
            "(IsGraspable Book_1)",
            "(On XboxController_1 CoffeeTable_1)",
            "(On Bowl_1 Shelf_1)",
            "(Near Robot Loveseat_1)",
            "(On BagOfChips_1 Shelf_1)",
            "(In Beer_1 GarbageBag_1)",
            "(On Cd_1 Shelf_2)",
            "(On Book_2 Armchair_2)",
            "(On Coke_1 Loveseat_1)",
            "(IsGraspable Tv_1Remote_1)",
            "(In GarbageBag_1 GarbageBag_1)",
            "(IsGraspable Beer_1)",
            "(state Tv_1 IsOn)",
            "(IsGraspable Pillow_3)",
            "(IsGraspable GarbageBag_1)",
            "(IsGraspable Xbox_1)",
            "(IsGraspable Bowl_1)",
            "(IsGraspable GarbageBin_1)",
            "(state Tv_1 Channel3)",
            "(IsGraspable Cd_1)",
            "(On Pillow_2 Shelf_1)",
            "(On Tv_1Remote_1 Loveseat_1)",
            "(On Xbox_1 Loveseat_1)",
            "(state Cd_1 CD)",
            "(state BagOfChips_1 HasChips)",
            "(IsGraspable Pillow_2)",
            "(state Tv_1 Volume)",
            "(IsGraspable XboxController_1)",
            "(On Book_1 Loveseat_1)",
            "(state BagOfChips_1 IsOpen)",
            "(On Pillow_3 Shelf_1)",
            "(On Pillow_1 Armchair_1)",
            "(IsGraspable Coke_1)",
            "(IsGraspable Cd_2)",
            "(On GarbageBin_1 GarbageBin_1)",
            "(Grasping Robot Xbox_1)",
            "(state Cd_2 CD)",
            "(state Bowl_1 HasChips)",
            "(On Cd_2 Armchair_2)"
      ],
      "action_seq": [
            "moveto(loveseat_1)",
            "keep(xbox_1 on loveseat_1)"
      ],
      "delta_g": [
            "(Near Robot Loveseat_1)",
            "(On Xbox_1 Loveseat_1)"
      ],
      "delta_g_inv": [
            "(Grasping Robot Xbox_1)"
      ]
}