{
      "file_name": "12.pkl",
      "sent": "dispose of trash .",
      "initial_state": [
            "(IsGraspable Book_2)",
            "(IsGraspable Pillow_1)",
            "(On Pillow_1 Shelf_1)",
            "(IsGraspable BagOfChips_1)",
            "(On Beer_1 Armchair_3)",
            "(IsGraspable Book_1)",
            "(On Coke_1 Armchair_2)",
            "(On Book_2 Loveseat_1)",
            "(Near Robot GarbageBag_1)",
            "(IsGraspable Tv_1Remote_1)",
            "(On GarbageBag_1 Shelf_1)",
            "(In GarbageBag_1 GarbageBag_1)",
            "(IsGraspable Beer_1)",
            "(On Cd_1 Shelf_1)",
            "(state Tv_1 IsOn)",
            "(IsGraspable Pillow_3)",
            "(IsGraspable GarbageBag_1)",
            "(IsGraspable Xbox_1)",
            "(On Pillow_4 Shelf_1)",
            "(state Tv_1 Channel1)",
            "(IsGraspable Bowl_1)",
            "(On Cd_2 Shelf_1)",
            "(On XboxController_1 Loveseat_1)",
            "(IsGraspable GarbageBin_1)",
            "(IsGraspable Cd_1)",
            "(On Pillow_2 Shelf_1)",
            "(On Tv_1Remote_1 Loveseat_1)",
            "(state Cd_1 CD)",
            "(state BagOfChips_1 HasChips)",
            "(IsGraspable Pillow_4)",
            "(On Xbox_1 Armchair_3)",
            "(IsGraspable Pillow_2)",
            "(In BagOfChips_1 GarbageBag_1)",
            "(state Tv_1 Volume)",
            "(IsGraspable XboxController_1)",
            "(state BagOfChips_1 IsOpen)",
            "(On Pillow_3 Shelf_1)",
            "(Near Robot Shelf_1)",
            "(IsGraspable Coke_1)",
            "(IsGraspable Cd_2)",
            "(On GarbageBin_1 GarbageBin_1)",
            "(state Cd_2 CD)",
            "(state Bowl_1 HasChips)"
      ],
      "final_state": [
            "(IsGraspable Book_2)",
            "(IsGraspable Pillow_1)",
            "(Near Robot CoffeeTable_1)",
            "(On Pillow_1 Shelf_1)",
            "(IsGraspable BagOfChips_1)",
            "(On Beer_1 Armchair_3)",
            "(IsGraspable Book_1)",
            "(On Coke_1 Armchair_2)",
            "(On Book_2 Loveseat_1)",
            "(Near Robot GarbageBag_1)",
            "(IsGraspable Tv_1Remote_1)",
            "(On GarbageBag_1 Shelf_1)",
            "(In GarbageBag_1 GarbageBag_1)",
            "(IsGraspable Beer_1)",
            "(On Cd_1 Shelf_1)",
            "(state Tv_1 IsOn)",
            "(IsGraspable Pillow_3)",
            "(IsGraspable GarbageBag_1)",
            "(IsGraspable Xbox_1)",
            "(On Pillow_4 Shelf_1)",
            "(state Tv_1 Channel1)",
            "(IsGraspable Bowl_1)",
            "(On Cd_2 Shelf_1)",
            "(On XboxController_1 Loveseat_1)",
            "(IsGraspable GarbageBin_1)",
            "(IsGraspable Cd_1)",
            "(On Pillow_2 Shelf_1)",
            "(On Tv_1Remote_1 Loveseat_1)",
            "(state Cd_1 CD)",
            "(state BagOfChips_1 HasChips)",
            "(IsGraspable Pillow_4)",
            "(On Xbox_1 Armchair_3)",
            "(IsGraspable Pillow_2)",
            "(In BagOfChips_1 GarbageBag_1)",
            "(state Tv_1 Volume)",
            "(IsGraspable XboxController_1)",
            "(state BagOfChips_1 IsOpen)",
            "(On Pillow_3 Shelf_1)",
            "(Near Robot Shelf_1)",
            "(IsGraspable Coke_1)",
            "(IsGraspable Cd_2)",
            "(On GarbageBin_1 GarbageBin_1)",
            "(state Cd_2 CD)",
            "(state Bowl_1 HasChips)",
            "(On Book_1 CoffeeTable_1)"
      ],
      "action_seq": [
            "moveto(book_1)",
            "grasp(book_1)",
            "moveto(coffeetable_1)",
            "keep(book_1 on coffeetable_1)"
      ],
      "delta_g": [
            "(Near Robot CoffeeTable_1)",
            "(On Book_1 CoffeeTable_1)"
      ],
      "delta_g_inv": []
}