{
      "file_name": "150.pkl",
      "sent": ". put in microwave,",
      "initial_state": [
            "(IsGraspable LongCup_2)",
            "(state Syrup_2 Chocolate)",
            "(IsGraspable BoiledEgg_1)",
            "(IsGraspable Syrup_2)",
            "(Near Robot Fridge)",
            "(IsGraspable Plate_2)",
            "(In BoiledEgg_1 Fridge)",
            "(IsGraspable Mug_1)",
            "(IsGraspable IceCream_1)",
            "(On Spoon_1 StoveFire_3)",
            "(IsGraspable CanadaDry_1)",
            "(In Plate_1 Fridge)",
            "(IsGraspable LongCup_1)",
            "(On Ramen_1 StoveFire_3)",
            "(IsGraspable EnergyDrink_1)",
            "(IsGraspable Ramen_1)",
            "(In EnergyDrink_1 Fridge)",
            "(IsSqueezeable Syrup_1)",
            "(IsGraspable Glass_1)",
            "(In Coke_1 Fridge)",
            "(IsGraspable Salt_1)",
            "(state Fridge WaterDispenserIsOpen)",
            "(state Syrup_1 Vanilla)",
            "(IsGraspable InstantRamen_1)",
            "(state IceCream_1 ScoopsLeft)",
            "(In Glass_1 Fridge)",
            "(IsGraspable Kettle)",
            "(IsGraspable Coke_1)",
            "(In IceCream_1 Fridge)",
            "(In CanadaDry_1 Fridge)",
            "(IsGraspable Fork_1)",
            "(IsGraspable Syrup_1)",
            "(On Fork_1 StoveFire_3)",
            "(On Mug_1 StoveFire_4)",
            "(IsSqueezeable Syrup_2)",
            "(On Kettle StoveFire_4)",
            "(On Plate_2 StoveFire_4)",
            "(state Mug_1 Coffee)",
            "(On Salt_1 StoveFire_3)",
            "(state InstantRamen_1 Water)",
            "(On LongCup_2 StoveFire_3)",
            "(Grasping Robot InstantRamen_1)",
            "(IsGraspable Plate_1)",
            "(IsGraspable Spoon_1)"
      ],
      "final_state": [
            "(IsGraspable LongCup_2)",
            "(state Syrup_2 Chocolate)",
            "(IsGraspable BoiledEgg_1)",
            "(IsGraspable Syrup_2)",
            "(Near Robot Fridge)",
            "(IsGraspable Plate_2)",
            "(In InstantRamen_1 Microwave)",
            "(In BoiledEgg_1 Fridge)",
            "(IsGraspable Mug_1)",
            "(IsGraspable IceCream_1)",
            "(On Spoon_1 StoveFire_3)",
            "(IsGraspable CanadaDry_1)",
            "(In Plate_1 Fridge)",
            "(IsGraspable LongCup_1)",
            "(On Ramen_1 StoveFire_3)",
            "(IsGraspable EnergyDrink_1)",
            "(IsGraspable Ramen_1)",
            "(In EnergyDrink_1 Fridge)",
            "(IsSqueezeable Syrup_1)",
            "(IsGraspable Glass_1)",
            "(In Coke_1 Fridge)",
            "(IsGraspable Salt_1)",
            "(state Fridge WaterDispenserIsOpen)",
            "(state Syrup_1 Vanilla)",
            "(IsGraspable InstantRamen_1)",
            "(state IceCream_1 ScoopsLeft)",
            "(In Glass_1 Fridge)",
            "(IsGraspable Kettle)",
            "(IsGraspable Coke_1)",
            "(In IceCream_1 Fridge)",
            "(In CanadaDry_1 Fridge)",
            "(IsGraspable Fork_1)",
            "(IsGraspable Syrup_1)",
            "(On Fork_1 StoveFire_3)",
            "(On Mug_1 StoveFire_4)",
            "(IsSqueezeable Syrup_2)",
            "(On Kettle StoveFire_4)",
            "(On Plate_2 StoveFire_4)",
            "(state Mug_1 Coffee)",
            "(On Salt_1 StoveFire_3)",
            "(state InstantRamen_1 Water)",
            "(Near Robot Microwave)",
            "(On LongCup_2 StoveFire_3)",
            "(Grasping Robot InstantRamen_1)",
            "(IsGraspable Plate_1)",
            "(IsGraspable Spoon_1)"
      ],
      "action_seq": [
            "moveto(microwave)",
            "open(microwave)",
            "keep(instantramen_1 in microwave)",
            "close(microwave)",
            "open(microwave)",
            "close(microwave)"
      ],
      "delta_g": [
            "(Near Robot Microwave)",
            "(In InstantRamen_1 Microwave)"
      ],
      "delta_g_inv": [
            "(Grasping Robot InstantRamen_1)"
      ]
}