{
      "file_name": "160.pkl",
      "sent": "and turn on the stove for two minutes",
      "initial_state": [
            "(IsGraspable LongCup_2)",
            "(state Syrup_2 Chocolate)",
            "(IsGraspable BoiledEgg_1)",
            "(IsGraspable Syrup_2)",
            "(Near Robot Fridge)",
            "(IsGraspable Plate_2)",
            "(In BoiledEgg_1 Fridge)",
            "(IsGraspable Mug_1)",
            "(IsGraspable IceCream_1)",
            "(IsGraspable CanadaDry_1)",
            "(In Plate_1 Fridge)",
            "(Near Robot Sink)",
            "(IsGraspable LongCup_1)",
            "(IsGraspable EnergyDrink_1)",
            "(Near Robot StoveFire_4)",
            "(IsGraspable Bowl_1)",
            "(state Kettle Water)",
            "(IsGraspable Ramen_1)",
            "(In EnergyDrink_1 Fridge)",
            "(IsSqueezeable Syrup_1)",
            "(IsGraspable Glass_1)",
            "(In Coke_1 Fridge)",
            "(IsGraspable Salt_1)",
            "(On Bowl_1 StoveFire_4)",
            "(state Fridge WaterDispenserIsOpen)",
            "(state Syrup_1 Vanilla)",
            "(On Salt_1 StoveFire_4)",
            "(IsGraspable InstantRamen_1)",
            "(state IceCream_1 ScoopsLeft)",
            "(In Glass_1 Fridge)",
            "(On Fork_1 StoveFire_2)",
            "(IsGraspable Kettle)",
            "(IsGraspable Coke_1)",
            "(In IceCream_1 Fridge)",
            "(In CanadaDry_1 Fridge)",
            "(On Plate_2 StoveFire_1)",
            "(IsGraspable Fork_1)",
            "(IsGraspable Syrup_1)",
            "(IsSqueezeable Syrup_2)",
            "(On Kettle StoveFire_4)",
            "(state Mug_1 Coffee)",
            "(On InstantRamen_1 StoveFire_3)",
            "(On LongCup_2 StoveFire_3)",
            "(IsGraspable Plate_1)",
            "(IsGraspable Spoon_1)"
      ],
      "final_state": [
            "(IsGraspable LongCup_2)",
            "(state Syrup_2 Chocolate)",
            "(IsGraspable BoiledEgg_1)",
            "(IsGraspable Syrup_2)",
            "(state Stove StoveFire4)",
            "(Near Robot Fridge)",
            "(IsGraspable Plate_2)",
            "(In BoiledEgg_1 Fridge)",
            "(IsGraspable Mug_1)",
            "(IsGraspable IceCream_1)",
            "(IsGraspable CanadaDry_1)",
            "(state Stove StoveFire3)",
            "(In Plate_1 Fridge)",
            "(Near Robot Sink)",
            "(IsGraspable LongCup_1)",
            "(IsGraspable EnergyDrink_1)",
            "(Near Robot StoveFire_4)",
            "(state Stove StoveFire1)",
            "(IsGraspable Bowl_1)",
            "(Near Robot Stove)",
            "(state Kettle Water)",
            "(IsGraspable Ramen_1)",
            "(In EnergyDrink_1 Fridge)",
            "(IsSqueezeable Syrup_1)",
            "(IsGraspable Glass_1)",
            "(In Coke_1 Fridge)",
            "(IsGraspable Salt_1)",
            "(On Bowl_1 StoveFire_4)",
            "(state Fridge WaterDispenserIsOpen)",
            "(state Syrup_1 Vanilla)",
            "(On Salt_1 StoveFire_4)",
            "(state Stove StoveFire2)",
            "(IsGraspable InstantRamen_1)",
            "(state IceCream_1 ScoopsLeft)",
            "(In Glass_1 Fridge)",
            "(On Fork_1 StoveFire_2)",
            "(IsGraspable Kettle)",
            "(IsGraspable Coke_1)",
            "(In IceCream_1 Fridge)",
            "(In CanadaDry_1 Fridge)",
            "(On Plate_2 StoveFire_1)",
            "(IsGraspable Fork_1)",
            "(IsGraspable Syrup_1)",
            "(IsSqueezeable Syrup_2)",
            "(On Kettle StoveFire_4)",
            "(state Mug_1 Coffee)",
            "(On InstantRamen_1 StoveFire_3)",
            "(On LongCup_2 StoveFire_3)",
            "(IsGraspable Plate_1)",
            "(IsGraspable Spoon_1)"
      ],
      "action_seq": [
            "moveto(stove)",
            "turn(stoveknob_1)",
            "turn(stoveknob_2)",
            "turn(stoveknob_3)",
            "turn(stoveknob_4)"
      ],
      "delta_g": [
            "(Near Robot Stove)",
            "(state Stove StoveFire1)",
            "(state Stove StoveFire2)",
            "(state Stove StoveFire3)",
            "(state Stove StoveFire4)"
      ],
      "delta_g_inv": []
}