{
      "file_name": "168.pkl",
      "sent": "boil the water",
      "initial_state": [
            "(IsGraspable LongCup_2)",
            "(state Syrup_2 Chocolate)",
            "(IsGraspable BoiledEgg_1)",
            "(IsGraspable Syrup_2)",
            "(IsGraspable Plate_2)",
            "(In BoiledEgg_1 Fridge)",
            "(IsGraspable Mug_1)",
            "(IsGraspable IceCream_1)",
            "(IsGraspable CanadaDry_1)",
            "(IsGraspable LongCup_1)",
            "(On Glass_1 StoveFire_2)",
            "(IsGraspable EnergyDrink_1)",
            "(In Syrup_1 Fridge)",
            "(IsGraspable Ramen_1)",
            "(In EnergyDrink_1 Fridge)",
            "(IsSqueezeable Syrup_1)",
            "(IsGraspable Glass_1)",
            "(In Coke_1 Fridge)",
            "(IsGraspable Salt_1)",
            "(state Syrup_1 Vanilla)",
            "(IsGraspable InstantRamen_1)",
            "(state IceCream_1 ScoopsLeft)",
            "(IsGraspable Kettle)",
            "(IsGraspable Coke_1)",
            "(In IceCream_1 Fridge)",
            "(IsGraspable Fork_1)",
            "(IsGraspable Syrup_1)",
            "(On InstantRamen_1 StoveFire_2)",
            "(IsSqueezeable Syrup_2)",
            "(On LongCup_2 StoveFire_4)",
            "(On Plate_2 StoveFire_4)",
            "(state Mug_1 Coffee)",
            "(IsGraspable Plate_1)",
            "(IsGraspable Spoon_1)"
      ],
      "final_state": [
            "(IsGraspable LongCup_2)",
            "(state Syrup_2 Chocolate)",
            "(IsGraspable BoiledEgg_1)",
            "(IsGraspable Syrup_2)",
            "(Near Robot Fridge)",
            "(IsGraspable Plate_2)",
            "(In BoiledEgg_1 Fridge)",
            "(IsGraspable Mug_1)",
            "(IsGraspable IceCream_1)",
            "(On Kettle StoveFire_1)",
            "(IsGraspable CanadaDry_1)",
            "(Near Robot Sink)",
            "(IsGraspable LongCup_1)",
            "(On Glass_1 StoveFire_2)",
            "(IsGraspable EnergyDrink_1)",
            "(In Syrup_1 Fridge)",
            "(state Kettle Water)",
            "(IsGraspable Ramen_1)",
            "(In EnergyDrink_1 Fridge)",
            "(IsSqueezeable Syrup_1)",
            "(IsGraspable Glass_1)",
            "(In Coke_1 Fridge)",
            "(IsGraspable Salt_1)",
            "(state Fridge WaterDispenserIsOpen)",
            "(state Syrup_1 Vanilla)",
            "(IsGraspable InstantRamen_1)",
            "(state IceCream_1 ScoopsLeft)",
            "(IsGraspable Kettle)",
            "(IsGraspable Coke_1)",
            "(In IceCream_1 Fridge)",
            "(Near Robot StoveFire_1)",
            "(IsGraspable Fork_1)",
            "(IsGraspable Syrup_1)",
            "(On InstantRamen_1 StoveFire_2)",
            "(IsSqueezeable Syrup_2)",
            "(On LongCup_2 StoveFire_4)",
            "(On Plate_2 StoveFire_4)",
            "(state Mug_1 Coffee)",
            "(IsGraspable Plate_1)",
            "(IsGraspable Spoon_1)"
      ],
      "action_seq": [
            "moveto(sink)",
            "moveto(kettle)",
            "grasp(kettle)",
            "moveto(stovefire_1)",
            "keep(kettle on stovefire_1)",
            "moveto(kettle)",
            "grasp(kettle)",
            "moveto(fridge)",
            "press(fridgebutton)",
            "keep(kettle on stovefire_1)"
      ],
      "delta_g": [
            "(Near Robot Sink)",
            "(Near Robot StoveFire_1)",
            "(Near Robot Fridge)",
            "(state Fridge WaterDispenserIsOpen)",
            "(state Kettle Water)",
            "(On Kettle StoveFire_1)"
      ],
      "delta_g_inv": []
}