{
      "file_name": "175.pkl",
      "sent": ". pour some chocolate syrup",
      "initial_state": [
            "(IsGraspable LongCup_2)",
            "(state Syrup_2 Chocolate)",
            "(IsGraspable BoiledEgg_1)",
            "(IsGraspable Syrup_2)",
            "(Near Robot Fridge)",
            "(IsGraspable Plate_2)",
            "(In BoiledEgg_1 Fridge)",
            "(IsGraspable Mug_1)",
            "(IsGraspable IceCream_1)",
            "(state Fridge LeftDoorIsOpen)",
            "(IsGraspable CanadaDry_1)",
            "(In Plate_1 Fridge)",
            "(IsGraspable LongCup_1)",
            "(state Mug_1 IceCream)",
            "(On Ramen_1 StoveFire_3)",
            "(IsGraspable EnergyDrink_1)",
            "(IsGraspable Ramen_1)",
            "(In EnergyDrink_1 Fridge)",
            "(IsSqueezeable Syrup_1)",
            "(IsGraspable Glass_1)",
            "(In Coke_1 Fridge)",
            "(IsGraspable Salt_1)",
            "(state Syrup_1 Vanilla)",
            "(IsGraspable InstantRamen_1)",
            "(state IceCream_1 ScoopsLeft)",
            "(In Glass_1 Fridge)",
            "(IsGraspable Kettle)",
            "(IsGraspable Coke_1)",
            "(In CanadaDry_1 Fridge)",
            "(IsGraspable Fork_1)",
            "(IsGraspable Syrup_1)",
            "(On Fork_1 StoveFire_3)",
            "(IsSqueezeable Syrup_2)",
            "(On Kettle StoveFire_4)",
            "(On Plate_2 StoveFire_4)",
            "(state Mug_1 Coffee)",
            "(On Salt_1 StoveFire_3)",
            "(On InstantRamen_1 StoveFire_3)",
            "(On LongCup_2 StoveFire_3)",
            "(IsGraspable Plate_1)",
            "(IsGraspable Spoon_1)"
      ],
      "final_state": [
            "(IsGraspable LongCup_2)",
            "(state Syrup_2 Chocolate)",
            "(IsGraspable BoiledEgg_1)",
            "(IsGraspable Syrup_2)",
            "(Near Robot Fridge)",
            "(IsGraspable Plate_2)",
            "(In BoiledEgg_1 Fridge)",
            "(IsGraspable Mug_1)",
            "(IsGraspable IceCream_1)",
            "(state Fridge LeftDoorIsOpen)",
            "(IsGraspable CanadaDry_1)",
            "(In Plate_1 Fridge)",
            "(IsGraspable LongCup_1)",
            "(state Mug_1 IceCream)",
            "(On Ramen_1 StoveFire_3)",
            "(IsGraspable EnergyDrink_1)",
            "(IsGraspable Ramen_1)",
            "(In EnergyDrink_1 Fridge)",
            "(IsSqueezeable Syrup_1)",
            "(IsGraspable Glass_1)",
            "(In Coke_1 Fridge)",
            "(IsGraspable Salt_1)",
            "(state Syrup_1 Vanilla)",
            "(IsGraspable InstantRamen_1)",
            "(state IceCream_1 ScoopsLeft)",
            "(In Glass_1 Fridge)",
            "(IsGraspable Kettle)",
            "(state Mug_1 Chocolate)",
            "(IsGraspable Coke_1)",
            "(In CanadaDry_1 Fridge)",
            "(IsGraspable Fork_1)",
            "(IsGraspable Syrup_1)",
            "(On Fork_1 StoveFire_3)",
            "(IsSqueezeable Syrup_2)",
            "(Grasping Robot Mug_1)",
            "(On Kettle StoveFire_4)",
            "(On Plate_2 StoveFire_4)",
            "(state Mug_1 Coffee)",
            "(On Salt_1 StoveFire_3)",
            "(Grasping Robot Syrup_2)",
            "(On InstantRamen_1 StoveFire_3)",
            "(On LongCup_2 StoveFire_3)",
            "(IsGraspable Plate_1)",
            "(IsGraspable Spoon_1)"
      ],
      "action_seq": [
            "moveto(syrup_2)",
            "grasp(syrup_2)",
            "moveto(mug_1)",
            "grasp(mug_1)",
            "squeeze(syrup_2 mug_1)"
      ],
      "delta_g": [
            "(Grasping Robot Syrup_2)",
            "(Grasping Robot Mug_1)",
            "(state Mug_1 Chocolate)"
      ],
      "delta_g_inv": []
}