{
      "file_name": "179.pkl",
      "sent": ". place all cans, bottles, and garbage in the trash",
      "initial_state": [
            "(IsGraspable Book_2)",
            "(IsGraspable Pillow_1)",
            "(Near Robot CoffeeTable_1)",
            "(On Pillow_1 Shelf_1)",
            "(IsGraspable BagOfChips_1)",
            "(On BagOfChips_1 SnackTable_1)",
            "(IsGraspable Book_1)",
            "(Near Robot Loveseat_1)",
            "(Near Robot GarbageBin_1)",
            "(On Book_2 Armchair_2)",
            "(On Coke_1 Loveseat_1)",
            "(IsGraspable Tv_1Remote_1)",
            "(On Bowl_1 SnackTable_1)",
            "(In GarbageBag_1 GarbageBag_1)",
            "(On Book_1 Armchair_2)",
            "(IsGraspable Beer_1)",
            "(IsGraspable Pillow_3)",
            "(IsGraspable GarbageBag_1)",
            "(IsGraspable Xbox_1)",
            "(state Tv_1 Channel1)",
            "(IsGraspable Bowl_1)",
            "(On XboxController_1 Loveseat_1)",
            "(IsGraspable GarbageBin_1)",
            "(IsGraspable Cd_1)",
            "(On Pillow_2 Shelf_1)",
            "(On Xbox_1 Loveseat_1)",
            "(state Cd_1 CD)",
            "(On Tv_1Remote_1 CoffeeTable_1)",
            "(state BagOfChips_1 HasChips)",
            "(On Cd_1 Loveseat_2)",
            "(IsGraspable Pillow_2)",
            "(state Tv_1 Volume)",
            "(IsGraspable XboxController_1)",
            "(state BagOfChips_1 IsOpen)",
            "(On Pillow_3 Shelf_1)",
            "(Near Robot SnackTable_1)",
            "(On Beer_1 CoffeeTable_1)",
            "(IsGraspable Coke_1)",
            "(IsGraspable Cd_2)",
            "(On GarbageBin_1 GarbageBin_1)",
            "(state Cd_2 CD)",
            "(state Bowl_1 HasChips)",
            "(On Cd_2 Armchair_2)"
      ],
      "final_state": [
            "(IsGraspable Book_2)",
            "(IsGraspable Pillow_1)",
            "(Near Robot CoffeeTable_1)",
            "(On Pillow_1 Shelf_1)",
            "(IsGraspable BagOfChips_1)",
            "(On BagOfChips_1 SnackTable_1)",
            "(IsGraspable Book_1)",
            "(Near Robot Loveseat_1)",
            "(On Beer_1 GarbageBin_1)",
            "(Near Robot GarbageBin_1)",
            "(On Coke_1 GarbageBin_1)",
            "(On Book_2 Armchair_2)",
            "(On Coke_1 Loveseat_1)",
            "(IsGraspable Tv_1Remote_1)",
            "(On Bowl_1 SnackTable_1)",
            "(In GarbageBag_1 GarbageBag_1)",
            "(On Book_1 Armchair_2)",
            "(IsGraspable Beer_1)",
            "(IsGraspable Pillow_3)",
            "(IsGraspable GarbageBag_1)",
            "(IsGraspable Xbox_1)",
            "(state Tv_1 Channel1)",
            "(IsGraspable Bowl_1)",
            "(On XboxController_1 Loveseat_1)",
            "(IsGraspable GarbageBin_1)",
            "(IsGraspable Cd_1)",
            "(On Pillow_2 Shelf_1)",
            "(On Xbox_1 Loveseat_1)",
            "(state Cd_1 CD)",
            "(On Tv_1Remote_1 CoffeeTable_1)",
            "(state BagOfChips_1 HasChips)",
            "(On Cd_1 Loveseat_2)",
            "(IsGraspable Pillow_2)",
            "(state Tv_1 Volume)",
            "(IsGraspable XboxController_1)",
            "(state BagOfChips_1 IsOpen)",
            "(On Pillow_3 Shelf_1)",
            "(Near Robot SnackTable_1)",
            "(On Beer_1 CoffeeTable_1)",
            "(IsGraspable Coke_1)",
            "(IsGraspable Cd_2)",
            "(On GarbageBin_1 GarbageBin_1)",
            "(state Cd_2 CD)",
            "(state Bowl_1 HasChips)",
            "(On Cd_2 Armchair_2)"
      ],
      "action_seq": [
            "moveto(beer_1)",
            "grasp(beer_1)",
            "moveto(coke_1)",
            "grasp(coke_1)",
            "keep(beer_1 on garbagebin_1)",
            "keep(coke_1 on garbagebin_1)"
      ],
      "delta_g": [
            "(On Beer_1 GarbageBin_1)",
            "(On Coke_1 GarbageBin_1)"
      ],
      "delta_g_inv": [
            "(On Coke_1 Loveseat_1)",
            "(On Beer_1 CoffeeTable_1)"
      ]
}