{
      "file_name": "183.pkl",
      "sent": "connect the xbox to the tv",
      "initial_state": [
            "(IsGraspable Book_2)",
            "(IsGraspable Pillow_1)",
            "(On Bowl_1 Studytable_1)",
            "(On Pillow_1 Shelf_1)",
            "(IsGraspable BagOfChips_1)",
            "(IsGraspable Book_1)",
            "(On Xbox_1 Armchair_2)",
            "(On Coke_1 Loveseat_1)",
            "(On Book_2 Loveseat_1)",
            "(IsGraspable Tv_1Remote_1)",
            "(In GarbageBag_1 GarbageBag_1)",
            "(IsGraspable Beer_1)",
            "(IsGraspable Pillow_3)",
            "(IsGraspable GarbageBag_1)",
            "(IsGraspable Xbox_1)",
            "(On Pillow_4 Shelf_1)",
            "(IsGraspable Bowl_1)",
            "(On Book_1 Shelf_2)",
            "(On Cd_2 Shelf_2)",
            "(IsGraspable GarbageBin_1)",
            "(state Tv_1 Channel3)",
            "(IsGraspable Cd_1)",
            "(On XboxController_1 Armchair_3)",
            "(On Pillow_2 Shelf_1)",
            "(state Cd_1 CD)",
            "(state BagOfChips_1 HasChips)",
            "(IsGraspable Pillow_4)",
            "(IsGraspable Pillow_2)",
            "(state Tv_1 Volume)",
            "(IsGraspable XboxController_1)",
            "(On Tv_1Remote_1 Armchair_3)",
            "(state BagOfChips_1 IsOpen)",
            "(On Pillow_3 Shelf_1)",
            "(On Beer_1 CoffeeTable_1)",
            "(In Cd_1 GarbageBag_1)",
            "(IsGraspable Coke_1)",
            "(IsGraspable Cd_2)",
            "(On BagOfChips_1 Armchair_4)",
            "(On GarbageBin_1 GarbageBin_1)",
            "(state Cd_2 CD)",
            "(state Bowl_1 HasChips)"
      ],
      "final_state": [
            "(IsGraspable Book_2)",
            "(IsGraspable Pillow_1)",
            "(On Bowl_1 Studytable_1)",
            "(On Pillow_1 Shelf_1)",
            "(IsGraspable BagOfChips_1)",
            "(IsGraspable Book_1)",
            "(On Xbox_1 Armchair_2)",
            "(On Coke_1 Loveseat_1)",
            "(On Book_2 Loveseat_1)",
            "(IsGraspable Tv_1Remote_1)",
            "(In GarbageBag_1 GarbageBag_1)",
            "(IsGraspable Beer_1)",
            "(IsGraspable Pillow_3)",
            "(IsGraspable GarbageBag_1)",
            "(IsGraspable Xbox_1)",
            "(On Pillow_4 Shelf_1)",
            "(IsGraspable Bowl_1)",
            "(On Book_1 Shelf_2)",
            "(On Cd_2 Shelf_2)",
            "(IsGraspable GarbageBin_1)",
            "(state Tv_1 Channel3)",
            "(IsGraspable Cd_1)",
            "(On XboxController_1 Armchair_3)",
            "(On Pillow_2 Shelf_1)",
            "(state Cd_1 CD)",
            "(state BagOfChips_1 HasChips)",
            "(IsGraspable Pillow_4)",
            "(IsGraspable Pillow_2)",
            "(state Tv_1 Volume)",
            "(IsGraspable XboxController_1)",
            "(On Tv_1Remote_1 Armchair_3)",
            "(state BagOfChips_1 IsOpen)",
            "(On Pillow_3 Shelf_1)",
            "(On Beer_1 CoffeeTable_1)",
            "(In Cd_1 GarbageBag_1)",
            "(IsGraspable Coke_1)",
            "(IsGraspable Cd_2)",
            "(On BagOfChips_1 Armchair_4)",
            "(On GarbageBin_1 GarbageBin_1)",
            "(Grasping Robot Xbox_1)",
            "(state Cd_2 CD)",
            "(state Bowl_1 HasChips)"
      ],
      "action_seq": [
            "moveto(xbox_1)",
            "grasp(xbox_1)"
      ],
      "delta_g": [
            "(Grasping Robot Xbox_1)"
      ],
      "delta_g_inv": [
            "(On Xbox_1 Armchair_2)"
      ]
}