{
      "file_name": "207.pkl",
      "sent": "put the utensils, cups, pots, plates into the sink",
      "initial_state": [
            "(IsGraspable LongCup_2)",
            "(state Syrup_2 Chocolate)",
            "(IsGraspable BoiledEgg_1)",
            "(IsGraspable Syrup_2)",
            "(On Salt_1 StoveFire_2)",
            "(IsGraspable Plate_2)",
            "(In BoiledEgg_1 Fridge)",
            "(IsGraspable Mug_1)",
            "(IsGraspable IceCream_1)",
            "(In LongCup_2 Fridge)",
            "(IsGraspable CanadaDry_1)",
            "(IsGraspable LongCup_1)",
            "(On IceCream_1 StoveFire_1)",
            "(IsGraspable EnergyDrink_1)",
            "(On Kettle StoveFire_2)",
            "(IsGraspable Ramen_1)",
            "(On Syrup_1 StoveFire_2)",
            "(In EnergyDrink_1 Fridge)",
            "(IsSqueezeable Syrup_1)",
            "(IsGraspable Glass_1)",
            "(In Coke_1 Fridge)",
            "(IsGraspable Salt_1)",
            "(state Syrup_1 Vanilla)",
            "(IsGraspable InstantRamen_1)",
            "(state IceCream_1 ScoopsLeft)",
            "(IsGraspable Kettle)",
            "(IsGraspable Coke_1)",
            "(In CanadaDry_1 Fridge)",
            "(IsGraspable Fork_1)",
            "(IsGraspable Syrup_1)",
            "(IsSqueezeable Syrup_2)",
            "(In InstantRamen_1 Fridge)",
            "(On Plate_2 StoveFire_4)",
            "(state Mug_1 Coffee)",
            "(IsGraspable Plate_1)",
            "(IsGraspable Spoon_1)"
      ],
      "final_state": [
            "(On Fork_1 Sink)",
            "(IsGraspable LongCup_2)",
            "(state Syrup_2 Chocolate)",
            "(IsGraspable BoiledEgg_1)",
            "(IsGraspable Syrup_2)",
            "(On Salt_1 StoveFire_2)",
            "(IsGraspable Plate_2)",
            "(In BoiledEgg_1 Fridge)",
            "(IsGraspable Mug_1)",
            "(IsGraspable IceCream_1)",
            "(In LongCup_2 Fridge)",
            "(IsGraspable CanadaDry_1)",
            "(Near Robot Sink)",
            "(IsGraspable LongCup_1)",
            "(On IceCream_1 StoveFire_1)",
            "(IsGraspable EnergyDrink_1)",
            "(On Kettle StoveFire_2)",
            "(IsGraspable Ramen_1)",
            "(On Syrup_1 StoveFire_2)",
            "(On Plate_2 Sink)",
            "(In EnergyDrink_1 Fridge)",
            "(IsSqueezeable Syrup_1)",
            "(IsGraspable Glass_1)",
            "(In Coke_1 Fridge)",
            "(IsGraspable Salt_1)",
            "(state Syrup_1 Vanilla)",
            "(IsGraspable InstantRamen_1)",
            "(state IceCream_1 ScoopsLeft)",
            "(On Kettle Sink)",
            "(IsGraspable Kettle)",
            "(IsGraspable Coke_1)",
            "(In CanadaDry_1 Fridge)",
            "(IsGraspable Fork_1)",
            "(IsGraspable Syrup_1)",
            "(IsSqueezeable Syrup_2)",
            "(In InstantRamen_1 Fridge)",
            "(On Plate_2 StoveFire_4)",
            "(On Glass_1 Sink)",
            "(state Mug_1 Coffee)",
            "(IsGraspable Plate_1)",
            "(On Mug_1 Sink)",
            "(IsGraspable Spoon_1)"
      ],
      "action_seq": [
            "moveto(plate_2)",
            "grasp(plate_2)",
            "moveto(kettle)",
            "grasp(kettle)",
            "moveto(sink)",
            "keep(plate_2 on sink)",
            "keep(kettle on sink)",
            "moveto(glass_1)",
            "grasp(glass_1)",
            "moveto(fork_1)",
            "grasp(fork_1)",
            "keep(fork_1 on sink)",
            "keep(glass_1 on sink)",
            "moveto(mug_1)",
            "grasp(mug_1)",
            "moveto(spoon_1)",
            "grasp(spoon_1)",
            "release(spoon_1)",
            "keep(mug_1 on sink)"
      ],
      "delta_g": [
            "(Near Robot Sink)",
            "(On Plate_2 Sink)",
            "(On Kettle Sink)",
            "(On Fork_1 Sink)",
            "(On Glass_1 Sink)",
            "(On Mug_1 Sink)"
      ],
      "delta_g_inv": [
            "(On Kettle StoveFire_2)",
            "(On Plate_2 StoveFire_4)"
      ]
}