{
      "file_name": "224.pkl",
      "sent": "and then cook it",
      "initial_state": [
            "(IsGraspable LongCup_2)",
            "(state Syrup_2 Chocolate)",
            "(On Glass_1 StoveFire_4)",
            "(IsGraspable BoiledEgg_1)",
            "(IsGraspable Syrup_2)",
            "(On Fork_1 StoveFire_4)",
            "(On Syrup_1 StoveFire_4)",
            "(IsGraspable Plate_2)",
            "(In BoiledEgg_1 Fridge)",
            "(IsGraspable Mug_1)",
            "(IsGraspable IceCream_1)",
            "(IsGraspable CanadaDry_1)",
            "(IsGraspable LongCup_1)",
            "(IsGraspable EnergyDrink_1)",
            "(On EnergyDrink_1 StoveFire_4)",
            "(On Syrup_2 StoveFire_1)",
            "(IsGraspable Ramen_1)",
            "(In Salt_1 Fridge)",
            "(IsSqueezeable Syrup_1)",
            "(IsGraspable Glass_1)",
            "(In Coke_1 Fridge)",
            "(IsGraspable Salt_1)",
            "(state Syrup_1 Vanilla)",
            "(state LongCup_1 Coffee)",
            "(IsGraspable InstantRamen_1)",
            "(state IceCream_1 ScoopsLeft)",
            "(IsGraspable Kettle)",
            "(IsGraspable Coke_1)",
            "(In IceCream_1 Fridge)",
            "(Grasping Robot Ramen_1)",
            "(In CanadaDry_1 Fridge)",
            "(IsGraspable Fork_1)",
            "(IsGraspable Syrup_1)",
            "(IsSqueezeable Syrup_2)",
            "(On Plate_2 StoveFire_4)",
            "(state Mug_1 Coffee)",
            "(IsGraspable Plate_1)",
            "(IsGraspable Spoon_1)"
      ],
      "final_state": [
            "(IsGraspable LongCup_2)",
            "(state Syrup_2 Chocolate)",
            "(On Glass_1 StoveFire_4)",
            "(IsGraspable BoiledEgg_1)",
            "(IsGraspable Syrup_2)",
            "(state Stove StoveFire4)",
            "(On Fork_1 StoveFire_4)",
            "(On Syrup_1 StoveFire_4)",
            "(IsGraspable Plate_2)",
            "(In BoiledEgg_1 Fridge)",
            "(IsGraspable Mug_1)",
            "(IsGraspable IceCream_1)",
            "(IsGraspable CanadaDry_1)",
            "(IsGraspable LongCup_1)",
            "(IsGraspable EnergyDrink_1)",
            "(state Plate_2 Ramen)",
            "(On EnergyDrink_1 StoveFire_4)",
            "(Near Robot Stove)",
            "(On Syrup_2 StoveFire_1)",
            "(IsGraspable Ramen_1)",
            "(In Salt_1 Fridge)",
            "(IsSqueezeable Syrup_1)",
            "(IsGraspable Glass_1)",
            "(In Coke_1 Fridge)",
            "(IsGraspable Salt_1)",
            "(state Syrup_1 Vanilla)",
            "(state LongCup_1 Coffee)",
            "(IsGraspable InstantRamen_1)",
            "(state IceCream_1 ScoopsLeft)",
            "(IsGraspable Kettle)",
            "(IsGraspable Coke_1)",
            "(In IceCream_1 Fridge)",
            "(Grasping Robot Ramen_1)",
            "(In CanadaDry_1 Fridge)",
            "(IsGraspable Fork_1)",
            "(IsGraspable Syrup_1)",
            "(IsSqueezeable Syrup_2)",
            "(On Plate_2 StoveFire_4)",
            "(state Mug_1 Coffee)",
            "(Near Robot StoveFire_4)",
            "(IsGraspable Plate_1)",
            "(IsGraspable Spoon_1)"
      ],
      "action_seq": [
            "moveto(plate_2)",
            "grasp(plate_2)",
            "add(ramen_1 plate_2)",
            "release(plate_2)",
            "moveto(plate_2)",
            "grasp(plate_2)",
            "moveto(stove)",
            "turn(stoveknob_4)",
            "moveto(stovefire_4)",
            "keep(plate_2 on stovefire_4)"
      ],
      "delta_g": [
            "(state Plate_2 Ramen)",
            "(Near Robot Stove)",
            "(state Stove StoveFire4)",
            "(Near Robot StoveFire_4)"
      ],
      "delta_g_inv": [
            "(Grasping Robot Ramen_1)"
      ]
}