{
      "file_name": "231.pkl",
      "sent": "and carry it to the tap",
      "initial_state": [
            "(IsGraspable LongCup_2)",
            "(state Syrup_2 Chocolate)",
            "(IsGraspable BoiledEgg_1)",
            "(IsGraspable Syrup_2)",
            "(On Syrup_1 StoveFire_4)",
            "(IsGraspable Plate_2)",
            "(In BoiledEgg_1 Fridge)",
            "(IsGraspable Mug_1)",
            "(IsGraspable IceCream_1)",
            "(On Plate_1 StoveFire_2)",
            "(IsGraspable CanadaDry_1)",
            "(IsGraspable LongCup_1)",
            "(On Ramen_1 StoveFire_3)",
            "(IsGraspable EnergyDrink_1)",
            "(IsGraspable Ramen_1)",
            "(Grasping Robot LongCup_2)",
            "(In EnergyDrink_1 Fridge)",
            "(IsSqueezeable Syrup_1)",
            "(IsGraspable Glass_1)",
            "(In Coke_1 Fridge)",
            "(IsGraspable Salt_1)",
            "(state Syrup_1 Vanilla)",
            "(On Spoon_1 StoveFire_4)",
            "(IsGraspable InstantRamen_1)",
            "(state IceCream_1 ScoopsLeft)",
            "(On Fork_1 StoveFire_2)",
            "(IsGraspable Kettle)",
            "(IsGraspable Coke_1)",
            "(In IceCream_1 Fridge)",
            "(In CanadaDry_1 Fridge)",
            "(On Plate_2 StoveFire_1)",
            "(IsGraspable Fork_1)",
            "(IsGraspable Syrup_1)",
            "(IsSqueezeable Syrup_2)",
            "(state Mug_1 Coffee)",
            "(On Salt_1 StoveFire_3)",
            "(IsGraspable Plate_1)",
            "(IsGraspable Spoon_1)"
      ],
      "final_state": [
            "(IsGraspable LongCup_2)",
            "(state Syrup_2 Chocolate)",
            "(IsGraspable BoiledEgg_1)",
            "(IsGraspable Syrup_2)",
            "(On Syrup_1 StoveFire_4)",
            "(IsGraspable Plate_2)",
            "(In BoiledEgg_1 Fridge)",
            "(IsGraspable Mug_1)",
            "(IsGraspable IceCream_1)",
            "(On Plate_1 StoveFire_2)",
            "(IsGraspable CanadaDry_1)",
            "(Near Robot Sink)",
            "(IsGraspable LongCup_1)",
            "(On Ramen_1 StoveFire_3)",
            "(IsGraspable EnergyDrink_1)",
            "(IsGraspable Ramen_1)",
            "(Grasping Robot LongCup_2)",
            "(In EnergyDrink_1 Fridge)",
            "(IsSqueezeable Syrup_1)",
            "(IsGraspable Glass_1)",
            "(In Coke_1 Fridge)",
            "(IsGraspable Salt_1)",
            "(state Syrup_1 Vanilla)",
            "(On Spoon_1 StoveFire_4)",
            "(IsGraspable InstantRamen_1)",
            "(state IceCream_1 ScoopsLeft)",
            "(On Fork_1 StoveFire_2)",
            "(On LongCup_2 Sink)",
            "(IsGraspable Kettle)",
            "(IsGraspable Coke_1)",
            "(In IceCream_1 Fridge)",
            "(In CanadaDry_1 Fridge)",
            "(On Plate_2 StoveFire_1)",
            "(IsGraspable Fork_1)",
            "(IsGraspable Syrup_1)",
            "(IsSqueezeable Syrup_2)",
            "(state Mug_1 Coffee)",
            "(On Salt_1 StoveFire_3)",
            "(IsGraspable Plate_1)",
            "(IsGraspable Spoon_1)"
      ],
      "action_seq": [
            "moveto(sink)",
            "keep(longcup_2 on sink)"
      ],
      "delta_g": [
            "(Near Robot Sink)",
            "(On LongCup_2 Sink)"
      ],
      "delta_g_inv": [
            "(Grasping Robot LongCup_2)"
      ]
}