{
      "file_name": "233.pkl",
      "sent": "and put in mug with coffee",
      "initial_state": [
            "(IsGraspable LongCup_2)",
            "(state Syrup_2 Chocolate)",
            "(IsGraspable BoiledEgg_1)",
            "(IsGraspable Syrup_2)",
            "(state Stove StoveFire4)",
            "(Near Robot Fridge)",
            "(IsGraspable Plate_2)",
            "(In BoiledEgg_1 Fridge)",
            "(IsGraspable Mug_1)",
            "(IsGraspable IceCream_1)",
            "(state Fridge LeftDoorIsOpen)",
            "(IsGraspable CanadaDry_1)",
            "(IsGraspable LongCup_1)",
            "(On Glass_1 StoveFire_2)",
            "(IsGraspable EnergyDrink_1)",
            "(In Syrup_1 Fridge)",
            "(Grasping Robot Spoon_1)",
            "(state Stove StoveFire1)",
            "(Near Robot Stove)",
            "(IsGraspable Ramen_1)",
            "(In EnergyDrink_1 Fridge)",
            "(IsSqueezeable Syrup_1)",
            "(Grasping Robot IceCream_1)",
            "(IsGraspable Glass_1)",
            "(In Coke_1 Fridge)",
            "(IsGraspable Salt_1)",
            "(state Syrup_1 Vanilla)",
            "(IsGraspable InstantRamen_1)",
            "(state IceCream_1 ScoopsLeft)",
            "(IsGraspable Kettle)",
            "(IsGraspable Coke_1)",
            "(state Spoon_1 ScoopsLeft)",
            "(IsGraspable Fork_1)",
            "(IsGraspable Syrup_1)",
            "(On InstantRamen_1 StoveFire_2)",
            "(IsSqueezeable Syrup_2)",
            "(On LongCup_2 StoveFire_4)",
            "(On Plate_2 StoveFire_4)",
            "(state Mug_1 Coffee)",
            "(IsGraspable Plate_1)",
            "(IsGraspable Spoon_1)"
      ],
      "final_state": [
            "(IsGraspable LongCup_2)",
            "(state Syrup_2 Chocolate)",
            "(IsGraspable BoiledEgg_1)",
            "(IsGraspable Syrup_2)",
            "(state Stove StoveFire4)",
            "(Near Robot Fridge)",
            "(IsGraspable Plate_2)",
            "(In BoiledEgg_1 Fridge)",
            "(IsGraspable Mug_1)",
            "(IsGraspable IceCream_1)",
            "(state Fridge LeftDoorIsOpen)",
            "(IsGraspable CanadaDry_1)",
            "(IsGraspable LongCup_1)",
            "(On Glass_1 StoveFire_2)",
            "(state Mug_1 IceCream)",
            "(IsGraspable EnergyDrink_1)",
            "(In Syrup_1 Fridge)",
            "(Grasping Robot Spoon_1)",
            "(state Stove StoveFire1)",
            "(Near Robot Stove)",
            "(IsGraspable Ramen_1)",
            "(In EnergyDrink_1 Fridge)",
            "(IsSqueezeable Syrup_1)",
            "(Grasping Robot IceCream_1)",
            "(IsGraspable Glass_1)",
            "(In Coke_1 Fridge)",
            "(IsGraspable Salt_1)",
            "(state Syrup_1 Vanilla)",
            "(IsGraspable InstantRamen_1)",
            "(state IceCream_1 ScoopsLeft)",
            "(IsGraspable Kettle)",
            "(IsGraspable Coke_1)",
            "(state Spoon_1 ScoopsLeft)",
            "(IsGraspable Fork_1)",
            "(IsGraspable Syrup_1)",
            "(On InstantRamen_1 StoveFire_2)",
            "(IsSqueezeable Syrup_2)",
            "(On LongCup_2 StoveFire_4)",
            "(Grasping Robot Mug_1)",
            "(On Plate_2 StoveFire_4)",
            "(state Mug_1 Coffee)",
            "(IsGraspable Plate_1)",
            "(IsGraspable Spoon_1)"
      ],
      "action_seq": [
            "release(icecream_1)",
            "moveto(mug_1)",
            "grasp(mug_1)",
            "add(icecreamscoop mug_1)"
      ],
      "delta_g": [
            "(Grasping Robot Mug_1)",
            "(state Mug_1 IceCream)"
      ],
      "delta_g_inv": [
            "(Grasping Robot IceCream_1)",
            "(state Spoon_1 ScoopsLeft)"
      ]
}