{
      "file_name": "237.pkl",
      "sent": "",
      "initial_state": [
            "(IsGraspable LongCup_2)",
            "(state Syrup_2 Chocolate)",
            "(IsGraspable BoiledEgg_1)",
            "(IsGraspable Syrup_2)",
            "(IsGraspable Plate_2)",
            "(In BoiledEgg_1 Fridge)",
            "(IsGraspable Mug_1)",
            "(IsGraspable IceCream_1)",
            "(Grasping Robot Kettle)",
            "(IsGraspable CanadaDry_1)",
            "(In Plate_1 Fridge)",
            "(Near Robot Sink)",
            "(IsGraspable LongCup_1)",
            "(IsGraspable EnergyDrink_1)",
            "(state Kettle Ramen)",
            "(IsGraspable Bowl_1)",
            "(state Kettle Water)",
            "(IsGraspable Ramen_1)",
            "(In EnergyDrink_1 Fridge)",
            "(IsSqueezeable Syrup_1)",
            "(IsGraspable Glass_1)",
            "(In Coke_1 Fridge)",
            "(IsGraspable Salt_1)",
            "(On Bowl_1 StoveFire_4)",
            "(state Syrup_1 Vanilla)",
            "(On Salt_1 StoveFire_4)",
            "(IsGraspable InstantRamen_1)",
            "(state IceCream_1 ScoopsLeft)",
            "(In Glass_1 Fridge)",
            "(On Fork_1 StoveFire_2)",
            "(IsGraspable Kettle)",
            "(IsGraspable Coke_1)",
            "(In IceCream_1 Fridge)",
            "(In CanadaDry_1 Fridge)",
            "(On Plate_2 StoveFire_1)",
            "(IsGraspable Fork_1)",
            "(IsGraspable Syrup_1)",
            "(IsSqueezeable Syrup_2)",
            "(state Mug_1 Coffee)",
            "(On InstantRamen_1 StoveFire_3)",
            "(On LongCup_2 StoveFire_3)",
            "(IsGraspable Plate_1)",
            "(state SinkKnob TapIsOn)",
            "(IsGraspable Spoon_1)"
      ],
      "final_state": [
            "(IsGraspable LongCup_2)",
            "(state Syrup_2 Chocolate)",
            "(IsGraspable BoiledEgg_1)",
            "(IsGraspable Syrup_2)",
            "(IsGraspable Plate_2)",
            "(In BoiledEgg_1 Fridge)",
            "(IsGraspable Mug_1)",
            "(IsGraspable IceCream_1)",
            "(Grasping Robot Kettle)",
            "(IsGraspable CanadaDry_1)",
            "(In Plate_1 Fridge)",
            "(Near Robot Sink)",
            "(IsGraspable LongCup_1)",
            "(IsGraspable EnergyDrink_1)",
            "(state Kettle Ramen)",
            "(IsGraspable Bowl_1)",
            "(state Kettle Water)",
            "(IsGraspable Ramen_1)",
            "(In EnergyDrink_1 Fridge)",
            "(IsSqueezeable Syrup_1)",
            "(IsGraspable Glass_1)",
            "(In Coke_1 Fridge)",
            "(IsGraspable Salt_1)",
            "(On Bowl_1 StoveFire_4)",
            "(state Syrup_1 Vanilla)",
            "(On Salt_1 StoveFire_4)",
            "(IsGraspable InstantRamen_1)",
            "(state IceCream_1 ScoopsLeft)",
            "(In Glass_1 Fridge)",
            "(On Fork_1 StoveFire_2)",
            "(IsGraspable Kettle)",
            "(IsGraspable Coke_1)",
            "(In IceCream_1 Fridge)",
            "(In CanadaDry_1 Fridge)",
            "(On Plate_2 StoveFire_1)",
            "(IsGraspable Fork_1)",
            "(IsGraspable Syrup_1)",
            "(IsSqueezeable Syrup_2)",
            "(state Mug_1 Coffee)",
            "(On InstantRamen_1 StoveFire_3)",
            "(On LongCup_2 StoveFire_3)",
            "(IsGraspable Plate_1)",
            "(state SinkKnob TapIsOn)",
            "(IsGraspable Spoon_1)"
      ],
      "action_seq": [
            "turn(sinkknob)"
      ],
      "delta_g": [],
      "delta_g_inv": [
            "(state SinkKnob TapIsOn)"
      ]
}