{
      "file_name": "241.pkl",
      "sent": ". lastly, gather and arrange pillows around self",
      "initial_state": [
            "(Near Robot Tv_1)",
            "(IsGraspable Book_2)",
            "(IsGraspable Pillow_1)",
            "(Near Robot CoffeeTable_1)",
            "(On Beer_1 Loveseat_1)",
            "(On Pillow_1 Shelf_1)",
            "(IsGraspable BagOfChips_1)",
            "(On BagOfChips_1 SnackTable_1)",
            "(IsGraspable Book_1)",
            "(In Cd_2 Xbox_1)",
            "(On XboxController_1 CoffeeTable_1)",
            "(Near Robot Loveseat_1)",
            "(On Cd_1 Shelf_2)",
            "(On Book_2 Armchair_2)",
            "(On Coke_1 Loveseat_1)",
            "(IsGraspable Tv_1Remote_1)",
            "(On Book_3 Loveseat_1)",
            "(state Xbox_1 CD)",
            "(In GarbageBag_1 GarbageBag_1)",
            "(On Book_1 Armchair_2)",
            "(IsGraspable Beer_1)",
            "(IsGraspable Pillow_3)",
            "(IsGraspable GarbageBag_1)",
            "(IsGraspable Xbox_1)",
            "(state Tv_1 IsOn)",
            "(IsGraspable Bowl_1)",
            "(IsGraspable GarbageBin_1)",
            "(state Tv_1 Channel3)",
            "(IsGraspable Cd_1)",
            "(On Pillow_2 Shelf_1)",
            "(On Tv_1Remote_1 Loveseat_1)",
            "(On Xbox_1 Loveseat_1)",
            "(state Cd_1 CD)",
            "(state BagOfChips_1 HasChips)",
            "(IsGraspable Book_3)",
            "(IsGraspable Pillow_2)",
            "(IsGraspable XboxController_1)",
            "(On Pillow_3 Shelf_1)",
            "(Near Robot SnackTable_1)",
            "(On Bowl_1 CoffeeTable_1)",
            "(IsGraspable Coke_1)",
            "(IsGraspable Cd_2)",
            "(Grasping Robot Bowl_1)",
            "(On GarbageBin_1 GarbageBin_1)",
            "(state Cd_2 CD)",
            "(state Bowl_1 HasChips)"
      ],
      "final_state": [
            "(Near Robot Tv_1)",
            "(IsGraspable Book_2)",
            "(IsGraspable Pillow_1)",
            "(Near Robot CoffeeTable_1)",
            "(On Beer_1 Loveseat_1)",
            "(On Pillow_1 Shelf_1)",
            "(IsGraspable BagOfChips_1)",
            "(On BagOfChips_1 SnackTable_1)",
            "(IsGraspable Book_1)",
            "(In Cd_2 Xbox_1)",
            "(On XboxController_1 CoffeeTable_1)",
            "(Near Robot Loveseat_1)",
            "(On Cd_1 Shelf_2)",
            "(On Book_2 Armchair_2)",
            "(On Coke_1 Loveseat_1)",
            "(IsGraspable Tv_1Remote_1)",
            "(On Book_3 Loveseat_1)",
            "(state Xbox_1 CD)",
            "(In GarbageBag_1 GarbageBag_1)",
            "(On Book_1 Armchair_2)",
            "(IsGraspable Beer_1)",
            "(IsGraspable Pillow_3)",
            "(IsGraspable GarbageBag_1)",
            "(IsGraspable Xbox_1)",
            "(state Tv_1 IsOn)",
            "(IsGraspable Bowl_1)",
            "(IsGraspable GarbageBin_1)",
            "(state Tv_1 Channel3)",
            "(IsGraspable Cd_1)",
            "(On Pillow_2 Shelf_1)",
            "(On Tv_1Remote_1 Loveseat_1)",
            "(On Xbox_1 Loveseat_1)",
            "(state Cd_1 CD)",
            "(state BagOfChips_1 HasChips)",
            "(IsGraspable Book_3)",
            "(IsGraspable Pillow_2)",
            "(IsGraspable XboxController_1)",
            "(On Pillow_3 Shelf_1)",
            "(Near Robot SnackTable_1)",
            "(On Bowl_1 CoffeeTable_1)",
            "(IsGraspable Coke_1)",
            "(IsGraspable Cd_2)",
            "(Grasping Robot Bowl_1)",
            "(Grasping Robot Pillow_2)",
            "(On GarbageBin_1 GarbageBin_1)",
            "(state Cd_2 CD)",
            "(state Bowl_1 HasChips)"
      ],
      "action_seq": [
            "moveto(pillow_2)",
            "grasp(pillow_2)"
      ],
      "delta_g": [
            "(Grasping Robot Pillow_2)"
      ],
      "delta_g_inv": [
            "(On Pillow_2 Shelf_1)"
      ]
}