{
      "file_name": "261.pkl",
      "sent": ". put the garbage bag in the garbage bin",
      "initial_state": [
            "(IsGraspable Book_2)",
            "(IsGraspable Pillow_1)",
            "(Near Robot CoffeeTable_1)",
            "(On Xbox_1 Armchair_1)",
            "(On Beer_1 Loveseat_1)",
            "(On Pillow_1 Shelf_1)",
            "(IsGraspable BagOfChips_1)",
            "(IsGraspable Book_1)",
            "(On Bowl_1 Shelf_1)",
            "(On Cd_2 CoffeeTable_1)",
            "(On Coke_1 Loveseat_1)",
            "(IsGraspable Tv_1Remote_1)",
            "(In GarbageBag_1 GarbageBag_1)",
            "(IsGraspable Beer_1)",
            "(IsGraspable Pillow_3)",
            "(IsGraspable GarbageBag_1)",
            "(IsGraspable Xbox_1)",
            "(IsGraspable Bowl_1)",
            "(On XboxController_1 Loveseat_1)",
            "(IsGraspable GarbageBin_1)",
            "(state Tv_1 Channel3)",
            "(IsGraspable Cd_1)",
            "(On Pillow_2 Shelf_1)",
            "(On Tv_1Remote_1 Loveseat_1)",
            "(state Cd_1 CD)",
            "(state BagOfChips_1 HasChips)",
            "(On Cd_1 Loveseat_2)",
            "(IsGraspable Pillow_2)",
            "(In BagOfChips_1 GarbageBag_1)",
            "(state Tv_1 Volume)",
            "(IsGraspable XboxController_1)",
            "(On Book_1 Loveseat_1)",
            "(state BagOfChips_1 IsOpen)",
            "(On Pillow_3 Shelf_1)",
            "(On Plate_1 Loveseat_1)",
            "(IsGraspable Coke_1)",
            "(IsGraspable Cd_2)",
            "(On GarbageBin_1 GarbageBin_1)",
            "(On Book_2 CoffeeTable_1)",
            "(state Cd_2 CD)",
            "(state Bowl_1 HasChips)",
            "(IsGraspable Plate_1)"
      ],
      "final_state": [
            "(IsGraspable Book_2)",
            "(IsGraspable Pillow_1)",
            "(Near Robot CoffeeTable_1)",
            "(On Xbox_1 Armchair_1)",
            "(On Beer_1 Loveseat_1)",
            "(On Pillow_1 Shelf_1)",
            "(IsGraspable BagOfChips_1)",
            "(IsGraspable Book_1)",
            "(On Bowl_1 Shelf_1)",
            "(On Cd_2 CoffeeTable_1)",
            "(On Coke_1 Loveseat_1)",
            "(IsGraspable Tv_1Remote_1)",
            "(In GarbageBag_1 GarbageBag_1)",
            "(IsGraspable Beer_1)",
            "(IsGraspable Pillow_3)",
            "(IsGraspable GarbageBag_1)",
            "(IsGraspable Xbox_1)",
            "(IsGraspable Bowl_1)",
            "(On XboxController_1 Loveseat_1)",
            "(IsGraspable GarbageBin_1)",
            "(state Tv_1 Channel3)",
            "(IsGraspable Cd_1)",
            "(On Pillow_2 Shelf_1)",
            "(On Tv_1Remote_1 Loveseat_1)",
            "(state Cd_1 CD)",
            "(state BagOfChips_1 HasChips)",
            "(On Cd_1 Loveseat_2)",
            "(IsGraspable Pillow_2)",
            "(In BagOfChips_1 GarbageBag_1)",
            "(state Tv_1 Volume)",
            "(IsGraspable XboxController_1)",
            "(On Book_1 Loveseat_1)",
            "(state BagOfChips_1 IsOpen)",
            "(On Pillow_3 Shelf_1)",
            "(Near Robot SnackTable_1)",
            "(On Plate_1 Loveseat_1)",
            "(IsGraspable Coke_1)",
            "(IsGraspable Cd_2)",
            "(On GarbageBin_1 GarbageBin_1)",
            "(On GarbageBag_1 SnackTable_1)",
            "(On Book_2 CoffeeTable_1)",
            "(state Cd_2 CD)",
            "(state Bowl_1 HasChips)",
            "(IsGraspable Plate_1)"
      ],
      "action_seq": [
            "moveto(garbagebag_1)",
            "grasp(garbagebag_1)",
            "moveto(snacktable_1)",
            "keep(garbagebag_1 on snacktable_1)"
      ],
      "delta_g": [
            "(Near Robot SnackTable_1)",
            "(On GarbageBag_1 SnackTable_1)"
      ],
      "delta_g_inv": [
            "(In BagOfChips_1 GarbageBag_1)"
      ]
}