{
      "file_name": "283.pkl",
      "sent": "collect all plates, cups, mugs, pot, and silverware",
      "initial_state": [
            "(IsGraspable LongCup_2)",
            "(state Syrup_2 Chocolate)",
            "(IsGraspable BoiledEgg_1)",
            "(IsGraspable Syrup_2)",
            "(On Mug_1 StoveFire_2)",
            "(IsGraspable Plate_2)",
            "(IsGraspable Mug_1)",
            "(IsGraspable IceCream_1)",
            "(In LongCup_2 Fridge)",
            "(IsGraspable CanadaDry_1)",
            "(IsGraspable LongCup_1)",
            "(IsGraspable EnergyDrink_1)",
            "(In Spoon_1 Fridge)",
            "(IsGraspable Ramen_1)",
            "(In EnergyDrink_1 Fridge)",
            "(IsSqueezeable Syrup_1)",
            "(IsGraspable Glass_1)",
            "(In Coke_1 Fridge)",
            "(IsGraspable Salt_1)",
            "(state Syrup_1 Vanilla)",
            "(IsGraspable InstantRamen_1)",
            "(state IceCream_1 ScoopsLeft)",
            "(On LongCup_1 StoveFire_3)",
            "(IsGraspable Kettle)",
            "(IsGraspable Coke_1)",
            "(In IceCream_1 Fridge)",
            "(In CanadaDry_1 Fridge)",
            "(IsGraspable Fork_1)",
            "(IsGraspable Syrup_1)",
            "(IsSqueezeable Syrup_2)",
            "(On Plate_2 StoveFire_4)",
            "(state Mug_1 Coffee)",
            "(On Salt_1 StoveFire_3)",
            "(IsGraspable Plate_1)",
            "(IsGraspable Spoon_1)"
      ],
      "final_state": [
            "(On Fork_1 Sink)",
            "(IsGraspable LongCup_2)",
            "(state Syrup_2 Chocolate)",
            "(IsGraspable BoiledEgg_1)",
            "(IsGraspable Syrup_2)",
            "(On Mug_1 StoveFire_2)",
            "(IsGraspable Plate_2)",
            "(IsGraspable Mug_1)",
            "(IsGraspable IceCream_1)",
            "(In LongCup_2 Fridge)",
            "(IsGraspable CanadaDry_1)",
            "(On Spoon_1 Sink)",
            "(Near Robot Sink)",
            "(IsGraspable LongCup_1)",
            "(IsGraspable EnergyDrink_1)",
            "(In Spoon_1 Fridge)",
            "(IsGraspable Ramen_1)",
            "(On Plate_2 Sink)",
            "(In EnergyDrink_1 Fridge)",
            "(IsSqueezeable Syrup_1)",
            "(IsGraspable Glass_1)",
            "(In Coke_1 Fridge)",
            "(IsGraspable Salt_1)",
            "(state Syrup_1 Vanilla)",
            "(IsGraspable InstantRamen_1)",
            "(state IceCream_1 ScoopsLeft)",
            "(On Kettle Sink)",
            "(On LongCup_1 StoveFire_3)",
            "(IsGraspable Kettle)",
            "(On LongCup_2 Sink)",
            "(IsGraspable Coke_1)",
            "(In IceCream_1 Fridge)",
            "(On LongCup_1 Sink)",
            "(In CanadaDry_1 Fridge)",
            "(IsGraspable Fork_1)",
            "(IsGraspable Syrup_1)",
            "(IsSqueezeable Syrup_2)",
            "(On Plate_2 StoveFire_4)",
            "(On Glass_1 Sink)",
            "(state Mug_1 Coffee)",
            "(On Salt_1 StoveFire_3)",
            "(IsGraspable Plate_1)",
            "(IsGraspable Spoon_1)"
      ],
      "action_seq": [
            "moveto(plate_2)",
            "grasp(plate_2)",
            "moveto(longcup_1)",
            "grasp(longcup_1)",
            "moveto(sink)",
            "keep(longcup_1 on sink)",
            "keep(plate_2 on sink)",
            "moveto(syrup_1)",
            "grasp(syrup_1)",
            "moveto(longcup_2)",
            "grasp(longcup_2)",
            "keep(longcup_2 on sink)",
            "keep(syrup_1 on sink)",
            "moveto(spoon_1)",
            "grasp(spoon_1)",
            "moveto(glass_1)",
            "grasp(glass_1)",
            "keep(glass_1 on sink)",
            "keep(spoon_1 on sink)",
            "moveto(syrup_1)",
            "grasp(syrup_1)",
            "release(syrup_1)",
            "moveto(kettle)",
            "grasp(kettle)",
            "moveto(fork_1)",
            "grasp(fork_1)",
            "keep(fork_1 on sink)",
            "keep(kettle on sink)"
      ],
      "delta_g": [
            "(Near Robot Sink)",
            "(On LongCup_1 Sink)",
            "(On Plate_2 Sink)",
            "(On LongCup_2 Sink)",
            "(On Glass_1 Sink)",
            "(On Spoon_1 Sink)",
            "(On Fork_1 Sink)",
            "(On Kettle Sink)"
      ],
      "delta_g_inv": [
            "(In Spoon_1 Fridge)",
            "(On LongCup_1 StoveFire_3)",
            "(In LongCup_2 Fridge)",
            "(On Plate_2 StoveFire_4)"
      ]
}