{
      "file_name": "291.pkl",
      "sent": ". put some snacks and drinks on the table",
      "initial_state": [
            "(IsGraspable Book_2)",
            "(IsGraspable Pillow_1)",
            "(IsGraspable BagOfChips_1)",
            "(On Pillow_1 Loveseat_1)",
            "(IsGraspable Book_1)",
            "(On XboxController_1 CoffeeTable_1)",
            "(On Bowl_1 Shelf_1)",
            "(On Xbox_1 Armchair_2)",
            "(Near Robot Loveseat_1)",
            "(On BagOfChips_1 Shelf_1)",
            "(In Beer_1 GarbageBag_1)",
            "(On Cd_1 Shelf_2)",
            "(On Book_2 Armchair_2)",
            "(On Coke_1 Loveseat_1)",
            "(IsGraspable Tv_1Remote_1)",
            "(In GarbageBag_1 GarbageBag_1)",
            "(IsGraspable Beer_1)",
            "(state Tv_1 IsOn)",
            "(IsGraspable Pillow_3)",
            "(IsGraspable GarbageBag_1)",
            "(IsGraspable Xbox_1)",
            "(IsGraspable Bowl_1)",
            "(IsGraspable GarbageBin_1)",
            "(state Tv_1 Channel3)",
            "(IsGraspable Cd_1)",
            "(On Pillow_2 Loveseat_1)",
            "(On Tv_1Remote_1 Loveseat_1)",
            "(state Cd_1 CD)",
            "(state BagOfChips_1 HasChips)",
            "(IsGraspable Pillow_2)",
            "(state Tv_1 Volume)",
            "(IsGraspable XboxController_1)",
            "(On Book_1 Loveseat_1)",
            "(state BagOfChips_1 IsOpen)",
            "(IsGraspable Coke_1)",
            "(On Pillow_3 Loveseat_1)",
            "(IsGraspable Cd_2)",
            "(On GarbageBin_1 GarbageBin_1)",
            "(state Cd_2 CD)",
            "(state Bowl_1 HasChips)",
            "(On Cd_2 Armchair_2)"
      ],
      "final_state": [
            "(IsGraspable Book_2)",
            "(IsGraspable Pillow_1)",
            "(Near Robot CoffeeTable_1)",
            "(IsGraspable BagOfChips_1)",
            "(On Pillow_1 Loveseat_1)",
            "(IsGraspable Book_1)",
            "(On XboxController_1 CoffeeTable_1)",
            "(On Bowl_1 Shelf_1)",
            "(On Xbox_1 Armchair_2)",
            "(Near Robot Loveseat_1)",
            "(On BagOfChips_1 Shelf_1)",
            "(In Beer_1 GarbageBag_1)",
            "(On Cd_1 Shelf_2)",
            "(On Book_2 Armchair_2)",
            "(On Coke_1 Loveseat_1)",
            "(IsGraspable Tv_1Remote_1)",
            "(In GarbageBag_1 GarbageBag_1)",
            "(IsGraspable Beer_1)",
            "(state Tv_1 IsOn)",
            "(IsGraspable Pillow_3)",
            "(IsGraspable GarbageBag_1)",
            "(IsGraspable Xbox_1)",
            "(IsGraspable Bowl_1)",
            "(IsGraspable GarbageBin_1)",
            "(state Tv_1 Channel3)",
            "(IsGraspable Cd_1)",
            "(On Pillow_2 Loveseat_1)",
            "(On Tv_1Remote_1 Loveseat_1)",
            "(state Cd_1 CD)",
            "(state BagOfChips_1 HasChips)",
            "(IsGraspable Pillow_2)",
            "(state Tv_1 Volume)",
            "(IsGraspable XboxController_1)",
            "(On Book_1 Loveseat_1)",
            "(state BagOfChips_1 IsOpen)",
            "(On Beer_1 CoffeeTable_1)",
            "(IsGraspable Coke_1)",
            "(On Pillow_3 Loveseat_1)",
            "(IsGraspable Cd_2)",
            "(On GarbageBin_1 GarbageBin_1)",
            "(state Cd_2 CD)",
            "(state Bowl_1 HasChips)",
            "(On Cd_2 Armchair_2)"
      ],
      "action_seq": [
            "moveto(beer_1)",
            "grasp(beer_1)",
            "moveto(coffeetable_1)",
            "keep(beer_1 on coffeetable_1)"
      ],
      "delta_g": [
            "(Near Robot CoffeeTable_1)",
            "(On Beer_1 CoffeeTable_1)"
      ],
      "delta_g_inv": [
            "(In Beer_1 GarbageBag_1)"
      ]
}