{
      "file_name": "318.pkl",
      "sent": "and tidy up the room",
      "initial_state": [
            "(IsGraspable Book_2)",
            "(IsGraspable Pillow_1)",
            "(On Bowl_1 Loveseat_1)",
            "(On Cd_2 Loveseat_1)",
            "(IsGraspable BagOfChips_1)",
            "(On BagOfChips_1 SnackTable_1)",
            "(IsGraspable Book_1)",
            "(On Book_2 Shelf_2)",
            "(On XboxController_1 CoffeeTable_1)",
            "(Near Robot GarbageBin_1)",
            "(On Cd_1 Shelf_2)",
            "(On Coke_1 GarbageBin_1)",
            "(IsGraspable Tv_1Remote_1)",
            "(In GarbageBag_1 GarbageBag_1)",
            "(On Tv_1Remote_1 SnackTable_1)",
            "(IsGraspable Beer_1)",
            "(IsGraspable Pillow_3)",
            "(IsGraspable GarbageBag_1)",
            "(IsGraspable Xbox_1)",
            "(On Beer_1 SnackTable_1)",
            "(IsGraspable Bowl_1)",
            "(IsGraspable GarbageBin_1)",
            "(state Tv_1 Channel3)",
            "(IsGraspable Cd_1)",
            "(On GarbageBag_1 GarbageBin_1)",
            "(state Cd_1 CD)",
            "(state BagOfChips_1 HasChips)",
            "(IsGraspable Pillow_2)",
            "(state Tv_1 Volume)",
            "(IsGraspable XboxController_1)",
            "(state BagOfChips_1 IsOpen)",
            "(On Xbox_1 CoffeeTable_1)",
            "(IsGraspable Coke_1)",
            "(IsGraspable Cd_2)",
            "(On GarbageBin_1 GarbageBin_1)",
            "(state Cd_2 CD)",
            "(state Bowl_1 HasChips)",
            "(On Pillow_3 Armchair_1)"
      ],
      "final_state": [
            "(IsGraspable Book_2)",
            "(IsGraspable Pillow_1)",
            "(On Bowl_1 Loveseat_1)",
            "(On Cd_2 Loveseat_1)",
            "(IsGraspable BagOfChips_1)",
            "(On BagOfChips_1 SnackTable_1)",
            "(IsGraspable Book_1)",
            "(On Book_2 Shelf_2)",
            "(On XboxController_1 CoffeeTable_1)",
            "(Near Robot Loveseat_1)",
            "(Near Robot GarbageBin_1)",
            "(On Cd_1 Shelf_2)",
            "(On Coke_1 GarbageBin_1)",
            "(IsGraspable Tv_1Remote_1)",
            "(In GarbageBag_1 GarbageBag_1)",
            "(On Tv_1Remote_1 SnackTable_1)",
            "(IsGraspable Beer_1)",
            "(IsGraspable Pillow_3)",
            "(IsGraspable GarbageBag_1)",
            "(IsGraspable Xbox_1)",
            "(On Beer_1 SnackTable_1)",
            "(IsGraspable Bowl_1)",
            "(IsGraspable GarbageBin_1)",
            "(state Tv_1 Channel3)",
            "(IsGraspable Cd_1)",
            "(On GarbageBag_1 GarbageBin_1)",
            "(state Cd_1 CD)",
            "(state BagOfChips_1 HasChips)",
            "(IsGraspable Pillow_2)",
            "(state Tv_1 Volume)",
            "(IsGraspable XboxController_1)",
            "(state BagOfChips_1 IsOpen)",
            "(On Xbox_1 CoffeeTable_1)",
            "(IsGraspable Coke_1)",
            "(Near Robot Armchair_1)",
            "(IsGraspable Cd_2)",
            "(On GarbageBin_1 GarbageBin_1)",
            "(state Cd_2 CD)",
            "(state Bowl_1 HasChips)",
            "(On Pillow_3 Armchair_1)"
      ],
      "action_seq": [
            "moveto(pillow_3)",
            "grasp(pillow_3)",
            "moveto(loveseat_1)",
            "keep(pillow_3 on loveseat_1)",
            "moveto(pillow_3)",
            "grasp(pillow_3)",
            "moveto(armchair_1)",
            "keep(pillow_3 on armchair_1)"
      ],
      "delta_g": [
            "(Near Robot Loveseat_1)",
            "(Near Robot Armchair_1)"
      ],
      "delta_g_inv": []
}