{
      "file_name": "330.pkl",
      "sent": ". then put it in the microwave",
      "initial_state": [
            "(IsGraspable LongCup_2)",
            "(state Syrup_2 Chocolate)",
            "(IsGraspable BoiledEgg_1)",
            "(IsGraspable Syrup_2)",
            "(IsGraspable Plate_2)",
            "(state LongCup_2 Water)",
            "(In BoiledEgg_1 Fridge)",
            "(IsGraspable Mug_1)",
            "(IsGraspable IceCream_1)",
            "(IsGraspable CanadaDry_1)",
            "(Near Robot Sink)",
            "(IsGraspable LongCup_1)",
            "(On Glass_1 StoveFire_2)",
            "(IsGraspable EnergyDrink_1)",
            "(In Syrup_1 Fridge)",
            "(IsGraspable Ramen_1)",
            "(In EnergyDrink_1 Fridge)",
            "(IsSqueezeable Syrup_1)",
            "(IsGraspable Glass_1)",
            "(In Coke_1 Fridge)",
            "(IsGraspable Salt_1)",
            "(state Syrup_1 Vanilla)",
            "(IsGraspable InstantRamen_1)",
            "(state IceCream_1 ScoopsLeft)",
            "(On LongCup_2 Sink)",
            "(IsGraspable Kettle)",
            "(IsGraspable Coke_1)",
            "(In IceCream_1 Fridge)",
            "(IsGraspable Fork_1)",
            "(IsGraspable Syrup_1)",
            "(On InstantRamen_1 StoveFire_2)",
            "(IsSqueezeable Syrup_2)",
            "(On Plate_2 StoveFire_4)",
            "(state Mug_1 Coffee)",
            "(IsGraspable Plate_1)",
            "(state SinkKnob TapIsOn)",
            "(IsGraspable Spoon_1)"
      ],
      "final_state": [
            "(IsGraspable LongCup_2)",
            "(state Syrup_2 Chocolate)",
            "(IsGraspable BoiledEgg_1)",
            "(IsGraspable Syrup_2)",
            "(IsGraspable Plate_2)",
            "(state LongCup_2 Water)",
            "(In BoiledEgg_1 Fridge)",
            "(IsGraspable Mug_1)",
            "(IsGraspable IceCream_1)",
            "(IsGraspable CanadaDry_1)",
            "(Near Robot Sink)",
            "(IsGraspable LongCup_1)",
            "(On Glass_1 StoveFire_2)",
            "(IsGraspable EnergyDrink_1)",
            "(In Syrup_1 Fridge)",
            "(state Microwave DoorIsOpen)",
            "(IsGraspable Ramen_1)",
            "(In EnergyDrink_1 Fridge)",
            "(IsSqueezeable Syrup_1)",
            "(IsGraspable Glass_1)",
            "(In Coke_1 Fridge)",
            "(IsGraspable Salt_1)",
            "(state Syrup_1 Vanilla)",
            "(IsGraspable InstantRamen_1)",
            "(state IceCream_1 ScoopsLeft)",
            "(On LongCup_2 Sink)",
            "(IsGraspable Kettle)",
            "(IsGraspable Coke_1)",
            "(In IceCream_1 Fridge)",
            "(IsGraspable Fork_1)",
            "(IsGraspable Syrup_1)",
            "(In LongCup_2 Microwave)",
            "(On InstantRamen_1 StoveFire_2)",
            "(IsSqueezeable Syrup_2)",
            "(On Plate_2 StoveFire_4)",
            "(state Mug_1 Coffee)",
            "(Near Robot Microwave)",
            "(IsGraspable Plate_1)",
            "(state SinkKnob TapIsOn)",
            "(IsGraspable Spoon_1)"
      ],
      "action_seq": [
            "moveto(longcup_2)",
            "grasp(longcup_2)",
            "moveto(microwave)",
            "keep(longcup_2 in microwave)",
            "turn(sinkknob)",
            "open(microwave)"
      ],
      "delta_g": [
            "(Near Robot Microwave)",
            "(In LongCup_2 Microwave)",
            "(state Microwave DoorIsOpen)"
      ],
      "delta_g_inv": [
            "(state SinkKnob TapIsOn)",
            "(On LongCup_2 Sink)"
      ]
}