{
      "file_name": "349.pkl",
      "sent": ".  put the dvd in the tray",
      "initial_state": [
            "(IsGraspable Book_2)",
            "(IsGraspable Pillow_1)",
            "(On Bowl_1 Loveseat_1)",
            "(IsGraspable BagOfChips_1)",
            "(On BagOfChips_1 SnackTable_1)",
            "(IsGraspable Book_1)",
            "(On Book_2 Shelf_2)",
            "(On Coke_1 CoffeeTable_1)",
            "(On XboxController_1 CoffeeTable_1)",
            "(In Pillow_2 GarbageBag_1)",
            "(On Cd_1 Shelf_2)",
            "(In Pillow_1 GarbageBag_1)",
            "(IsGraspable Tv_1Remote_1)",
            "(Grasping Robot Cd_2)",
            "(In GarbageBag_1 GarbageBag_1)",
            "(On Tv_1Remote_1 SnackTable_1)",
            "(IsGraspable Beer_1)",
            "(IsGraspable Pillow_3)",
            "(IsGraspable GarbageBag_1)",
            "(IsGraspable Xbox_1)",
            "(On Beer_1 SnackTable_1)",
            "(IsGraspable Bowl_1)",
            "(IsGraspable GarbageBin_1)",
            "(state Tv_1 Channel3)",
            "(IsGraspable Cd_1)",
            "(state Cd_1 CD)",
            "(state BagOfChips_1 HasChips)",
            "(In Book_1 GarbageBag_1)",
            "(IsGraspable Pillow_2)",
            "(state Tv_1 Volume)",
            "(IsGraspable XboxController_1)",
            "(state BagOfChips_1 IsOpen)",
            "(On Xbox_1 CoffeeTable_1)",
            "(IsGraspable Coke_1)",
            "(IsGraspable Cd_2)",
            "(On GarbageBin_1 GarbageBin_1)",
            "(state Cd_2 CD)",
            "(state Bowl_1 HasChips)",
            "(On Pillow_3 Armchair_1)"
      ],
      "final_state": [
            "(IsGraspable Book_2)",
            "(IsGraspable Pillow_1)",
            "(On Bowl_1 Loveseat_1)",
            "(In Cd_2 Xbox_1)",
            "(IsGraspable BagOfChips_1)",
            "(On BagOfChips_1 SnackTable_1)",
            "(IsGraspable Book_1)",
            "(On Book_2 Shelf_2)",
            "(On Coke_1 CoffeeTable_1)",
            "(On XboxController_1 CoffeeTable_1)",
            "(In Pillow_2 GarbageBag_1)",
            "(On Cd_1 Shelf_2)",
            "(In Pillow_1 GarbageBag_1)",
            "(IsGraspable Tv_1Remote_1)",
            "(Grasping Robot Cd_2)",
            "(state Xbox_1 CD)",
            "(In GarbageBag_1 GarbageBag_1)",
            "(On Tv_1Remote_1 SnackTable_1)",
            "(IsGraspable Beer_1)",
            "(IsGraspable Pillow_3)",
            "(IsGraspable GarbageBag_1)",
            "(IsGraspable Xbox_1)",
            "(On Beer_1 SnackTable_1)",
            "(IsGraspable Bowl_1)",
            "(IsGraspable GarbageBin_1)",
            "(state Tv_1 Channel3)",
            "(IsGraspable Cd_1)",
            "(state Cd_1 CD)",
            "(state BagOfChips_1 HasChips)",
            "(In Book_1 GarbageBag_1)",
            "(IsGraspable Pillow_2)",
            "(state Tv_1 Volume)",
            "(IsGraspable XboxController_1)",
            "(state BagOfChips_1 IsOpen)",
            "(On Xbox_1 CoffeeTable_1)",
            "(IsGraspable Coke_1)",
            "(IsGraspable Cd_2)",
            "(On GarbageBin_1 GarbageBin_1)",
            "(Grasping Robot Xbox_1)",
            "(state Cd_2 CD)",
            "(state Bowl_1 HasChips)",
            "(On Pillow_3 Armchair_1)"
      ],
      "action_seq": [
            "moveto(xbox_1)",
            "grasp(xbox_1)",
            "insert(cd_2 xbox_1)"
      ],
      "delta_g": [
            "(Grasping Robot Xbox_1)",
            "(state Xbox_1 CD)",
            "(In Cd_2 Xbox_1)"
      ],
      "delta_g_inv": [
            "(On Xbox_1 CoffeeTable_1)",
            "(Grasping Robot Cd_2)"
      ]
}