{
      "file_name": "35.pkl",
      "sent": ". pour syrup on the ice cream",
      "initial_state": [
            "(IsGraspable LongCup_2)",
            "(state Syrup_2 Chocolate)",
            "(On Glass_1 StoveFire_4)",
            "(IsGraspable BoiledEgg_1)",
            "(IsGraspable Syrup_2)",
            "(Near Robot Fridge)",
            "(On Fork_1 StoveFire_4)",
            "(On Syrup_1 StoveFire_4)",
            "(IsGraspable Plate_2)",
            "(In BoiledEgg_1 Fridge)",
            "(IsGraspable Mug_1)",
            "(IsGraspable IceCream_1)",
            "(IsGraspable CanadaDry_1)",
            "(IsGraspable LongCup_1)",
            "(IsGraspable EnergyDrink_1)",
            "(On EnergyDrink_1 StoveFire_4)",
            "(On Syrup_2 StoveFire_1)",
            "(IsGraspable Ramen_1)",
            "(In Salt_1 Fridge)",
            "(IsSqueezeable Syrup_1)",
            "(IsGraspable Glass_1)",
            "(In Coke_1 Fridge)",
            "(IsGraspable Salt_1)",
            "(state Syrup_1 Vanilla)",
            "(state LongCup_1 Coffee)",
            "(IsGraspable InstantRamen_1)",
            "(state IceCream_1 ScoopsLeft)",
            "(IsGraspable Kettle)",
            "(IsGraspable Coke_1)",
            "(state Spoon_1 ScoopsLeft)",
            "(In CanadaDry_1 Fridge)",
            "(IsGraspable Fork_1)",
            "(IsGraspable Syrup_1)",
            "(IsSqueezeable Syrup_2)",
            "(Grasping Robot Mug_1)",
            "(On Plate_2 StoveFire_4)",
            "(state Mug_1 Coffee)",
            "(IsGraspable Plate_1)",
            "(IsGraspable Spoon_1)"
      ],
      "final_state": [
            "(IsGraspable LongCup_2)",
            "(state Syrup_2 Chocolate)",
            "(On Glass_1 StoveFire_4)",
            "(IsGraspable BoiledEgg_1)",
            "(IsGraspable Syrup_2)",
            "(Near Robot Fridge)",
            "(On Fork_1 StoveFire_4)",
            "(On Syrup_1 StoveFire_4)",
            "(IsGraspable Plate_2)",
            "(In BoiledEgg_1 Fridge)",
            "(IsGraspable Mug_1)",
            "(IsGraspable IceCream_1)",
            "(IsGraspable CanadaDry_1)",
            "(IsGraspable LongCup_1)",
            "(IsGraspable EnergyDrink_1)",
            "(On EnergyDrink_1 StoveFire_4)",
            "(On Syrup_2 StoveFire_1)",
            "(IsGraspable Ramen_1)",
            "(In Salt_1 Fridge)",
            "(IsSqueezeable Syrup_1)",
            "(IsGraspable Glass_1)",
            "(In Coke_1 Fridge)",
            "(IsGraspable Salt_1)",
            "(state Syrup_1 Vanilla)",
            "(state LongCup_1 Coffee)",
            "(IsGraspable InstantRamen_1)",
            "(state IceCream_1 ScoopsLeft)",
            "(IsGraspable Kettle)",
            "(IsGraspable Coke_1)",
            "(state Spoon_1 ScoopsLeft)",
            "(In CanadaDry_1 Fridge)",
            "(IsGraspable Fork_1)",
            "(IsGraspable Syrup_1)",
            "(IsSqueezeable Syrup_2)",
            "(Grasping Robot Mug_1)",
            "(On Plate_2 StoveFire_4)",
            "(state Mug_1 Coffee)",
            "(Grasping Robot Syrup_2)",
            "(IsGraspable Plate_1)",
            "(IsGraspable Spoon_1)"
      ],
      "action_seq": [
            "moveto(syrup_2)",
            "grasp(syrup_2)",
            "pour(mug_1)",
            "squeeze(syrup_2 mug_1)",
            "pour(mug_1)"
      ],
      "delta_g": [
            "(Grasping Robot Syrup_2)"
      ],
      "delta_g_inv": [
            "(state Mug_1 Coffee)",
            "(On Syrup_2 StoveFire_1)"
      ]
}