{
      "file_name": "365.pkl",
      "sent": "put all of the dishes into the sink",
      "initial_state": [
            "(IsGraspable LongCup_2)",
            "(state Syrup_2 Chocolate)",
            "(IsGraspable BoiledEgg_1)",
            "(IsGraspable Syrup_2)",
            "(IsGraspable Plate_2)",
            "(In BoiledEgg_1 Fridge)",
            "(IsGraspable Mug_1)",
            "(IsGraspable IceCream_1)",
            "(IsGraspable CanadaDry_1)",
            "(In Plate_1 Fridge)",
            "(IsGraspable LongCup_1)",
            "(IsGraspable EnergyDrink_1)",
            "(On Kettle StoveFire_3)",
            "(IsGraspable Bowl_1)",
            "(IsGraspable Ramen_1)",
            "(In EnergyDrink_1 Fridge)",
            "(IsSqueezeable Syrup_1)",
            "(IsGraspable Glass_1)",
            "(In Coke_1 Fridge)",
            "(IsGraspable Salt_1)",
            "(On Bowl_1 StoveFire_4)",
            "(state Syrup_1 Vanilla)",
            "(On Salt_1 StoveFire_4)",
            "(On Ramen_1 StoveFire_2)",
            "(IsGraspable InstantRamen_1)",
            "(state IceCream_1 ScoopsLeft)",
            "(In Glass_1 Fridge)",
            "(On Fork_1 StoveFire_2)",
            "(IsGraspable Kettle)",
            "(IsGraspable Coke_1)",
            "(In IceCream_1 Fridge)",
            "(In CanadaDry_1 Fridge)",
            "(On Plate_2 StoveFire_1)",
            "(IsGraspable Fork_1)",
            "(IsGraspable Syrup_1)",
            "(IsSqueezeable Syrup_2)",
            "(state Mug_1 Coffee)",
            "(On InstantRamen_1 StoveFire_3)",
            "(On LongCup_2 StoveFire_3)",
            "(IsGraspable Plate_1)",
            "(IsGraspable Spoon_1)"
      ],
      "final_state": [
            "(On Fork_1 Sink)",
            "(IsGraspable LongCup_2)",
            "(state Syrup_2 Chocolate)",
            "(IsGraspable BoiledEgg_1)",
            "(IsGraspable Syrup_2)",
            "(IsGraspable Plate_2)",
            "(In BoiledEgg_1 Fridge)",
            "(IsGraspable Mug_1)",
            "(IsGraspable IceCream_1)",
            "(On Spoon_1 Sink)",
            "(IsGraspable CanadaDry_1)",
            "(In Plate_1 Fridge)",
            "(Near Robot Sink)",
            "(IsGraspable LongCup_1)",
            "(IsGraspable EnergyDrink_1)",
            "(On Plate_1 Sink)",
            "(On Kettle StoveFire_3)",
            "(IsGraspable Bowl_1)",
            "(IsGraspable Ramen_1)",
            "(In EnergyDrink_1 Fridge)",
            "(IsSqueezeable Syrup_1)",
            "(IsGraspable Glass_1)",
            "(In Coke_1 Fridge)",
            "(IsGraspable Salt_1)",
            "(On Bowl_1 StoveFire_4)",
            "(state Syrup_1 Vanilla)",
            "(On Salt_1 StoveFire_4)",
            "(On Ramen_1 StoveFire_2)",
            "(IsGraspable InstantRamen_1)",
            "(state IceCream_1 ScoopsLeft)",
            "(In Glass_1 Fridge)",
            "(On Bowl_1 Sink)",
            "(On Fork_1 StoveFire_2)",
            "(On LongCup_2 Sink)",
            "(On Kettle Sink)",
            "(IsGraspable Kettle)",
            "(IsGraspable Coke_1)",
            "(In IceCream_1 Fridge)",
            "(On LongCup_1 Sink)",
            "(In CanadaDry_1 Fridge)",
            "(On Plate_2 StoveFire_1)",
            "(IsGraspable Fork_1)",
            "(IsGraspable Syrup_1)",
            "(IsSqueezeable Syrup_2)",
            "(On Glass_1 Sink)",
            "(state Mug_1 Coffee)",
            "(On InstantRamen_1 StoveFire_3)",
            "(On LongCup_2 StoveFire_3)",
            "(IsGraspable Plate_1)",
            "(On Mug_1 Sink)",
            "(IsGraspable Spoon_1)"
      ],
      "action_seq": [
            "moveto(glass_1)",
            "grasp(glass_1)",
            "moveto(plate_1)",
            "grasp(plate_1)",
            "moveto(bowl_1)",
            "grasp(bowl_1)",
            "moveto(fork_1)",
            "grasp(fork_1)",
            "moveto(kettle)",
            "grasp(kettle)",
            "moveto(longcup_2)",
            "grasp(longcup_2)",
            "moveto(sink)",
            "keep(bowl_1 on sink)",
            "keep(fork_1 on sink)",
            "keep(glass_1 on sink)",
            "keep(kettle on sink)",
            "moveto(longcup_1)",
            "grasp(longcup_1)",
            "keep(longcup_1 on sink)",
            "keep(longcup_2 on sink)",
            "moveto(mug_1)",
            "grasp(mug_1)",
            "keep(mug_1 on sink)",
            "keep(plate_1 on sink)",
            "moveto(spoon_1)",
            "grasp(spoon_1)",
            "keep(spoon_1 on sink)"
      ],
      "delta_g": [
            "(Near Robot Sink)",
            "(On Bowl_1 Sink)",
            "(On Fork_1 Sink)",
            "(On Glass_1 Sink)",
            "(On Kettle Sink)",
            "(On LongCup_1 Sink)",
            "(On LongCup_2 Sink)",
            "(On Mug_1 Sink)",
            "(On Plate_1 Sink)",
            "(On Spoon_1 Sink)"
      ],
      "delta_g_inv": [
            "(On Kettle StoveFire_3)",
            "(In Glass_1 Fridge)",
            "(On LongCup_2 StoveFire_3)",
            "(On Fork_1 StoveFire_2)",
            "(In Plate_1 Fridge)",
            "(On Bowl_1 StoveFire_4)"
      ]
}