{
      "file_name": "367.pkl",
      "sent": ". put the garbage bag inside the garbage bin and place the bin near the two seater couch  put the garbage bag inside the garbage bin and place the bin near the two seater",
      "initial_state": [
            "(IsGraspable Book_2)",
            "(IsGraspable Pillow_1)",
            "(Near Robot CoffeeTable_1)",
            "(On Bowl_1 Loveseat_1)",
            "(IsGraspable BagOfChips_1)",
            "(On Pillow_1 Loveseat_1)",
            "(IsGraspable Book_1)",
            "(Grasping Robot Tv_1Remote_1)",
            "(On XboxController_1 CoffeeTable_1)",
            "(On Coke_1 CoffeeTable_1)",
            "(Near Robot Loveseat_1)",
            "(On Cd_1 Shelf_2)",
            "(IsGraspable Tv_1Remote_1)",
            "(In GarbageBag_1 GarbageBag_1)",
            "(IsGraspable Beer_1)",
            "(state Tv_1 IsOn)",
            "(IsGraspable Pillow_3)",
            "(IsGraspable GarbageBag_1)",
            "(IsGraspable Xbox_1)",
            "(IsGraspable Bowl_1)",
            "(IsGraspable GarbageBin_1)",
            "(state Tv_1 Channel3)",
            "(IsGraspable Cd_1)",
            "(On Pillow_2 Loveseat_1)",
            "(On Xbox_1 Loveseat_1)",
            "(state Cd_1 CD)",
            "(state BagOfChips_1 HasChips)",
            "(IsGraspable Pillow_2)",
            "(state Tv_1 Volume)",
            "(IsGraspable XboxController_1)",
            "(state BagOfChips_1 IsOpen)",
            "(Near Robot SnackTable_1)",
            "(On Beer_1 CoffeeTable_1)",
            "(IsGraspable Coke_1)",
            "(On Book_2 Shelf_1)",
            "(On Pillow_3 Loveseat_1)",
            "(IsGraspable Cd_2)",
            "(On GarbageBin_1 GarbageBin_1)",
            "(On Cd_2 SnackTable_1)",
            "(state Cd_2 CD)",
            "(state Bowl_1 HasChips)"
      ],
      "final_state": [
            "(IsGraspable Book_2)",
            "(IsGraspable Pillow_1)",
            "(Near Robot CoffeeTable_1)",
            "(On Bowl_1 Loveseat_1)",
            "(IsGraspable BagOfChips_1)",
            "(On Pillow_1 Loveseat_1)",
            "(IsGraspable Book_1)",
            "(Grasping Robot Tv_1Remote_1)",
            "(On XboxController_1 CoffeeTable_1)",
            "(On Coke_1 CoffeeTable_1)",
            "(Near Robot Loveseat_1)",
            "(On Cd_1 Shelf_2)",
            "(IsGraspable Tv_1Remote_1)",
            "(On GarbageBag_1 Loveseat_1)",
            "(In GarbageBag_1 GarbageBag_1)",
            "(IsGraspable Beer_1)",
            "(state Tv_1 IsOn)",
            "(IsGraspable Pillow_3)",
            "(IsGraspable GarbageBag_1)",
            "(IsGraspable Xbox_1)",
            "(IsGraspable Bowl_1)",
            "(IsGraspable GarbageBin_1)",
            "(state Tv_1 Channel3)",
            "(IsGraspable Cd_1)",
            "(On Pillow_2 Loveseat_1)",
            "(On Xbox_1 Loveseat_1)",
            "(state Cd_1 CD)",
            "(state BagOfChips_1 HasChips)",
            "(IsGraspable Pillow_2)",
            "(state Tv_1 Volume)",
            "(IsGraspable XboxController_1)",
            "(state BagOfChips_1 IsOpen)",
            "(Near Robot SnackTable_1)",
            "(On Beer_1 CoffeeTable_1)",
            "(IsGraspable Coke_1)",
            "(On Book_2 Shelf_1)",
            "(On Pillow_3 Loveseat_1)",
            "(Grasping Robot GarbageBin_1)",
            "(IsGraspable Cd_2)",
            "(On GarbageBin_1 GarbageBin_1)",
            "(On Cd_2 SnackTable_1)",
            "(state Cd_2 CD)",
            "(state Bowl_1 HasChips)"
      ],
      "action_seq": [
            "moveto(garbagebin_1)",
            "grasp(garbagebin_1)",
            "moveto(garbagebag_1)",
            "grasp(garbagebag_1)",
            "keep(garbagebag_1 on loveseat_1)"
      ],
      "delta_g": [
            "(Grasping Robot GarbageBin_1)",
            "(On GarbageBag_1 Loveseat_1)"
      ],
      "delta_g_inv": []
}