{
      "file_name": "372.pkl",
      "sent": "and drizzle some on top",
      "initial_state": [
            "(IsGraspable LongCup_2)",
            "(state Syrup_2 Chocolate)",
            "(IsGraspable BoiledEgg_1)",
            "(IsGraspable Syrup_2)",
            "(Near Robot Fridge)",
            "(IsGraspable Plate_2)",
            "(In BoiledEgg_1 Fridge)",
            "(IsGraspable Mug_1)",
            "(IsGraspable IceCream_1)",
            "(state Fridge LeftDoorIsOpen)",
            "(IsGraspable CanadaDry_1)",
            "(In Plate_1 Fridge)",
            "(IsGraspable LongCup_1)",
            "(IsGraspable EnergyDrink_1)",
            "(On Kettle StoveFire_3)",
            "(IsGraspable Bowl_1)",
            "(IsGraspable Ramen_1)",
            "(Grasping Robot LongCup_2)",
            "(In EnergyDrink_1 Fridge)",
            "(IsSqueezeable Syrup_1)",
            "(IsGraspable Glass_1)",
            "(In Coke_1 Fridge)",
            "(IsGraspable Salt_1)",
            "(On Bowl_1 StoveFire_4)",
            "(state Syrup_1 Vanilla)",
            "(On Salt_1 StoveFire_4)",
            "(state LongCup_1 Coffee)",
            "(On Ramen_1 StoveFire_2)",
            "(IsGraspable InstantRamen_1)",
            "(state IceCream_1 ScoopsLeft)",
            "(On Fork_1 StoveFire_2)",
            "(IsGraspable Kettle)",
            "(IsGraspable Coke_1)",
            "(On Plate_2 StoveFire_1)",
            "(IsGraspable Fork_1)",
            "(IsGraspable Syrup_1)",
            "(IsSqueezeable Syrup_2)",
            "(state LongCup_2 IceCream)",
            "(state Mug_1 Coffee)",
            "(Grasping Robot Syrup_2)",
            "(On InstantRamen_1 StoveFire_3)",
            "(IsGraspable Plate_1)",
            "(IsGraspable Spoon_1)"
      ],
      "final_state": [
            "(IsGraspable LongCup_2)",
            "(state Syrup_2 Chocolate)",
            "(IsGraspable BoiledEgg_1)",
            "(IsGraspable Syrup_2)",
            "(Near Robot Fridge)",
            "(IsGraspable Plate_2)",
            "(In BoiledEgg_1 Fridge)",
            "(IsGraspable Mug_1)",
            "(IsGraspable IceCream_1)",
            "(state Fridge LeftDoorIsOpen)",
            "(IsGraspable CanadaDry_1)",
            "(In Plate_1 Fridge)",
            "(IsGraspable LongCup_1)",
            "(IsGraspable EnergyDrink_1)",
            "(On Kettle StoveFire_3)",
            "(IsGraspable Bowl_1)",
            "(IsGraspable Ramen_1)",
            "(Grasping Robot LongCup_2)",
            "(In EnergyDrink_1 Fridge)",
            "(IsSqueezeable Syrup_1)",
            "(IsGraspable Glass_1)",
            "(In Coke_1 Fridge)",
            "(IsGraspable Salt_1)",
            "(On Bowl_1 StoveFire_4)",
            "(state LongCup_2 Chocolate)",
            "(state Syrup_1 Vanilla)",
            "(On Salt_1 StoveFire_4)",
            "(state LongCup_1 Coffee)",
            "(On Ramen_1 StoveFire_2)",
            "(IsGraspable InstantRamen_1)",
            "(state IceCream_1 ScoopsLeft)",
            "(On Fork_1 StoveFire_2)",
            "(IsGraspable Kettle)",
            "(IsGraspable Coke_1)",
            "(On Plate_2 StoveFire_1)",
            "(IsGraspable Fork_1)",
            "(IsGraspable Syrup_1)",
            "(IsSqueezeable Syrup_2)",
            "(state LongCup_2 IceCream)",
            "(state Mug_1 Coffee)",
            "(Grasping Robot Syrup_2)",
            "(On InstantRamen_1 StoveFire_3)",
            "(IsGraspable Plate_1)",
            "(IsGraspable Spoon_1)"
      ],
      "action_seq": [
            "pour(syrup_2 longcup_2)"
      ],
      "delta_g": [
            "(state LongCup_2 Chocolate)"
      ],
      "delta_g_inv": []
}