{
      "file_name": "375.pkl",
      "sent": ". grab food and drink",
      "initial_state": [
            "(state Fridge RightDoorIsOpen)",
            "(IsGraspable LongCup_2)",
            "(state Syrup_2 Chocolate)",
            "(IsGraspable BoiledEgg_1)",
            "(IsGraspable Syrup_2)",
            "(Near Robot Fridge)",
            "(IsGraspable Plate_2)",
            "(In BoiledEgg_1 Fridge)",
            "(IsGraspable Mug_1)",
            "(IsGraspable IceCream_1)",
            "(state Fridge LeftDoorIsOpen)",
            "(IsGraspable CanadaDry_1)",
            "(In LongCup_1 Fridge)",
            "(In Plate_1 Fridge)",
            "(IsGraspable LongCup_1)",
            "(On Fork_1 StoveFire_1)",
            "(IsGraspable EnergyDrink_1)",
            "(On LongCup_2 StoveFire_1)",
            "(IsGraspable Ramen_1)",
            "(In EnergyDrink_1 Fridge)",
            "(IsSqueezeable Syrup_1)",
            "(IsGraspable Glass_1)",
            "(On Ramen_1 StoveFire_1)",
            "(In Coke_1 Fridge)",
            "(IsGraspable Salt_1)",
            "(state Syrup_1 Vanilla)",
            "(IsGraspable InstantRamen_1)",
            "(In Kettle Fridge)",
            "(state IceCream_1 ScoopsLeft)",
            "(In Glass_1 Fridge)",
            "(IsGraspable Kettle)",
            "(IsGraspable Coke_1)",
            "(In IceCream_1 Fridge)",
            "(In CanadaDry_1 Fridge)",
            "(On Plate_2 StoveFire_1)",
            "(IsGraspable Fork_1)",
            "(IsGraspable Syrup_1)",
            "(On Mug_1 StoveFire_4)",
            "(IsSqueezeable Syrup_2)",
            "(state Mug_1 Coffee)",
            "(On Salt_1 StoveFire_3)",
            "(On InstantRamen_1 StoveFire_3)",
            "(IsGraspable Plate_1)",
            "(IsGraspable Spoon_1)"
      ],
      "final_state": [
            "(state Fridge RightDoorIsOpen)",
            "(IsGraspable LongCup_2)",
            "(state Syrup_2 Chocolate)",
            "(IsGraspable BoiledEgg_1)",
            "(IsGraspable Syrup_2)",
            "(Near Robot Fridge)",
            "(IsGraspable Plate_2)",
            "(In BoiledEgg_1 Fridge)",
            "(IsGraspable Mug_1)",
            "(IsGraspable IceCream_1)",
            "(state Fridge LeftDoorIsOpen)",
            "(IsGraspable CanadaDry_1)",
            "(In LongCup_1 Fridge)",
            "(In Plate_1 Fridge)",
            "(IsGraspable LongCup_1)",
            "(On Fork_1 StoveFire_1)",
            "(IsGraspable EnergyDrink_1)",
            "(On LongCup_2 StoveFire_1)",
            "(IsGraspable Ramen_1)",
            "(In EnergyDrink_1 Fridge)",
            "(IsSqueezeable Syrup_1)",
            "(Grasping Robot IceCream_1)",
            "(IsGraspable Glass_1)",
            "(On Ramen_1 StoveFire_1)",
            "(In Coke_1 Fridge)",
            "(IsGraspable Salt_1)",
            "(state Syrup_1 Vanilla)",
            "(IsGraspable InstantRamen_1)",
            "(In Kettle Fridge)",
            "(state IceCream_1 ScoopsLeft)",
            "(In Glass_1 Fridge)",
            "(IsGraspable Kettle)",
            "(IsGraspable Coke_1)",
            "(In IceCream_1 Fridge)",
            "(In CanadaDry_1 Fridge)",
            "(On Plate_2 StoveFire_1)",
            "(IsGraspable Fork_1)",
            "(IsGraspable Syrup_1)",
            "(On Mug_1 StoveFire_4)",
            "(Grasping Robot Coke_1)",
            "(IsSqueezeable Syrup_2)",
            "(state Mug_1 Coffee)",
            "(On Salt_1 StoveFire_3)",
            "(On InstantRamen_1 StoveFire_3)",
            "(IsGraspable Plate_1)",
            "(IsGraspable Spoon_1)"
      ],
      "action_seq": [
            "moveto(coke_1)",
            "grasp(coke_1)",
            "moveto(icecream_1)",
            "grasp(icecream_1)"
      ],
      "delta_g": [
            "(Grasping Robot Coke_1)",
            "(Grasping Robot IceCream_1)"
      ],
      "delta_g_inv": [
            "(In IceCream_1 Fridge)",
            "(In Coke_1 Fridge)"
      ]
}