{
      "file_name": "383.pkl",
      "sent": "gather all used cups and glasses and place into the sink",
      "initial_state": [
            "(IsGraspable LongCup_2)",
            "(state Syrup_2 Chocolate)",
            "(IsGraspable BoiledEgg_1)",
            "(IsGraspable Syrup_2)",
            "(On Mug_1 StoveFire_2)",
            "(IsGraspable Plate_2)",
            "(IsGraspable Mug_1)",
            "(IsGraspable IceCream_1)",
            "(In LongCup_2 Fridge)",
            "(IsGraspable CanadaDry_1)",
            "(IsGraspable LongCup_1)",
            "(IsGraspable EnergyDrink_1)",
            "(In Spoon_1 Fridge)",
            "(IsGraspable Ramen_1)",
            "(In EnergyDrink_1 Fridge)",
            "(IsSqueezeable Syrup_1)",
            "(IsGraspable Glass_1)",
            "(In Coke_1 Fridge)",
            "(IsGraspable Salt_1)",
            "(state Syrup_1 Vanilla)",
            "(IsGraspable InstantRamen_1)",
            "(state IceCream_1 ScoopsLeft)",
            "(On LongCup_1 StoveFire_3)",
            "(IsGraspable Kettle)",
            "(IsGraspable Coke_1)",
            "(In IceCream_1 Fridge)",
            "(In CanadaDry_1 Fridge)",
            "(IsGraspable Fork_1)",
            "(IsGraspable Syrup_1)",
            "(IsSqueezeable Syrup_2)",
            "(On Plate_2 StoveFire_4)",
            "(state Mug_1 Coffee)",
            "(On Salt_1 StoveFire_3)",
            "(IsGraspable Plate_1)",
            "(IsGraspable Spoon_1)"
      ],
      "final_state": [
            "(IsGraspable LongCup_2)",
            "(state Syrup_2 Chocolate)",
            "(IsGraspable BoiledEgg_1)",
            "(IsGraspable Syrup_2)",
            "(On Mug_1 StoveFire_2)",
            "(IsGraspable Plate_2)",
            "(IsGraspable Mug_1)",
            "(IsGraspable IceCream_1)",
            "(In LongCup_2 Fridge)",
            "(IsGraspable CanadaDry_1)",
            "(Near Robot Sink)",
            "(IsGraspable LongCup_1)",
            "(IsGraspable EnergyDrink_1)",
            "(In Spoon_1 Fridge)",
            "(state Microwave DoorIsOpen)",
            "(IsGraspable Ramen_1)",
            "(In EnergyDrink_1 Fridge)",
            "(IsSqueezeable Syrup_1)",
            "(IsGraspable Glass_1)",
            "(In Coke_1 Fridge)",
            "(IsGraspable Salt_1)",
            "(state Syrup_1 Vanilla)",
            "(IsGraspable InstantRamen_1)",
            "(state IceCream_1 ScoopsLeft)",
            "(On LongCup_2 Sink)",
            "(On LongCup_1 StoveFire_3)",
            "(IsGraspable Kettle)",
            "(IsGraspable Coke_1)",
            "(In IceCream_1 Fridge)",
            "(On LongCup_1 Sink)",
            "(In CanadaDry_1 Fridge)",
            "(IsGraspable Fork_1)",
            "(IsGraspable Syrup_1)",
            "(IsSqueezeable Syrup_2)",
            "(On Plate_2 StoveFire_4)",
            "(On Glass_1 Sink)",
            "(state Mug_1 Coffee)",
            "(On Salt_1 StoveFire_3)",
            "(Near Robot Microwave)",
            "(IsGraspable Plate_1)",
            "(On Mug_1 Sink)",
            "(IsGraspable Spoon_1)"
      ],
      "action_seq": [
            "moveto(longcup_2)",
            "grasp(longcup_2)",
            "moveto(longcup_1)",
            "grasp(longcup_1)",
            "moveto(mug_1)",
            "grasp(mug_1)",
            "moveto(microwave)",
            "moveto(sink)",
            "pour(mug_1)",
            "moveto(glass_1)",
            "grasp(glass_1)",
            "keep(glass_1 on sink)",
            "keep(longcup_1 on sink)",
            "keep(longcup_2 on sink)",
            "keep(mug_1 on sink)",
            "open(microwave)"
      ],
      "delta_g": [
            "(Near Robot Microwave)",
            "(Near Robot Sink)",
            "(On Glass_1 Sink)",
            "(On LongCup_1 Sink)",
            "(On LongCup_2 Sink)",
            "(On Mug_1 Sink)",
            "(state Microwave DoorIsOpen)"
      ],
      "delta_g_inv": [
            "(state Mug_1 Coffee)",
            "(On Mug_1 StoveFire_2)",
            "(On LongCup_1 StoveFire_3)",
            "(In LongCup_2 Fridge)"
      ]
}