{
      "file_name": "401.pkl",
      "sent": "and then place it in the sink",
      "initial_state": [
            "(IsGraspable LongCup_2)",
            "(state Syrup_2 Chocolate)",
            "(IsGraspable BoiledEgg_1)",
            "(IsGraspable Syrup_2)",
            "(IsGraspable Plate_2)",
            "(IsGraspable Mug_1)",
            "(IsGraspable IceCream_1)",
            "(On Spoon_1 Sink)",
            "(IsGraspable CanadaDry_1)",
            "(Near Robot Sink)",
            "(IsGraspable LongCup_1)",
            "(IsGraspable EnergyDrink_1)",
            "(IsGraspable Ramen_1)",
            "(On Plate_2 Sink)",
            "(In EnergyDrink_1 Fridge)",
            "(IsSqueezeable Syrup_1)",
            "(IsGraspable Glass_1)",
            "(In Coke_1 Fridge)",
            "(IsGraspable Salt_1)",
            "(state Syrup_1 Vanilla)",
            "(IsGraspable InstantRamen_1)",
            "(state IceCream_1 ScoopsLeft)",
            "(On LongCup_2 Sink)",
            "(IsGraspable Kettle)",
            "(IsGraspable Coke_1)",
            "(In IceCream_1 Fridge)",
            "(In CanadaDry_1 Fridge)",
            "(IsGraspable Fork_1)",
            "(IsGraspable Syrup_1)",
            "(IsSqueezeable Syrup_2)",
            "(Grasping Robot Mug_1)",
            "(On Glass_1 Sink)",
            "(On Salt_1 StoveFire_3)",
            "(Near Robot Microwave)",
            "(IsGraspable Plate_1)",
            "(IsGraspable Spoon_1)"
      ],
      "final_state": [
            "(IsGraspable LongCup_2)",
            "(state Syrup_2 Chocolate)",
            "(IsGraspable BoiledEgg_1)",
            "(IsGraspable Syrup_2)",
            "(IsGraspable Plate_2)",
            "(IsGraspable Mug_1)",
            "(IsGraspable IceCream_1)",
            "(On Spoon_1 Sink)",
            "(IsGraspable CanadaDry_1)",
            "(Near Robot Sink)",
            "(IsGraspable LongCup_1)",
            "(IsGraspable EnergyDrink_1)",
            "(IsGraspable Ramen_1)",
            "(On Plate_2 Sink)",
            "(In EnergyDrink_1 Fridge)",
            "(IsSqueezeable Syrup_1)",
            "(IsGraspable Glass_1)",
            "(In Coke_1 Fridge)",
            "(IsGraspable Salt_1)",
            "(state Syrup_1 Vanilla)",
            "(IsGraspable InstantRamen_1)",
            "(state IceCream_1 ScoopsLeft)",
            "(On LongCup_2 Sink)",
            "(IsGraspable Kettle)",
            "(IsGraspable Coke_1)",
            "(In IceCream_1 Fridge)",
            "(In CanadaDry_1 Fridge)",
            "(IsGraspable Fork_1)",
            "(IsGraspable Syrup_1)",
            "(IsSqueezeable Syrup_2)",
            "(Grasping Robot Mug_1)",
            "(On Glass_1 Sink)",
            "(On Salt_1 StoveFire_3)",
            "(Near Robot Microwave)",
            "(IsGraspable Plate_1)",
            "(On Mug_1 Sink)",
            "(IsGraspable Spoon_1)"
      ],
      "action_seq": [
            "keep(mug_1 on sink)"
      ],
      "delta_g": [
            "(On Mug_1 Sink)"
      ],
      "delta_g_inv": [
            "(Grasping Robot Mug_1)"
      ]
}