{
      "file_name": "407.pkl",
      "sent": ". put flavors in the cupboard",
      "initial_state": [
            "(On Fork_1 Sink)",
            "(IsGraspable LongCup_2)",
            "(state Syrup_2 Chocolate)",
            "(IsGraspable BoiledEgg_1)",
            "(IsGraspable Syrup_2)",
            "(Near Robot Fridge)",
            "(IsGraspable Plate_2)",
            "(In BoiledEgg_1 Fridge)",
            "(IsGraspable Mug_1)",
            "(IsGraspable IceCream_1)",
            "(On Spoon_1 Sink)",
            "(IsGraspable CanadaDry_1)",
            "(Near Robot Sink)",
            "(IsGraspable LongCup_1)",
            "(On Ramen_1 StoveFire_3)",
            "(IsGraspable EnergyDrink_1)",
            "(On Plate_1 Sink)",
            "(IsGraspable Ramen_1)",
            "(On Plate_2 Sink)",
            "(In EnergyDrink_1 Fridge)",
            "(IsSqueezeable Syrup_1)",
            "(IsGraspable Glass_1)",
            "(In Coke_1 Fridge)",
            "(IsGraspable Salt_1)",
            "(state Syrup_1 Vanilla)",
            "(IsGraspable InstantRamen_1)",
            "(state IceCream_1 ScoopsLeft)",
            "(In Glass_1 Fridge)",
            "(On Kettle Sink)",
            "(On LongCup_2 Sink)",
            "(IsGraspable Kettle)",
            "(IsGraspable Coke_1)",
            "(In IceCream_1 Fridge)",
            "(On LongCup_1 Sink)",
            "(In CanadaDry_1 Fridge)",
            "(IsGraspable Fork_1)",
            "(IsGraspable Syrup_1)",
            "(IsSqueezeable Syrup_2)",
            "(state Mug_1 Coffee)",
            "(On Salt_1 StoveFire_3)",
            "(IsGraspable Plate_1)",
            "(On Mug_1 Sink)",
            "(IsGraspable Spoon_1)"
      ],
      "final_state": [
            "(On Fork_1 Sink)",
            "(IsGraspable LongCup_2)",
            "(state Syrup_2 Chocolate)",
            "(IsGraspable BoiledEgg_1)",
            "(IsGraspable Syrup_2)",
            "(Near Robot Fridge)",
            "(Grasping Robot Salt_1)",
            "(IsGraspable Plate_2)",
            "(In BoiledEgg_1 Fridge)",
            "(IsGraspable Mug_1)",
            "(IsGraspable IceCream_1)",
            "(On Spoon_1 Sink)",
            "(IsGraspable CanadaDry_1)",
            "(Near Robot Sink)",
            "(IsGraspable LongCup_1)",
            "(On Ramen_1 StoveFire_3)",
            "(IsGraspable EnergyDrink_1)",
            "(On Plate_1 Sink)",
            "(IsGraspable Ramen_1)",
            "(On Plate_2 Sink)",
            "(In EnergyDrink_1 Fridge)",
            "(IsSqueezeable Syrup_1)",
            "(IsGraspable Glass_1)",
            "(In Coke_1 Fridge)",
            "(IsGraspable Salt_1)",
            "(state Syrup_1 Vanilla)",
            "(IsGraspable InstantRamen_1)",
            "(state IceCream_1 ScoopsLeft)",
            "(In Glass_1 Fridge)",
            "(On Kettle Sink)",
            "(On LongCup_2 Sink)",
            "(IsGraspable Kettle)",
            "(IsGraspable Coke_1)",
            "(In IceCream_1 Fridge)",
            "(On LongCup_1 Sink)",
            "(In CanadaDry_1 Fridge)",
            "(IsGraspable Fork_1)",
            "(IsGraspable Syrup_1)",
            "(IsSqueezeable Syrup_2)",
            "(state Mug_1 Coffee)",
            "(On Salt_1 StoveFire_3)",
            "(IsGraspable Plate_1)",
            "(On Mug_1 Sink)",
            "(IsGraspable Spoon_1)"
      ],
      "action_seq": [
            "moveto(salt_1)",
            "grasp(salt_1)"
      ],
      "delta_g": [
            "(Grasping Robot Salt_1)"
      ],
      "delta_g_inv": [
            "(On Salt_1 StoveFire_3)"
      ]
}