{
      "file_name": "416.pkl",
      "sent": "put egg on plate",
      "initial_state": [
            "(IsGraspable LongCup_2)",
            "(state Syrup_2 Chocolate)",
            "(IsGraspable BoiledEgg_1)",
            "(IsGraspable Syrup_2)",
            "(On Salt_1 StoveFire_2)",
            "(IsGraspable Plate_2)",
            "(In BoiledEgg_1 Fridge)",
            "(IsGraspable Mug_1)",
            "(IsGraspable IceCream_1)",
            "(In LongCup_2 Fridge)",
            "(IsGraspable CanadaDry_1)",
            "(IsGraspable LongCup_1)",
            "(On IceCream_1 StoveFire_1)",
            "(IsGraspable EnergyDrink_1)",
            "(On Kettle StoveFire_2)",
            "(IsGraspable Ramen_1)",
            "(On Syrup_1 StoveFire_2)",
            "(In EnergyDrink_1 Fridge)",
            "(IsSqueezeable Syrup_1)",
            "(IsGraspable Glass_1)",
            "(In Coke_1 Fridge)",
            "(IsGraspable Salt_1)",
            "(state Syrup_1 Vanilla)",
            "(IsGraspable InstantRamen_1)",
            "(state IceCream_1 ScoopsLeft)",
            "(IsGraspable Kettle)",
            "(IsGraspable Coke_1)",
            "(In CanadaDry_1 Fridge)",
            "(IsGraspable Fork_1)",
            "(IsGraspable Syrup_1)",
            "(IsSqueezeable Syrup_2)",
            "(In InstantRamen_1 Fridge)",
            "(On Plate_2 StoveFire_4)",
            "(state Mug_1 Coffee)",
            "(IsGraspable Plate_1)",
            "(IsGraspable Spoon_1)"
      ],
      "final_state": [
            "(IsGraspable LongCup_2)",
            "(state Plate_2 Egg)",
            "(state Syrup_2 Chocolate)",
            "(IsGraspable BoiledEgg_1)",
            "(IsGraspable Syrup_2)",
            "(Grasping Robot Plate_2)",
            "(Near Robot Fridge)",
            "(On Salt_1 StoveFire_2)",
            "(IsGraspable Plate_2)",
            "(In BoiledEgg_1 Fridge)",
            "(IsGraspable Mug_1)",
            "(IsGraspable IceCream_1)",
            "(In LongCup_2 Fridge)",
            "(IsGraspable CanadaDry_1)",
            "(IsGraspable LongCup_1)",
            "(On IceCream_1 StoveFire_1)",
            "(IsGraspable EnergyDrink_1)",
            "(On Kettle StoveFire_2)",
            "(In BoiledEgg_1 Plate_2)",
            "(IsGraspable Ramen_1)",
            "(On Syrup_1 StoveFire_2)",
            "(In EnergyDrink_1 Fridge)",
            "(IsSqueezeable Syrup_1)",
            "(IsGraspable Glass_1)",
            "(In Coke_1 Fridge)",
            "(IsGraspable Salt_1)",
            "(state Syrup_1 Vanilla)",
            "(IsGraspable InstantRamen_1)",
            "(state IceCream_1 ScoopsLeft)",
            "(IsGraspable Kettle)",
            "(IsGraspable Coke_1)",
            "(In CanadaDry_1 Fridge)",
            "(IsGraspable Fork_1)",
            "(IsGraspable Syrup_1)",
            "(IsSqueezeable Syrup_2)",
            "(In InstantRamen_1 Fridge)",
            "(On Plate_2 StoveFire_4)",
            "(state Mug_1 Coffee)",
            "(IsGraspable Plate_1)",
            "(IsGraspable Spoon_1)"
      ],
      "action_seq": [
            "moveto(fridge)",
            "open(fridgeleftdoor)",
            "open(fridgerightdoor)",
            "moveto(boiledegg_1)",
            "grasp(boiledegg_1)",
            "close(fridgeleftdoor)",
            "close(fridgerightdoor)",
            "moveto(plate_2)",
            "grasp(plate_2)",
            "add(boiledegg_1 plate_2)"
      ],
      "delta_g": [
            "(Near Robot Fridge)",
            "(Grasping Robot Plate_2)",
            "(state Plate_2 Egg)",
            "(In BoiledEgg_1 Plate_2)"
      ],
      "delta_g_inv": [
            "(On Plate_2 StoveFire_4)",
            "(In BoiledEgg_1 Fridge)"
      ]
}