{
      "file_name": "428.pkl",
      "sent": "go get me a bowl of chicken ramen .",
      "initial_state": [
            "(IsGraspable LongCup_2)",
            "(state Syrup_2 Chocolate)",
            "(IsGraspable BoiledEgg_1)",
            "(IsGraspable Syrup_2)",
            "(On Syrup_1 StoveFire_4)",
            "(IsGraspable Plate_2)",
            "(In BoiledEgg_1 Fridge)",
            "(IsGraspable Mug_1)",
            "(IsGraspable IceCream_1)",
            "(On Plate_1 StoveFire_2)",
            "(IsGraspable CanadaDry_1)",
            "(IsGraspable LongCup_1)",
            "(On Ramen_1 StoveFire_3)",
            "(IsGraspable EnergyDrink_1)",
            "(IsGraspable Ramen_1)",
            "(In EnergyDrink_1 Fridge)",
            "(IsSqueezeable Syrup_1)",
            "(IsGraspable Glass_1)",
            "(In Coke_1 Fridge)",
            "(IsGraspable Salt_1)",
            "(state Syrup_1 Vanilla)",
            "(On Spoon_1 StoveFire_4)",
            "(IsGraspable InstantRamen_1)",
            "(state IceCream_1 ScoopsLeft)",
            "(On Fork_1 StoveFire_2)",
            "(IsGraspable Kettle)",
            "(IsGraspable Coke_1)",
            "(In IceCream_1 Fridge)",
            "(In CanadaDry_1 Fridge)",
            "(On Plate_2 StoveFire_1)",
            "(IsGraspable Fork_1)",
            "(IsGraspable Syrup_1)",
            "(IsSqueezeable Syrup_2)",
            "(state Mug_1 Coffee)",
            "(On Salt_1 StoveFire_3)",
            "(On LongCup_2 StoveFire_3)",
            "(IsGraspable Plate_1)",
            "(IsGraspable Spoon_1)"
      ],
      "final_state": [
            "(IsGraspable LongCup_2)",
            "(state Syrup_2 Chocolate)",
            "(IsGraspable BoiledEgg_1)",
            "(IsGraspable Syrup_2)",
            "(Near Robot Fridge)",
            "(On Syrup_1 StoveFire_4)",
            "(IsGraspable Plate_2)",
            "(In BoiledEgg_1 Fridge)",
            "(IsGraspable Mug_1)",
            "(IsGraspable IceCream_1)",
            "(On Plate_1 StoveFire_2)",
            "(IsGraspable CanadaDry_1)",
            "(Near Robot Sink)",
            "(IsGraspable LongCup_1)",
            "(On Ramen_1 StoveFire_3)",
            "(IsGraspable EnergyDrink_1)",
            "(state Microwave DoorIsOpen)",
            "(IsGraspable Ramen_1)",
            "(In EnergyDrink_1 Fridge)",
            "(IsSqueezeable Syrup_1)",
            "(IsGraspable Glass_1)",
            "(In Coke_1 Fridge)",
            "(IsGraspable Salt_1)",
            "(state Syrup_1 Vanilla)",
            "(On Spoon_1 StoveFire_4)",
            "(IsGraspable InstantRamen_1)",
            "(state IceCream_1 ScoopsLeft)",
            "(On Fork_1 StoveFire_2)",
            "(IsGraspable Kettle)",
            "(IsGraspable Coke_1)",
            "(In IceCream_1 Fridge)",
            "(Near Robot StoveFire_1)",
            "(In CanadaDry_1 Fridge)",
            "(On Plate_2 StoveFire_1)",
            "(IsGraspable Fork_1)",
            "(IsGraspable Syrup_1)",
            "(IsSqueezeable Syrup_2)",
            "(state Mug_1 Coffee)",
            "(On Salt_1 StoveFire_3)",
            "(state InstantRamen_1 Water)",
            "(Near Robot Microwave)",
            "(On LongCup_2 StoveFire_3)",
            "(Grasping Robot InstantRamen_1)",
            "(IsGraspable Plate_1)",
            "(IsGraspable Spoon_1)"
      ],
      "action_seq": [
            "moveto(instantramen_1)",
            "grasp(instantramen_1)",
            "moveto(sink)",
            "turn(sinkknob)",
            "keep(instantramen_1 on sink)",
            "moveto(instantramen_1)",
            "grasp(instantramen_1)",
            "moveto(stovefire_1)",
            "keep(instantramen_1 on stovefire_1)",
            "moveto(instantramen_1)",
            "grasp(instantramen_1)",
            "turn(sinkknob)",
            "moveto(microwave)",
            "open(microwave)",
            "keep(instantramen_1 in microwave)",
            "close(microwave)",
            "press(microwavebutton)",
            "moveto(fridge)",
            "open(fridgerightdoor)",
            "close(fridgerightdoor)",
            "press(microwavebutton)",
            "open(microwave)",
            "moveto(instantramen_1)",
            "grasp(instantramen_1)"
      ],
      "delta_g": [
            "(Near Robot Sink)",
            "(state InstantRamen_1 Water)",
            "(Near Robot StoveFire_1)",
            "(Near Robot Microwave)",
            "(Near Robot Fridge)",
            "(state Microwave DoorIsOpen)",
            "(Grasping Robot InstantRamen_1)"
      ],
      "delta_g_inv": []
}