{
      "file_name": "49.pkl",
      "sent": "and squirt two tablespoons on top",
      "initial_state": [
            "(IsGraspable LongCup_2)",
            "(state Syrup_2 Chocolate)",
            "(IsGraspable BoiledEgg_1)",
            "(IsGraspable Syrup_2)",
            "(Near Robot Fridge)",
            "(On Syrup_1 StoveFire_4)",
            "(IsGraspable Plate_2)",
            "(In BoiledEgg_1 Fridge)",
            "(IsGraspable Mug_1)",
            "(IsGraspable IceCream_1)",
            "(On Plate_1 StoveFire_2)",
            "(IsGraspable CanadaDry_1)",
            "(state Fridge LeftDoorIsOpen)",
            "(IsGraspable LongCup_1)",
            "(On Ramen_1 StoveFire_3)",
            "(IsGraspable EnergyDrink_1)",
            "(IsGraspable Ramen_1)",
            "(In EnergyDrink_1 Fridge)",
            "(IsSqueezeable Syrup_1)",
            "(IsGraspable Glass_1)",
            "(In Coke_1 Fridge)",
            "(IsGraspable Salt_1)",
            "(state Syrup_1 Vanilla)",
            "(state Glass_1 Coffee)",
            "(IsGraspable InstantRamen_1)",
            "(state IceCream_1 ScoopsLeft)",
            "(On Fork_1 StoveFire_2)",
            "(IsGraspable Kettle)",
            "(Grasping Robot Syrup_2)",
            "(IsGraspable Coke_1)",
            "(state Spoon_1 ScoopsLeft)",
            "(In CanadaDry_1 Fridge)",
            "(On Plate_2 StoveFire_1)",
            "(IsGraspable Fork_1)",
            "(IsGraspable Syrup_1)",
            "(IsSqueezeable Syrup_2)",
            "(state Mug_1 Coffee)",
            "(On Salt_1 StoveFire_3)",
            "(Near Robot Microwave)",
            "(Grasping Robot Glass_1)",
            "(On LongCup_2 StoveFire_3)",
            "(IsGraspable Plate_1)",
            "(IsGraspable Spoon_1)"
      ],
      "final_state": [
            "(IsGraspable LongCup_2)",
            "(state Syrup_2 Chocolate)",
            "(IsGraspable BoiledEgg_1)",
            "(IsGraspable Syrup_2)",
            "(Near Robot Fridge)",
            "(On Syrup_1 StoveFire_4)",
            "(IsGraspable Plate_2)",
            "(In BoiledEgg_1 Fridge)",
            "(IsGraspable Mug_1)",
            "(IsGraspable IceCream_1)",
            "(On Plate_1 StoveFire_2)",
            "(IsGraspable CanadaDry_1)",
            "(state Fridge LeftDoorIsOpen)",
            "(IsGraspable LongCup_1)",
            "(On Ramen_1 StoveFire_3)",
            "(IsGraspable EnergyDrink_1)",
            "(IsGraspable Ramen_1)",
            "(In EnergyDrink_1 Fridge)",
            "(IsSqueezeable Syrup_1)",
            "(IsGraspable Glass_1)",
            "(In Coke_1 Fridge)",
            "(IsGraspable Salt_1)",
            "(state Syrup_1 Vanilla)",
            "(state Glass_1 Coffee)",
            "(IsGraspable InstantRamen_1)",
            "(state IceCream_1 ScoopsLeft)",
            "(On Fork_1 StoveFire_2)",
            "(IsGraspable Kettle)",
            "(Grasping Robot Syrup_2)",
            "(IsGraspable Coke_1)",
            "(state Spoon_1 ScoopsLeft)",
            "(In CanadaDry_1 Fridge)",
            "(On Plate_2 StoveFire_1)",
            "(IsGraspable Fork_1)",
            "(IsGraspable Syrup_1)",
            "(IsSqueezeable Syrup_2)",
            "(state Glass_1 Chocolate)",
            "(state Mug_1 Coffee)",
            "(On Salt_1 StoveFire_3)",
            "(Near Robot Microwave)",
            "(Grasping Robot Glass_1)",
            "(On LongCup_2 StoveFire_3)",
            "(IsGraspable Plate_1)",
            "(IsGraspable Spoon_1)"
      ],
      "action_seq": [
            "squeeze(syrup_2 glass_1)"
      ],
      "delta_g": [
            "(state Glass_1 Chocolate)"
      ],
      "delta_g_inv": []
}