{
      "file_name": "50.pkl",
      "sent": "",
      "initial_state": [
            "(IsGraspable LongCup_2)",
            "(state Syrup_2 Chocolate)",
            "(IsGraspable BoiledEgg_1)",
            "(IsGraspable Syrup_2)",
            "(IsGraspable Plate_2)",
            "(IsGraspable Mug_1)",
            "(IsGraspable IceCream_1)",
            "(In LongCup_2 Fridge)",
            "(IsGraspable CanadaDry_1)",
            "(Near Robot Sink)",
            "(IsGraspable LongCup_1)",
            "(IsGraspable EnergyDrink_1)",
            "(state Mug_1 Water)",
            "(In Spoon_1 Fridge)",
            "(IsGraspable Ramen_1)",
            "(In EnergyDrink_1 Fridge)",
            "(IsSqueezeable Syrup_1)",
            "(IsGraspable Glass_1)",
            "(In Coke_1 Fridge)",
            "(IsGraspable Salt_1)",
            "(state Syrup_1 Vanilla)",
            "(IsGraspable InstantRamen_1)",
            "(state IceCream_1 ScoopsLeft)",
            "(On LongCup_1 StoveFire_3)",
            "(IsGraspable Kettle)",
            "(IsGraspable Coke_1)",
            "(In IceCream_1 Fridge)",
            "(In CanadaDry_1 Fridge)",
            "(IsGraspable Fork_1)",
            "(IsGraspable Syrup_1)",
            "(IsSqueezeable Syrup_2)",
            "(On Plate_2 StoveFire_4)",
            "(state Mug_1 Coffee)",
            "(On Salt_1 StoveFire_3)",
            "(Near Robot Microwave)",
            "(IsGraspable Plate_1)",
            "(On Mug_1 Sink)",
            "(IsGraspable Spoon_1)"
      ],
      "final_state": [
            "(IsGraspable LongCup_2)",
            "(state Syrup_2 Chocolate)",
            "(IsGraspable BoiledEgg_1)",
            "(IsGraspable Syrup_2)",
            "(IsGraspable Plate_2)",
            "(IsGraspable Mug_1)",
            "(IsGraspable IceCream_1)",
            "(In LongCup_2 Fridge)",
            "(IsGraspable CanadaDry_1)",
            "(Near Robot Sink)",
            "(IsGraspable LongCup_1)",
            "(IsGraspable EnergyDrink_1)",
            "(state Mug_1 Water)",
            "(In Spoon_1 Fridge)",
            "(state Microwave DoorIsOpen)",
            "(IsGraspable Ramen_1)",
            "(In EnergyDrink_1 Fridge)",
            "(IsSqueezeable Syrup_1)",
            "(IsGraspable Glass_1)",
            "(In Coke_1 Fridge)",
            "(IsGraspable Salt_1)",
            "(state Syrup_1 Vanilla)",
            "(IsGraspable InstantRamen_1)",
            "(state IceCream_1 ScoopsLeft)",
            "(On LongCup_1 StoveFire_3)",
            "(IsGraspable Kettle)",
            "(IsGraspable Coke_1)",
            "(In IceCream_1 Fridge)",
            "(In CanadaDry_1 Fridge)",
            "(IsGraspable Fork_1)",
            "(IsGraspable Syrup_1)",
            "(IsSqueezeable Syrup_2)",
            "(On Plate_2 StoveFire_4)",
            "(In Mug_1 Microwave)",
            "(state Mug_1 Coffee)",
            "(On Salt_1 StoveFire_3)",
            "(Near Robot Microwave)",
            "(IsGraspable Plate_1)",
            "(On Mug_1 Sink)",
            "(IsGraspable Spoon_1)"
      ],
      "action_seq": [
            "moveto(mug_1)",
            "grasp(mug_1)",
            "keep(mug_1 in microwave)",
            "open(microwave)"
      ],
      "delta_g": [
            "(In Mug_1 Microwave)",
            "(state Microwave DoorIsOpen)"
      ],
      "delta_g_inv": [
            "(On Mug_1 Sink)"
      ]
}