{
      "file_name": "63.pkl",
      "sent": ". put the garbage bag into the garbage bin",
      "initial_state": [
            "(IsGraspable Book_2)",
            "(IsGraspable Pillow_1)",
            "(On Bowl_1 Loveseat_1)",
            "(IsGraspable BagOfChips_1)",
            "(On Pillow_1 Loveseat_1)",
            "(IsGraspable Book_1)",
            "(On Beer_1 GarbageBin_1)",
            "(Near Robot GarbageBin_1)",
            "(On Cd_1 Shelf_2)",
            "(On Coke_1 GarbageBin_1)",
            "(On Xbox_1 Shelf_1)",
            "(IsGraspable Tv_1Remote_1)",
            "(In GarbageBag_1 GarbageBag_1)",
            "(IsGraspable Beer_1)",
            "(state Tv_1 IsOn)",
            "(IsGraspable Pillow_3)",
            "(IsGraspable GarbageBag_1)",
            "(IsGraspable Xbox_1)",
            "(IsGraspable Bowl_1)",
            "(IsGraspable GarbageBin_1)",
            "(state Tv_1 Channel3)",
            "(IsGraspable Cd_1)",
            "(On Pillow_2 Loveseat_1)",
            "(state Cd_1 CD)",
            "(state BagOfChips_1 HasChips)",
            "(On XboxController_1 SnackTable_1)",
            "(IsGraspable Pillow_2)",
            "(state Tv_1 Volume)",
            "(IsGraspable XboxController_1)",
            "(state BagOfChips_1 IsOpen)",
            "(IsGraspable Coke_1)",
            "(On Tv_1Remote_1 Armchair_2)",
            "(On Book_2 Shelf_1)",
            "(IsGraspable Cd_2)",
            "(On GarbageBin_1 GarbageBin_1)",
            "(On Cd_2 SnackTable_1)",
            "(state Cd_2 CD)",
            "(state Bowl_1 HasChips)",
            "(On Pillow_3 Armchair_1)"
      ],
      "final_state": [
            "(IsGraspable Book_2)",
            "(IsGraspable Pillow_1)",
            "(On Bowl_1 Loveseat_1)",
            "(IsGraspable BagOfChips_1)",
            "(On Pillow_1 Loveseat_1)",
            "(IsGraspable Book_1)",
            "(On Beer_1 GarbageBin_1)",
            "(Near Robot GarbageBin_1)",
            "(On Cd_1 Shelf_2)",
            "(On Coke_1 GarbageBin_1)",
            "(On Xbox_1 Shelf_1)",
            "(IsGraspable Tv_1Remote_1)",
            "(In GarbageBag_1 GarbageBag_1)",
            "(IsGraspable Beer_1)",
            "(state Tv_1 IsOn)",
            "(IsGraspable Pillow_3)",
            "(IsGraspable GarbageBag_1)",
            "(IsGraspable Xbox_1)",
            "(IsGraspable Bowl_1)",
            "(IsGraspable GarbageBin_1)",
            "(state Tv_1 Channel3)",
            "(IsGraspable Cd_1)",
            "(On GarbageBag_1 GarbageBin_1)",
            "(On Pillow_2 Loveseat_1)",
            "(state Cd_1 CD)",
            "(state BagOfChips_1 HasChips)",
            "(On XboxController_1 SnackTable_1)",
            "(IsGraspable Pillow_2)",
            "(state Tv_1 Volume)",
            "(IsGraspable XboxController_1)",
            "(state BagOfChips_1 IsOpen)",
            "(IsGraspable Coke_1)",
            "(On Tv_1Remote_1 Armchair_2)",
            "(On Book_2 Shelf_1)",
            "(IsGraspable Cd_2)",
            "(On GarbageBin_1 GarbageBin_1)",
            "(On Cd_2 SnackTable_1)",
            "(state Cd_2 CD)",
            "(state Bowl_1 HasChips)",
            "(On Pillow_3 Armchair_1)"
      ],
      "action_seq": [
            "moveto(garbagebag_1)",
            "grasp(garbagebag_1)",
            "keep(garbagebag_1 on garbagebin_1)"
      ],
      "delta_g": [
            "(On GarbageBag_1 GarbageBin_1)"
      ],
      "delta_g_inv": []
}