{
      "file_name": "82.pkl",
      "sent": ". take out food from the refrigerator,",
      "initial_state": [
            "(IsGraspable LongCup_2)",
            "(state Syrup_2 Chocolate)",
            "(IsGraspable BoiledEgg_1)",
            "(IsGraspable Syrup_2)",
            "(Near Robot Fridge)",
            "(On Salt_1 StoveFire_2)",
            "(IsGraspable Plate_2)",
            "(In BoiledEgg_1 Fridge)",
            "(IsGraspable Mug_1)",
            "(IsGraspable IceCream_1)",
            "(In LongCup_2 Fridge)",
            "(IsGraspable CanadaDry_1)",
            "(IsGraspable LongCup_1)",
            "(On IceCream_1 StoveFire_1)",
            "(IsGraspable EnergyDrink_1)",
            "(state Mug_1 Water)",
            "(On Kettle StoveFire_2)",
            "(IsGraspable Ramen_1)",
            "(On Syrup_1 StoveFire_2)",
            "(In EnergyDrink_1 Fridge)",
            "(IsSqueezeable Syrup_1)",
            "(IsGraspable Glass_1)",
            "(In Coke_1 Fridge)",
            "(IsGraspable Salt_1)",
            "(state Fridge WaterDispenserIsOpen)",
            "(state Syrup_1 Vanilla)",
            "(IsGraspable InstantRamen_1)",
            "(state IceCream_1 ScoopsLeft)",
            "(IsGraspable Kettle)",
            "(IsGraspable Coke_1)",
            "(In CanadaDry_1 Fridge)",
            "(IsGraspable Fork_1)",
            "(IsGraspable Syrup_1)",
            "(IsSqueezeable Syrup_2)",
            "(In InstantRamen_1 Fridge)",
            "(On Plate_2 StoveFire_4)",
            "(IsGraspable Plate_1)",
            "(IsGraspable Spoon_1)"
      ],
      "final_state": [
            "(IsGraspable LongCup_2)",
            "(state Syrup_2 Chocolate)",
            "(IsGraspable BoiledEgg_1)",
            "(IsGraspable Syrup_2)",
            "(Near Robot Fridge)",
            "(On Salt_1 StoveFire_2)",
            "(IsGraspable Plate_2)",
            "(In BoiledEgg_1 Fridge)",
            "(IsGraspable Mug_1)",
            "(IsGraspable IceCream_1)",
            "(In LongCup_2 Fridge)",
            "(IsGraspable CanadaDry_1)",
            "(IsGraspable LongCup_1)",
            "(On IceCream_1 StoveFire_1)",
            "(IsGraspable EnergyDrink_1)",
            "(state Mug_1 Water)",
            "(On Kettle StoveFire_2)",
            "(IsGraspable Ramen_1)",
            "(On Syrup_1 StoveFire_2)",
            "(In EnergyDrink_1 Fridge)",
            "(IsSqueezeable Syrup_1)",
            "(IsGraspable Glass_1)",
            "(In Coke_1 Fridge)",
            "(IsGraspable Salt_1)",
            "(state Fridge WaterDispenserIsOpen)",
            "(state Syrup_1 Vanilla)",
            "(IsGraspable InstantRamen_1)",
            "(Grasping Robot BoiledEgg_1)",
            "(state IceCream_1 ScoopsLeft)",
            "(IsGraspable Kettle)",
            "(IsGraspable Coke_1)",
            "(In CanadaDry_1 Fridge)",
            "(IsGraspable Fork_1)",
            "(IsGraspable Syrup_1)",
            "(IsSqueezeable Syrup_2)",
            "(In InstantRamen_1 Fridge)",
            "(On Plate_2 StoveFire_4)",
            "(IsGraspable Plate_1)",
            "(IsGraspable Spoon_1)"
      ],
      "action_seq": [
            "open(fridgerightdoor)",
            "moveto(boiledegg_1)",
            "grasp(boiledegg_1)",
            "open(fridgeleftdoor)",
            "close(fridgeleftdoor)",
            "close(fridgerightdoor)"
      ],
      "delta_g": [
            "(Grasping Robot BoiledEgg_1)"
      ],
      "delta_g_inv": [
            "(In BoiledEgg_1 Fridge)",
            "(state Fridge WaterDispenserIsOpen)"
      ]
}