{
      "file_name": "92.pkl",
      "sent": ". place bowl on the stove . boil water",
      "initial_state": [
            "(IsGraspable LongCup_2)",
            "(state Syrup_2 Chocolate)",
            "(IsGraspable BoiledEgg_1)",
            "(IsGraspable Syrup_2)",
            "(On Mug_1 StoveFire_2)",
            "(Near Robot Fridge)",
            "(IsGraspable Plate_2)",
            "(state LongCup_2 Water)",
            "(IsGraspable Mug_1)",
            "(IsGraspable IceCream_1)",
            "(Grasping Robot Kettle)",
            "(IsGraspable CanadaDry_1)",
            "(IsGraspable LongCup_1)",
            "(IsGraspable EnergyDrink_1)",
            "(In Spoon_1 Fridge)",
            "(state Kettle Water)",
            "(IsGraspable Ramen_1)",
            "(Grasping Robot LongCup_2)",
            "(In EnergyDrink_1 Fridge)",
            "(IsSqueezeable Syrup_1)",
            "(IsGraspable Glass_1)",
            "(In Coke_1 Fridge)",
            "(IsGraspable Salt_1)",
            "(state Fridge WaterDispenserIsOpen)",
            "(state Syrup_1 Vanilla)",
            "(IsGraspable InstantRamen_1)",
            "(state IceCream_1 ScoopsLeft)",
            "(On LongCup_1 StoveFire_3)",
            "(IsGraspable Kettle)",
            "(IsGraspable Coke_1)",
            "(In IceCream_1 Fridge)",
            "(In CanadaDry_1 Fridge)",
            "(IsGraspable Fork_1)",
            "(IsGraspable Syrup_1)",
            "(IsSqueezeable Syrup_2)",
            "(On Plate_2 StoveFire_4)",
            "(state Mug_1 Coffee)",
            "(On Salt_1 StoveFire_3)",
            "(IsGraspable Plate_1)",
            "(IsGraspable Spoon_1)"
      ],
      "final_state": [
            "(IsGraspable LongCup_2)",
            "(state Syrup_2 Chocolate)",
            "(IsGraspable BoiledEgg_1)",
            "(IsGraspable Syrup_2)",
            "(On Mug_1 StoveFire_2)",
            "(state Stove StoveFire4)",
            "(Near Robot Fridge)",
            "(IsGraspable Plate_2)",
            "(state LongCup_2 Water)",
            "(IsGraspable Mug_1)",
            "(IsGraspable IceCream_1)",
            "(Grasping Robot Kettle)",
            "(IsGraspable CanadaDry_1)",
            "(IsGraspable LongCup_1)",
            "(IsGraspable EnergyDrink_1)",
            "(On Kettle StoveFire_3)",
            "(In Spoon_1 Fridge)",
            "(Near Robot Stove)",
            "(state Kettle Water)",
            "(IsGraspable Ramen_1)",
            "(Grasping Robot LongCup_2)",
            "(In EnergyDrink_1 Fridge)",
            "(IsSqueezeable Syrup_1)",
            "(IsGraspable Glass_1)",
            "(In Coke_1 Fridge)",
            "(IsGraspable Salt_1)",
            "(state Fridge WaterDispenserIsOpen)",
            "(state Syrup_1 Vanilla)",
            "(IsGraspable InstantRamen_1)",
            "(state IceCream_1 ScoopsLeft)",
            "(On LongCup_1 StoveFire_3)",
            "(IsGraspable Kettle)",
            "(IsGraspable Coke_1)",
            "(In IceCream_1 Fridge)",
            "(In CanadaDry_1 Fridge)",
            "(IsGraspable Fork_1)",
            "(IsGraspable Syrup_1)",
            "(IsSqueezeable Syrup_2)",
            "(On Plate_2 StoveFire_4)",
            "(state Mug_1 Coffee)",
            "(On Salt_1 StoveFire_3)",
            "(IsGraspable Plate_1)",
            "(Near Robot StoveFire_3)",
            "(IsGraspable Spoon_1)"
      ],
      "action_seq": [
            "moveto(stove)",
            "moveto(stovefire_3)",
            "keep(kettle on stovefire_3)",
            "turn(stoveknob_4)"
      ],
      "delta_g": [
            "(Near Robot Stove)",
            "(Near Robot StoveFire_3)",
            "(On Kettle StoveFire_3)",
            "(state Stove StoveFire4)"
      ],
      "delta_g_inv": [
            "(Grasping Robot Kettle)"
      ]
}