{
      "file_name": "98.pkl",
      "sent": "and put the bowl on the table",
      "initial_state": [
            "(IsGraspable Book_2)",
            "(IsGraspable Pillow_1)",
            "(Near Robot CoffeeTable_1)",
            "(On Beer_1 Loveseat_1)",
            "(On Pillow_1 Shelf_1)",
            "(IsGraspable BagOfChips_1)",
            "(In Cd_2 Xbox_1)",
            "(IsGraspable Book_1)",
            "(Grasping Robot BagOfChips_1)",
            "(On XboxController_1 CoffeeTable_1)",
            "(On Book_2 Armchair_2)",
            "(On Coke_1 Loveseat_1)",
            "(IsGraspable Tv_1Remote_1)",
            "(state Xbox_1 CD)",
            "(In GarbageBag_1 GarbageBag_1)",
            "(On Book_1 Armchair_2)",
            "(IsGraspable Beer_1)",
            "(state Tv_1 IsOn)",
            "(IsGraspable Pillow_3)",
            "(IsGraspable GarbageBag_1)",
            "(IsGraspable Xbox_1)",
            "(state Tv_1 Channel1)",
            "(IsGraspable Bowl_1)",
            "(IsGraspable GarbageBin_1)",
            "(IsGraspable Cd_1)",
            "(On Pillow_2 Shelf_1)",
            "(On Tv_1Remote_1 Loveseat_1)",
            "(state Cd_1 CD)",
            "(state BagOfChips_1 HasChips)",
            "(On Cd_1 Loveseat_2)",
            "(IsGraspable Pillow_2)",
            "(state Tv_1 Volume)",
            "(IsGraspable XboxController_1)",
            "(state BagOfChips_1 IsOpen)",
            "(On Pillow_3 Shelf_1)",
            "(On Xbox_1 CoffeeTable_1)",
            "(IsGraspable Coke_1)",
            "(IsGraspable Cd_2)",
            "(Grasping Robot Bowl_1)",
            "(On GarbageBin_1 GarbageBin_1)",
            "(state Cd_2 CD)",
            "(state Bowl_1 HasChips)"
      ],
      "final_state": [
            "(IsGraspable Book_2)",
            "(IsGraspable Pillow_1)",
            "(Near Robot CoffeeTable_1)",
            "(On Beer_1 Loveseat_1)",
            "(On Pillow_1 Shelf_1)",
            "(IsGraspable BagOfChips_1)",
            "(In Cd_2 Xbox_1)",
            "(IsGraspable Book_1)",
            "(Grasping Robot BagOfChips_1)",
            "(On XboxController_1 CoffeeTable_1)",
            "(On Book_2 Armchair_2)",
            "(On Coke_1 Loveseat_1)",
            "(IsGraspable Tv_1Remote_1)",
            "(state Xbox_1 CD)",
            "(In GarbageBag_1 GarbageBag_1)",
            "(On Book_1 Armchair_2)",
            "(IsGraspable Beer_1)",
            "(state Tv_1 IsOn)",
            "(IsGraspable Pillow_3)",
            "(IsGraspable GarbageBag_1)",
            "(IsGraspable Xbox_1)",
            "(state Tv_1 Channel1)",
            "(IsGraspable Bowl_1)",
            "(IsGraspable GarbageBin_1)",
            "(IsGraspable Cd_1)",
            "(On Pillow_2 Shelf_1)",
            "(On Tv_1Remote_1 Loveseat_1)",
            "(state Cd_1 CD)",
            "(state BagOfChips_1 HasChips)",
            "(On Cd_1 Loveseat_2)",
            "(IsGraspable Pillow_2)",
            "(state Tv_1 Volume)",
            "(IsGraspable XboxController_1)",
            "(state BagOfChips_1 IsOpen)",
            "(On Pillow_3 Shelf_1)",
            "(On Xbox_1 CoffeeTable_1)",
            "(On Bowl_1 CoffeeTable_1)",
            "(IsGraspable Coke_1)",
            "(IsGraspable Cd_2)",
            "(Grasping Robot Bowl_1)",
            "(On GarbageBin_1 GarbageBin_1)",
            "(state Cd_2 CD)",
            "(state Bowl_1 HasChips)"
      ],
      "action_seq": [
            "keep(bowl_1 on coffeetable_1)"
      ],
      "delta_g": [
            "(On Bowl_1 CoffeeTable_1)"
      ],
      "delta_g_inv": [
            "(Grasping Robot Bowl_1)"
      ]
}