{
      "file_name": "99.pkl",
      "sent": ". place two scoops of ice cream into the mug . take the coffee",
      "initial_state": [
            "(IsGraspable LongCup_2)",
            "(state Syrup_2 Chocolate)",
            "(IsGraspable BoiledEgg_1)",
            "(IsGraspable Syrup_2)",
            "(IsGraspable Plate_2)",
            "(In BoiledEgg_1 Fridge)",
            "(IsGraspable Mug_1)",
            "(IsGraspable IceCream_1)",
            "(IsGraspable CanadaDry_1)",
            "(IsGraspable LongCup_1)",
            "(On Glass_1 StoveFire_2)",
            "(IsGraspable EnergyDrink_1)",
            "(In Syrup_1 Fridge)",
            "(IsGraspable Ramen_1)",
            "(state Kettle Coffee)",
            "(In EnergyDrink_1 Fridge)",
            "(IsSqueezeable Syrup_1)",
            "(IsGraspable Glass_1)",
            "(In Coke_1 Fridge)",
            "(IsGraspable Salt_1)",
            "(state Syrup_1 Vanilla)",
            "(IsGraspable InstantRamen_1)",
            "(state IceCream_1 ScoopsLeft)",
            "(IsGraspable Kettle)",
            "(IsGraspable Coke_1)",
            "(In IceCream_1 Fridge)",
            "(IsGraspable Fork_1)",
            "(IsGraspable Syrup_1)",
            "(On InstantRamen_1 StoveFire_2)",
            "(IsSqueezeable Syrup_2)",
            "(On LongCup_2 StoveFire_4)",
            "(On Plate_2 StoveFire_4)",
            "(state Mug_1 Coffee)",
            "(Near Robot Microwave)",
            "(IsGraspable Plate_1)",
            "(IsGraspable Spoon_1)"
      ],
      "final_state": [
            "(IsGraspable LongCup_2)",
            "(state Syrup_2 Chocolate)",
            "(IsGraspable BoiledEgg_1)",
            "(IsGraspable Syrup_2)",
            "(Near Robot Fridge)",
            "(IsGraspable Plate_2)",
            "(In BoiledEgg_1 Fridge)",
            "(IsGraspable Mug_1)",
            "(IsGraspable IceCream_1)",
            "(IsGraspable CanadaDry_1)",
            "(IsGraspable LongCup_1)",
            "(On Glass_1 StoveFire_2)",
            "(state Mug_1 IceCream)",
            "(IsGraspable EnergyDrink_1)",
            "(In Syrup_1 Fridge)",
            "(Grasping Robot Spoon_1)",
            "(IsGraspable Ramen_1)",
            "(state Kettle Coffee)",
            "(In EnergyDrink_1 Fridge)",
            "(IsSqueezeable Syrup_1)",
            "(Grasping Robot IceCream_1)",
            "(IsGraspable Glass_1)",
            "(In Coke_1 Fridge)",
            "(IsGraspable Salt_1)",
            "(state Syrup_1 Vanilla)",
            "(IsGraspable InstantRamen_1)",
            "(state IceCream_1 ScoopsLeft)",
            "(IsGraspable Kettle)",
            "(IsGraspable Coke_1)",
            "(In IceCream_1 Fridge)",
            "(IsGraspable Fork_1)",
            "(IsGraspable Syrup_1)",
            "(On InstantRamen_1 StoveFire_2)",
            "(IsSqueezeable Syrup_2)",
            "(On LongCup_2 StoveFire_4)",
            "(Grasping Robot Mug_1)",
            "(On Plate_2 StoveFire_4)",
            "(state Mug_1 Coffee)",
            "(Near Robot Microwave)",
            "(IsGraspable Plate_1)",
            "(IsGraspable Spoon_1)"
      ],
      "action_seq": [
            "moveto(fridge)",
            "open(fridgeleftdoor)",
            "moveto(spoon_1)",
            "grasp(spoon_1)",
            "moveto(icecream_1)",
            "grasp(icecream_1)",
            "scoop(spoon_1 icecream_1)",
            "release(icecream_1)",
            "close(fridgeleftdoor)",
            "moveto(mug_1)",
            "grasp(mug_1)",
            "add(icecreamscoop mug_1)",
            "moveto(icecream_1)",
            "grasp(icecream_1)",
            "scoop(spoon_1 icecream_1)",
            "add(icecreamscoop mug_1)"
      ],
      "delta_g": [
            "(Near Robot Fridge)",
            "(Grasping Robot Spoon_1)",
            "(Grasping Robot Mug_1)",
            "(state Mug_1 IceCream)",
            "(Grasping Robot IceCream_1)",
            "(state Mug_1 IceCream)"
      ],
      "delta_g_inv": [
            "(In IceCream_1 Fridge)"
      ]
}